particle,mean_vx_px_per_frame,mean_vy_px_per_frame,mean_speed_px_per_frame,n_steps,rms_residual_speed_px_per_frame,mean_vx_px_per_s,mean_vy_px_per_s,mean_speed_px_per_s,mean_vx_um_per_s,mean_vy_um_per_s,mean_speed_um_per_s,rms_residual_speed_px_per_s,rms_residual_speed_um_per_s,D_m2_per_s,k_B_est_J_per_K,k_B_ratio_to_accepted
0,-3.5520200108126526e-05,-7.474395698174365e-05,0.0717527919523003,1463,0.1258208355927072,-0.0012333323881543693,-0.0025952596743201027,2.4914004421677713,-0.0003083330970385923,-0.0006488149185800257,0.6228501105419428,4.36875105344998,1.092187763362495,,,
1,-0.002016623788335062,0.001456372158428369,0.7822521175824384,685,1.0539531191365252,-0.07002121117857003,0.05056815408494983,27.161358026697428,-0.01750530279464251,0.012642038521237457,6.790339506674357,36.59536020265843,9.148840050664608,,,
2,0.1638609782961334,0.07441024731209361,0.7870914737505794,115,0.9331687294254213,5.6895808883983445,2.5836726071705147,27.32939015156762,1.4223952220995861,0.6459181517926287,6.832347537891905,32.40148462310948,8.10037115577737,,,
3,0.010245747958451276,0.06120531174166371,0.6189623969864332,370,0.7126789023090101,0.3557528606133452,2.1251708342940474,21.491612348162935,0.0889382151533363,0.5312927085735119,5.372903087040734,24.74563684597345,6.186409211493363,,,
4,0.00047815291909095083,0.0003916049560968969,0.3854858432317722,1056,0.4784092385917626,0.016602425656675995,0.013597307285596454,13.384839448693596,0.004150606414168999,0.0033993268213991135,3.346209862173399,16.61132558238318,4.152831395595795,,,
6,-1.927362734081045e-05,6.49346948330618e-05,0.6403990326834111,1463,0.8322781479931806,-0.0006692188885276205,0.002254662473993572,22.235935212833404,-0.00016730472213190512,0.000563665618498393,5.558983803208351,28.898361854619218,7.224590463654804,,,
8,0.011704032288246211,-0.004334706770431648,0.43393572393720464,371,0.6181294742907053,0.40638740911248494,-0.15050968848292767,15.06711620654762,0.10159685227812124,-0.03762742212073192,3.766779051636905,21.46269160632187,5.365672901580467,,,
9,-0.14967278933941575,0.06500531865332033,2.8839841622106617,35,3.2887955591981934,-5.196938591443193,2.2571146742805888,100.1376980802786,-1.2992346478607983,0.5642786685701472,25.03442452006965,114.19355940647968,28.54838985161992,,,
10,0.18997712448935505,0.19343513155717865,0.7588062461722652,173,0.8608119778139087,6.596385716519387,6.716454637928357,26.347270479593394,1.6490964291298467,1.6791136594820892,6.586817619898349,29.88911349365454,7.472278373413635,,,
12,0.00047117429364635586,0.00016242313878757445,0.41521921426010044,1081,0.5285356663505931,0.01636011382398877,0.00563965622498216,14.417241557539208,0.004090028455997192,0.00140991405624554,3.604310389384802,18.351815407025295,4.587953851756324,,,
13,0.012300975869956087,0.012579160167142563,0.48278502699395737,1463,0.5723729284892047,0.42711448415661524,0.43677359932352405,16.763261707284187,0.10677862103915381,0.10919339983088101,4.190815426821047,19.873932823002168,4.968483205750542,,,
14,0.04041038082780601,0.04495520997856105,0.6283606034168941,283,0.7369499316031572,1.4031292431030802,1.5609348008755968,21.8179368718414,0.35078231077577005,0.3902337002188992,5.45448421796035,25.588375525124828,6.397093881281207,,,
16,0.013860672245482712,0.0018482728828603402,0.505085321605776,39,0.6176478141030314,0.48127026170765075,0.06417573103867673,17.537572536795757,0.12031756542691269,0.016043932759669182,4.384393134198939,21.445967401285458,5.361491850321364,,,
17,-0.001142822161899852,0.006121075213255071,0.19649820157396033,159,0.3323966858941299,-0.03968107110548666,0.21253597355464257,6.822810555051051,-0.009920267776371665,0.05313399338866064,1.7057026387627627,11.541477727615979,2.8853694319039946,,,
18,0.0003919436545229445,-0.0005997430779515557,0.16572592016180931,321,0.2179747757188312,0.013609067572345679,-0.020824279152633917,5.754335399858343,0.0034022668930864196,-0.005206069788158479,1.4385838499645858,7.568520162509257,1.8921300406273143,,,
20,0.034447827426978016,0.08693302641859349,0.8085737275462788,54,1.1965831335844872,1.1960974639195308,3.0184885433064035,28.07529696786189,0.2990243659798827,0.7546221358266009,7.018824241965473,41.547759564320565,10.386939891080141,,,
21,0.10443053520597746,0.09468537496800877,0.5544973679004519,52,0.6315498972364597,3.6260370434219498,3.2876655896392006,19.25325760823949,0.9065092608554874,0.8219163974098002,4.813314402059873,21.928675531844355,5.482168882961089,,,
22,0.0009373472978152428,0.0002625670675281899,0.32394978796773494,1457,0.40855667184836075,0.03254657287474086,0.00911685371871381,11.248184537815693,0.008136643218685215,0.0022792134296784525,2.812046134453923,14.185904759918783,3.5464761899796957,,,
25,0.08178715266198253,0.07214997469688603,0.6311812731860296,500,0.7210160797751964,2.8398135147293573,2.505191421425277,21.91587616756532,0.7099533786823393,0.6262978553563192,5.47896904189133,25.035120321954373,6.258780080488593,,,
27,0.10766838878160997,0.097588111605963,0.5880022545761984,126,0.6511551683545094,3.738461795275062,3.388454411182247,20.41661428339476,0.9346154488187655,0.8471136027955618,5.10415357084869,22.609409755605274,5.652352438901318,,,
28,0.1536616424037344,0.0712585733763506,1.1482182181189753,28,1.4078443002575858,5.335439547542466,2.4742401847736453,39.86843296952706,1.3338598868856164,0.6185600461934113,9.967108242381766,48.88316979354389,12.220792448385973,,,
29,0.0711905279879642,0.055786657211981124,0.7498234752301852,182,0.8645811862328422,2.471877512798093,1.9370243117144086,26.03537070694249,0.6179693781995232,0.48425607792860215,6.508842676735623,30.019987948376748,7.504996987094187,,,
31,0.25984707560136094,0.21516432874654715,0.6510635345186149,21,0.7599740598580157,9.022410159030455,7.47093582273761,22.606228045555348,2.255602539757614,1.8677339556844026,5.651557011388837,26.38781930639002,6.596954826597505,,,
32,0.002506197073146469,-0.0003731800716714286,1.3126128426623929,1459,1.688349288616554,0.08702017477379169,-0.012957558448575345,45.57654312292361,0.021755043693447922,-0.003239389612143836,11.394135780730902,58.62286399934399,14.655715999835998,,,
33,-0.0032599138669568224,0.006638429414059111,0.8093241164991314,471,1.1472490903177068,-0.11319072928847479,0.23049954611496046,28.101351973082842,-0.028297682322118697,0.057624886528740114,7.0253379932707105,39.83478291401142,9.958695728502855,,,
34,-0.0001304471609537424,1.8200831267346405e-05,0.18003362646147247,1463,0.24763132636192073,-0.004529386322635843,0.0006319692632648019,6.2511275779952475,-0.0011323465806589608,0.00015799231581620048,1.5627818944988119,8.598254913938613,2.149563728484653,,,
35,-4.535335453490099e-05,0.0001528286137625,0.2128055102589818,1463,0.2816115814794261,-0.001574759176160832,0.005306515127061526,7.389032927212367,-0.000393689794040208,0.0013266287817653814,1.8472582318030917,9.778117332128634,2.4445293330321585,,,
36,-0.00015447402350130554,0.0006208673406571261,0.56899455328467,1463,0.7419659472341007,-0.005363647044012331,0.021557755802296734,19.756628879150313,-0.0013409117610030828,0.0053894389505741835,4.939157219787578,25.762541619862446,6.440635404965612,,,
37,0.20060937708409787,0.24590742025671583,0.9616836905011705,41,1.1487714632919157,6.965558791114047,8.538397446153688,33.39158110158164,1.7413896977785117,2.134599361538422,8.34789527539541,39.8876427484219,9.971910687105474,,,
38,-1.7403354504955325e-05,-0.000990474665145112,0.4416844780353539,855,0.5296989706946525,-0.0006042792751210588,-0.03439126132316858,15.336168446343558,-0.0001510698187802647,-0.008597815330792145,3.8340421115858896,18.392207660459725,4.598051915114931,,,
39,-0.0013043950149415437,0.00042923035848347696,1.1767537878282717,1463,1.4846519959021953,-0.045291203708800284,0.014903736507263288,40.85924502097325,-0.011322800927200071,0.003725934126815822,10.214811255243312,51.550086601716025,12.887521650429006,,,
40,-0.0005375360663550417,-6.398865875844565e-05,0.4176935067444703,1461,0.5566791069212376,-0.01866432729597976,-0.00222181420941075,14.503153941181498,-0.00466608182399494,-0.0005554535523526875,3.6257884852953746,19.329011950519213,4.832252987629803,,,
41,0.04243514909648297,0.06036905771126305,0.571342973028552,1460,0.6527494770686411,1.4734332469280818,2.0961344218504756,19.838170709497383,0.36835831173202044,0.5240336054626189,4.959542677374346,22.664767342777356,5.666191835694339,,,
42,0.15584637915662486,0.24595695603322698,0.7572078861290157,470,0.8619269015664008,5.4112979770763285,8.540117427385708,26.291772222171684,1.3528244942690821,2.135029356846427,6.572943055542921,29.92782587618857,7.481956469047143,,,
43,-5.492627673076581e-05,0.00020730657098903498,0.1906281192854996,1463,0.23737639875198083,-0.0019071501806456504,0.0071980987578812725,6.618989557831117,-0.0004767875451614126,0.0017995246894703181,1.6547473894577793,8.242183317466278,2.0605458293665695,,,
44,-0.00020949997017051633,-0.00807259756211441,1.7931616398648251,178,2.3565167098615385,-0.007274257964260668,-0.28029673255173654,62.26215845938646,-0.001818564491065167,-0.07007418313793413,15.565539614846616,81.82297319981234,20.455743299953085,,,
45,0.06308273162155956,-0.013793640396750106,0.8422031457344099,25,1.1422817557294822,2.190358607363791,-0.4789427818559572,29.242977626190182,0.5475896518409478,-0.1197356954639893,7.3107444065475455,39.66230712243908,9.91557678060977,,,
48,4.0676800291478456e-07,-7.567676020136281e-06,0.3878411495801862,1455,0.5783672355029522,1.412379859720715e-05,-0.000262764846771172,13.466620395723226,3.5309496493017876e-06,-6.5691211692793e-05,3.3666550989308064,20.082067151133508,5.020516787783377,,,
49,0.21105726992429724,0.07051718716039151,0.7296272165399189,139,0.8479001380340146,7.328330526311449,2.448497772583114,25.334116212699065,1.8320826315778622,0.6121244431457785,6.333529053174766,29.440788592817057,7.360197148204264,,,
50,-0.00873667735174208,-0.016368599502826823,0.5014258624012298,34,0.7073900532237231,-0.30335491100718853,-0.5683505119371529,17.410508794295502,-0.07583872775179713,-0.14208762798428823,4.352627198573876,24.561997428034115,6.140499357008529,,,
54,-0.018499730817997835,0.014832217704782916,0.4072112965825135,73,0.5096576956329666,-0.6423476534625209,0.5150042631454724,14.139190639938034,-0.16058691336563022,0.1287510657863681,3.5347976599845086,17.696334507767865,4.424083626941966,,,
58,0.13277027376347897,0.16683707324615277,0.70850878067489,42,0.8149783854799897,4.610049445615517,5.792916857252917,24.60084188259353,1.1525123614038792,1.4482292143132292,6.150210470648383,28.297679500636203,7.074419875159051,,,
61,0.027262243055045588,-0.011049520828080972,0.4531604385024684,40,0.5434453038424271,0.946599603357293,-0.38366146219262753,15.734636745682709,0.23664990083932325,-0.09591536554815688,3.933659186420677,18.86950784001675,4.717376960004188,,,
68,0.2004989997705592,0.2803689149951206,0.8033930216723465,409,0.9003681764854282,6.961726270033357,9.734969466460578,27.895412498507216,1.7404315675083393,2.4337423666151445,6.973853124626804,31.26258382392704,7.81564595598176,,,
69,-0.00018459980498789953,0.0005872849014209657,0.27701628565077946,1454,0.43949734465815427,-0.006409674428789848,0.02039170634713877,9.618559470366364,-0.001602418607197462,0.005097926586784693,2.404639867591591,15.260226801220433,3.8150567003051084,,,
70,0.10597875526456028,0.13890215281695256,0.6488409982465032,201,0.7336899936640024,3.6797943402960622,4.822960550110227,22.529057141115086,0.9199485850740156,1.2057401375275567,5.632264285278771,25.475183960001495,6.368795990000374,,,
71,-0.10215129590088538,0.020334629515490553,1.2185274087274265,23,1.592427644407042,-3.5468972962705423,0.706059006036863,42.309708685833705,-0.8867243240676356,0.17651475150921575,10.577427171458426,55.292272669101315,13.823068167275329,,,
72,0.050107396850686804,-0.05599410956989775,0.5980237024197509,54,0.6914291883263821,1.7398290334495472,-1.9442274724859896,20.764578995418592,0.4349572583623868,-0.4860568681214974,5.191144748854648,24.00780427706864,6.00195106926716,,,
73,-0.004872302474927108,-0.01589153043991097,0.6470223661988399,29,0.7750339765490569,-0.16917608653441907,-0.5517857199345887,22.46591059915612,-0.04229402163360477,-0.13794642998364717,5.61647764978903,26.910729733736357,6.727682433434089,,,
74,0.0034638918064047175,-0.007538533268527093,1.6870223243177782,154,2.1735999493684472,0.1202732513019846,-0.2617529521497977,58.5767891449619,0.03006831282549615,-0.06543823803744943,14.644197286240475,75.47173744197123,18.867934360492807,,,
76,0.0320499915226611,0.15254597943195505,0.7277760100894008,82,0.8612967702770842,1.1128398056498388,5.296701497836343,25.269838622324176,0.2782099514124597,1.3241753744590858,6.317459655581044,29.90594645756092,7.47648661439023,,,
78,5.19824039985063e-05,-1.7378127624399654e-05,0.34866027104049335,1463,0.4467113538500417,0.0018049330316361357,-0.0006034033473744048,12.106181931068011,0.0004512332579090339,-0.0001508508368436012,3.026545482767003,15.510711628381149,3.877677907095287,,,
80,-0.015017961168896587,-0.010907812127812291,0.546823072225032,91,0.6581162989342765,-0.5214536477064273,-0.3787410527018984,18.98679071379756,-0.13036341192660683,-0.0946852631754746,4.74669767844939,22.85111413159595,5.712778532898987,,,
83,0.04859769552455829,0.05388114550193941,0.9308668685062531,131,1.1347024647113393,1.6874091840037129,1.8708611341183403,32.32155940827412,0.4218522960009282,0.4677152835295851,8.08038985206853,39.399138979707125,9.849784744926781,,,
86,0.008744828429042981,0.005728649079511033,0.8930968921764808,54,1.1257371319987781,0.3036379327132304,0.1989101533387821,31.01011029015177,0.0759094831783076,0.04972753833469552,7.752527572537942,39.08784469726157,9.771961174315393,,,
87,0.0345162809216098,0.06538746539685529,0.5921547119616588,360,0.6884594075595081,1.1984743061601355,2.2703835735096094,20.560795908732718,0.2996185765400339,0.5675958933774023,5.1401989771831795,23.904687549281242,5.9761718873203105,,,
89,0.16791426977071827,0.21997094578572562,0.8009559426930764,420,0.908672860251808,5.83031927497888,7.637831179571966,27.810792242189,1.45757981874472,1.9094577948929914,6.95269806054725,31.55093905366328,7.88773476341582,,,
90,0.005631734429910343,-0.0013107622593065008,1.5455104375522766,605,1.9388753906207856,0.19554508287534694,-0.045512287167640324,53.66321341269015,0.048886270718836736,-0.011378071791910081,13.415803353172537,67.32163131313492,16.83040782828373,,,
91,0.11652362882391014,0.19831106780044583,0.6884524551221555,151,0.7764988602333328,4.045933440023808,6.88575689616708,23.904446146751482,1.011483360005952,1.72143922404177,5.9761115366878705,26.961593425021782,6.7403983562554455,,,
92,-0.00010272481002227391,2.709306978341739e-05,0.5869445011960356,1463,0.832300972526724,-0.003566810853593395,0.0009407255690198187,20.379886970528748,-0.0008917027133983487,0.00023518139225495467,5.094971742632187,28.89915436807291,7.2247885920182275,,,
94,0.10554562934682675,0.13065532016215137,0.5483279670772464,191,0.6373429887763651,3.6647553421805186,4.53661402667022,19.03904367285615,0.9161888355451296,1.134153506667555,4.759760918214037,22.129823256292948,5.532455814073237,,,
95,-0.0023103073541501607,0.0026143101649005397,0.13728333010700666,317,0.2641733186356494,-0.08021849195080188,0.09077407754567654,4.766751787975486,-0.02005462298770047,0.022693519386419135,1.1916879469938715,9.172625969667019,2.2931564924167547,,,
96,-0.017776939339445883,0.009938689544191203,0.6038364488713978,135,0.77482969521827,-0.61725088774424,0.34509117835340697,20.966409177712674,-0.15431272193606,0.08627279458835174,5.241602294428168,26.903636677368773,6.725909169342193,,,
97,0.1390883760329249,0.14802559423123496,0.6232626467093455,247,0.7141819179525376,4.829426592615219,5.13974468289694,21.640925619041894,1.2073566481538047,1.284936170724235,5.410231404760474,24.79782455514801,6.199456138787003,,,
98,0.13976754750723067,0.0350057888732207,0.7400172866731547,65,0.9337684145221831,4.853008784546064,1.2154710012559693,25.69488022786528,1.213252196136516,0.3038677503139923,6.42372005696632,32.42230688903924,8.10557672225981,,,
99,0.16125369432205303,0.1349533782470284,0.6291031990629534,335,0.8016065342813111,5.599050774250325,4.685851199493321,21.84372127786387,1.3997626935625813,1.1714627998733302,5.460930319465968,27.833382083315687,6.958345520828922,,,
101,-0.0003404716933470658,0.002135379012090733,0.09482617776717381,338,0.14570508180327413,-0.01182185813639682,0.07414463005781444,3.292554544431809,-0.002955464534099205,0.01853615751445361,0.8231386361079522,5.059171850373285,1.2647929625933212,,,
102,0.000555943007812734,6.587768650390595e-05,0.4642787316422492,1463,0.6169145342206358,0.01930345311727375,0.0022874050307886223,16.120686120082176,0.004825863279318438,0.0005718512576971556,4.030171530020544,21.420506457208916,5.355126614302229,,,
103,0.10137839851568742,0.15764080358820914,0.8124277834294552,53,0.9491666631845451,3.5200607532616988,5.473603982189798,28.209117496237546,0.8800151883154247,1.3684009955474494,7.0522793740593865,32.956964879093775,8.239241219773444,,,
104,0.006471217645432164,0.014126828089069995,0.7591488415310091,177,0.916902752163326,0.2246936190846956,0.4905117249086884,26.3591660756397,0.0561734047711739,0.1226279312271721,6.589791518909925,31.836697360615005,7.959174340153751,,,
105,0.15905550077475708,0.16345610575247746,1.0970358765660748,50,1.4655402742635415,5.522725097901116,5.675522903937523,38.09127970612725,1.380681274475279,1.4188807259843808,9.522819926531813,50.88648940297869,12.721622350744672,,,
106,-5.343902674975204e-05,1.8462901137929397e-05,0.15421237596078857,1283,0.23563828613853954,-0.0018555098868048903,0.0006410688533111846,5.354562118110501,-0.0004638774717012226,0.00016026721332779614,1.3386405295276254,8.18183257130237,2.0454581428255927,,,
107,-6.470090568270186e-05,-5.117854190388929e-05,0.17810130341591934,1463,0.38316560120323534,-0.0022465448471147742,-0.001777021331986844,6.184033457207551,-0.0005616362117786936,-0.000444255332996711,1.5460083643018878,13.304276004978737,3.3260690012446843,,,
108,0.09346611582117649,0.07751181209504758,0.6151678697430787,46,0.6972684275580987,3.2453304735428903,2.691365139564242,21.35985877321918,0.8113326183857226,0.6728412848910605,5.339964693304795,24.210554341672303,6.052638585418076,,,
109,-2.093524640375841e-05,0.0006319333123640736,0.8557709433639751,427,1.1689246069193062,-0.0007269136256312995,0.021941988471905365,29.714078695483945,-0.00018172840640782488,0.005485497117976341,7.428519673870986,40.587400201452155,10.146850050363039,,,
110,0.2654785805714692,0.2785340846373441,0.608306906774495,26,0.7143936773195939,9.217947274602555,9.67126048677786,21.121632417024014,2.3044868186506386,2.417815121694465,5.280408104256003,24.80517726389094,6.201294315972735,,,
111,0.05040213886204525,-0.05814015777587965,0.7105581955090239,39,0.8865892530297429,1.7500630655679352,-2.018742558294093,24.67200166446433,0.4375157663919838,-0.5046856395735233,6.168000416116082,30.784152043698732,7.696038010924683,,,
112,0.0004025931094276673,0.00012966690721392675,0.2855505410379711,1269,0.3793987957389333,0.013978837945547464,0.0045022943522819645,9.914885885920434,0.003494709486386866,0.0011255735880704911,2.4787214714801085,13.173484985647242,3.2933712464118106,,,
113,0.0010380061514288874,-0.0005646245735125539,0.36708935903559115,1463,0.48250998019223257,0.03604164958991383,-0.019604894441502894,12.746076724433797,0.009010412397478457,-0.004901223610375724,3.1865191811084492,16.7537115322347,4.188427883058675,,,
114,0.035791450353503444,0.0492510147690864,0.4355800676094641,811,0.6296865870532057,1.2427507391743466,1.710093734812218,15.124211107535814,0.31068768479358666,0.4275234337030545,3.7810527768839535,21.86397767566141,5.465994418915352,,,
116,-0.0032575200156565363,0.012430757347858397,0.4713969826097456,93,0.6545351508066698,-0.11310760998362626,0.4316207566323393,16.36784603017559,-0.028276902495906565,0.10790518915808482,4.091961507543897,22.72676950630919,5.681692376577297,,,
117,0.0005224097783224431,-2.3077717628274e-05,0.36920033274934766,1463,0.5303842286371332,0.01813911232291187,-0.0008013045114889298,12.81937395372285,0.0045347780807279674,-0.00020032612787223246,3.2048434884307127,18.41600118673854,4.604000296684635,,,
118,0.1324358857177213,0.12160978203626056,0.5523744079934713,71,0.6056012113978081,4.598438823890719,4.222534851863039,19.179544194349308,1.1496097059726798,1.0556337129657598,4.794886048587327,21.027685262154694,5.256921315538674,,,
119,0.040998832668500275,0.06925075716764624,0.41165295027569493,173,0.6283505578984884,1.4235614679156665,2.404524790375013,14.29341373947268,0.35589036697891663,0.6011311975937532,3.57335343486817,21.817588071351313,5.454397017837828,,,
120,0.1879361385638494,0.1675311478486481,0.9777830977865148,128,1.2472914667047847,6.525518603213978,5.817016515600759,33.95058472134337,1.6313796508034946,1.4542541289001898,8.487646180335842,43.30845430692354,10.827113576730884,,,
121,0.0671347537354723,0.003973744081657917,0.29165427277571027,52,0.3870428487178442,2.3310529192030693,0.1379763420033262,10.126819659318212,0.5827632298007673,0.03449408550083155,2.531704914829553,13.438901793180987,3.3597254482952468,,,
122,0.028968277258748003,0.024541409433514332,0.6327759427697948,100,1.1144356133543427,1.0058365229782482,0.8521268183504846,21.971246284852814,0.25145913074456205,0.21303170458762116,5.4928115712132035,38.69543336688949,9.673858341722372,,,
123,3.933582578998079e-05,0.00020342449885280578,0.07311960324356608,557,0.16814371904765082,0.0013658185430797131,0.0070633054491671225,2.5388588638231013,0.0003414546357699283,0.0017658263622917806,0.6347147159557753,5.838286212772532,1.459571553193133,,,
124,0.16058811886113017,0.1932118134767053,0.8308023833583384,346,1.0951273190214825,5.575940663096162,6.708700587538162,28.84712035496823,1.3939851657740405,1.6771751468845404,7.211780088742057,38.02501077106392,9.50625269276598,,,
125,0.09390728287050365,0.07201570698491366,0.39355544474197673,40,0.4369373579115392,3.260648675829628,2.5005293779301723,13.665032152330916,0.815162168957407,0.6251323444825431,3.416258038082729,15.171338941404464,3.792834735351116,,,
126,0.1381681675392865,0.15606429803535335,1.0126242012617075,441,1.3179422766236277,4.7974751132991065,5.418864556383539,35.16033751620901,1.1993687783247766,1.3547161390958848,8.790084379052253,45.7615917289256,11.4403979322314,,,
127,-0.06654047296893334,0.0035455186366071052,0.6011206489897195,44,0.7151149024703808,-2.3104183024273035,0.12310749810027191,20.872111174221043,-0.5776045756068259,0.030776874525067978,5.218027793555261,24.830219643576562,6.207554910894141,,,
128,-0.07536350531570424,0.02948196998480057,0.4145881950990565,24,0.5597192664964264,-2.6167716315718828,1.0236729618122455,14.39533131022944,-0.6541929078929707,0.2559182404530614,3.59883282755736,19.43457237128892,4.85864309282223,,,
129,0.1847448615216555,0.19694012270572891,0.7468272410719689,181,0.9022553650592512,6.414711081754922,6.8381549405883195,25.931335464500904,1.6036777704387306,1.7095387351470799,6.482833866125226,31.32811078558732,7.83202769639683,,,
130,0.00016159957904880409,0.0005567910633634346,0.2987385278485748,1463,0.3771793857590867,0.0056110605837325755,0.019332899302105175,10.372799163958215,0.0014027651459331439,0.004833224825526294,2.5931997909895537,13.096422632327009,3.2741056580817522,,,
132,0.05611546611914646,0.05988637076335737,0.48490121475170245,788,0.5721115160829497,1.9484412145890033,2.0793745656452947,16.836739978608612,0.48711030364725083,0.5198436414113237,4.209184994652153,19.86485606143218,4.966214015358045,,,
135,-0.0018942479272490906,0.004456538682064977,0.5896960201428822,260,0.881683470861489,-0.06577207652994292,0.15473993611866013,20.47542521140116,-0.01644301913248573,0.03868498402966503,5.11885630285029,30.613813475252623,7.653453368813156,,,
136,-0.028014929452153767,0.0026369962575119935,0.3603934427456797,69,0.45047064117371133,-0.9727343804376831,0.09156178405333144,12.513581119015491,-0.24318359510942078,0.02289044601333286,3.1283952797538728,15.641241602833606,3.9103104007084015,,,
137,-3.983324602742584e-05,0.0008696015947845057,0.9850205477513795,166,1.5518920287007574,-0.00138308996856428,0.03019430657410761,34.2018834590234,-0.00034577249214107,0.007548576643526902,8.55047086475585,53.8847950205477,13.471198755136925,,,
138,0.26587558108220816,0.32058062519997194,1.4091514281673028,216,1.7800105913580302,9.231731926336431,11.131200468193425,48.92855588882509,2.307932981584108,2.7828001170483563,12.232138972206272,61.805527753133525,15.451381938283381,,,
139,0.1554479143135349,0.04035944731814262,0.37801913975645257,28,0.42113249364259775,5.39746248079456,1.4013607297805482,13.125580570623546,1.34936562019864,0.35034018244513704,3.2813951426558865,14.62256244425828,3.65564061106457,,,
140,0.0028685849957972224,0.002472714354066442,0.5200329274354908,207,0.6741069505178882,0.09960300822407116,0.085857587801895,18.056583306415114,0.02490075205601779,0.02146439695047375,4.514145826603778,23.406341535882113,5.851585383970528,,,
141,0.01908501697155717,0.11563567211710205,0.5097366102184516,34,0.5669770663533982,0.6626699592864082,4.0151018072500175,17.699074580005078,0.16566748982160204,1.0037754518125044,4.4247686450012695,19.686577697922694,4.921644424480673,,,
142,0.002670961696174432,0.0033299030111698987,0.10378500958614162,420,0.14914799953468635,0.09274113201456863,0.11562089235384122,3.6036231028500096,0.023185283003642157,0.028905223088460306,0.9009057757125024,5.178716839843379,1.2946792099608448,,,
143,-0.03878775943249722,0.0006011950615709073,1.407287675440408,129,1.8019572149307137,-1.3467885830151685,0.020874694927865044,48.86384266664185,-0.3366971457537921,0.005218673731966261,12.215960666660463,62.56755841682424,15.64188960420606,,,
145,0.1413949799687329,0.1676257281804451,1.8021330167893983,52,2.151445733485346,4.909516494474344,5.820300533881415,62.57366260896149,1.227379123618586,1.4550751334703538,15.643415652240373,74.70249875807819,18.675624689519548,,,
149,0.10349052856142742,0.026233323226973113,0.4799057375383777,19,0.5541237856997568,3.5933981327098827,0.9108734490869604,16.66328701880755,0.8983495331774707,0.2277183622717401,4.165821754701888,19.24028608706696,4.81007152176674,,,
151,0.034077966822834274,0.0678576916545682,0.5900605708909428,615,0.6862979243742143,1.1832551640224518,2.356154769629917,20.488083142475315,0.29581379100561295,0.5890386924074793,5.122020785618829,23.82963653012147,5.957409132530367,,,
152,0.00026424039980329757,0.0018946917320490577,0.26105641906109334,420,0.3301159510444176,0.009174955161970099,0.06578748632020738,9.064400982639283,0.0022937387904925248,0.016446871580051845,2.2661002456598207,11.462286052164268,2.865571513041067,,,
153,0.1551994058225587,0.1505222323534121,0.8202282406321867,224,0.9263708815670711,5.388833768970883,5.226432951775175,28.47996497123079,1.3472084422427208,1.3066082379437938,7.119991242807697,32.165449749771845,8.041362437442961,,,
154,0.14316466438058537,0.19102014781502694,0.8267133664534969,705,0.959874515319396,4.970963476622686,6.632601572433366,28.70514150999832,1.2427408691556714,1.6581503931083414,7.17628537749958,33.32876292092007,8.332190730230018,,,
155,0.002905342951990598,0.001265091888644144,0.2324705047785442,724,0.2895279452206724,0.10087931797901754,0.04392652055750197,8.071840866920612,0.025219829494754386,0.010981630139375493,2.017960216730153,10.052989313952187,2.5132473284880468,,,
156,-0.0015890105779500468,0.012922162880765527,0.8104320892050911,469,1.167717125391845,-0.055173625287581525,0.44868333954594064,28.139823001379174,-0.013793406321895381,0.11217083488648516,7.0349557503447935,40.54547402785565,10.136368506963912,,,
157,0.001329132118447599,-0.003238329923594973,1.204485392726366,596,1.7599237103824148,0.046150125416737534,-0.11244129160706466,41.82214180624488,0.011537531354184383,-0.028110322901766165,10.45553545156122,61.10807107189821,15.277017767974552,,,
158,-0.014119641457543568,-0.006225291223125078,0.8741050808781026,63,1.2218942260412795,-0.49026219068882776,-0.21615456184934898,30.35067661824948,-0.12256554767220694,-0.054038640462337244,7.58766915456237,42.42661131660531,10.606652829151328,,,
161,0.0325987758514504,0.007987952362420739,0.5866144347748736,58,0.8260197242675638,1.1318946951140607,0.2773576819279729,20.368426404253164,0.2829736737785152,0.06933942048199322,5.092106601063291,28.68105686601835,7.170264216504587,,,
162,0.06728248228861701,0.07815014889705871,0.40959021829230763,99,0.4934174947346666,2.33618235002536,2.7135294700036727,14.221791559545506,0.58404558750634,0.6783823675009182,3.5554478898863766,17.132442252177096,4.283110563044274,,,
164,-0.009895226161609934,0.03664038027740994,0.6200701049850741,306,0.8348695256749157,-0.34358204278342014,1.2722272839922282,21.530074185291742,-0.08589551069585503,0.31805682099805704,5.3825185463229355,28.98833967048442,7.247084917621105,,,
165,-0.0014212089372449555,0.03016315069813536,0.40992545546390413,41,0.48119479585577246,-0.04934721671901934,1.0473249185406561,14.23343166461768,-0.012336804179754836,0.26183122963516403,3.55835791615442,16.708045701704133,4.177011425426033,,,
167,-0.00889781916456648,-0.0019269154832940413,0.7937603413274298,93,1.0963677734667752,-0.30895007703207733,-0.0669063594109357,27.56094657157102,-0.07723751925801933,-0.016726589852733925,6.890236642892755,38.06808183031337,9.517020457578342,,,
169,1.89292912285478e-05,-0.00015680555559673484,1.1167900728152595,1463,1.4579853182440032,0.0006572628500376367,-0.005444602501429827,38.777184908291446,0.00016431571250940917,-0.0013611506253574568,9.694296227072861,50.62416622006828,12.65604155501707,,,
171,-0.015291251214327584,-0.019047313821140638,1.0025022666446042,34,1.2425179649939482,-0.5309428246638824,-0.6613608304976453,34.808883702433945,-0.1327357061659706,-0.16534020762441132,8.702220925608486,43.14270878051987,10.785677195129967,,,
173,0.000140056885477375,0.000611714837037573,0.7402937448760191,1463,1.0142473234422933,0.004863055177545415,0.02123996257161861,25.704479409585137,0.0012157637943863537,0.005309990642904653,6.426119852396284,35.21669556456331,8.804173891140827,,,
174,0.046926687760657206,0.04362701239162291,0.5519640797064386,508,0.6519719437924033,1.6293884524255395,1.5148171242619306,19.16529677556696,0.4073471131063849,0.37870428106548265,4.79132419389174,22.63776983235983,5.659442458089957,,,
175,-0.0003411989176861136,0.0003918429739954503,0.8135481081803931,1463,1.0806206386358532,-0.011847108819897237,0.013605571743070026,28.248017412239612,-0.0029617772049743093,0.0034013929357675065,7.062004353059903,37.521309814714094,9.380327453678523,,,
176,-4.767370531006265e-05,5.702536755182051e-05,0.3346913909167521,1463,0.4531946489105407,-0.0016553263957759955,0.001980034812134312,11.621154475411467,-0.00041383159894399886,0.000495008703033578,2.905288618852867,15.735824599471794,3.9339561498679485,,,
177,0.18138681710582188,0.1983584792944952,1.4640377360355823,78,1.8967600787278531,6.298113063548348,6.887403118063463,50.83431827062749,1.574528265887087,1.7218507795158657,12.708579567656873,65.85930345358852,16.46482586339713,,,
178,0.00014804045288218547,0.0006471026479635666,0.6137236347111906,1463,0.7762038142374291,0.005140260604975244,0.02246869814259096,21.309712044441962,0.001285065151243811,0.00561717453564774,5.327428011110491,26.951348837952015,6.737837209488004,,,
180,0.06840185352195191,0.016941027073394888,0.7855580451834429,43,0.899414546324995,2.3750491579892143,0.5882263420424173,27.276146444859503,0.5937622894973036,0.14705658551060433,6.819036611214876,31.229471877496476,7.807367969374119,,,
198,-0.005410226563183388,0.0060324130569786244,0.7896648006882153,329,1.027915894161454,-0.1878538867268536,0.2094574461644118,27.418741209496215,-0.0469634716817134,0.05236436154110295,6.854685302374054,35.691295677074,8.9228239192685,,,
202,0.147041300046233,0.014781175825533068,0.7393066893590672,127,1.1451622081370052,5.105568020205302,0.5132319870141592,25.670206867925533,1.2763920050513256,0.1283079967535398,6.417551716981383,39.7623221909331,9.940580547733274,,,
206,0.018350788527497667,0.13324314085493047,0.6540523793723031,19,0.7134360828643144,0.637176079251774,4.626468336764896,22.710006716565108,0.1592940198129435,1.156617084191224,5.677501679141277,24.771927669214726,6.1929819173036815,,,
271,0.0006616214108914307,-0.0013023195283766826,0.091479718277279,570,0.1689768752421236,0.02297281862897226,-0.04521913866429517,3.176358778023682,0.005743204657243065,-0.011304784666073793,0.7940896945059205,5.867215062157015,1.4668037655392538,,,
273,0.06097204489485973,0.09046679263988373,1.9863962059673546,49,2.5356327278847828,2.1170713428393197,3.141187974042043,68.97164906359849,0.5292678357098299,0.7852969935105107,17.242912265899623,88.04223957761543,22.01055989440386,,,
274,-0.04123491364607089,0.10256012119239141,1.4896496163880204,56,2.0002820998238904,-1.4317586716188735,3.5610925280422148,51.72361398022485,-0.3579396679047184,0.8902731320105537,12.930903495056212,69.45379507008512,17.36344876752128,,,
276,-0.010367843793476916,0.03747386081582249,0.9218590123458814,82,1.1621686242582048,-0.3599922721971055,1.3011673952469887,32.0087886266737,-0.08999806804927638,0.32529184881174716,8.002197156668425,40.352818971493384,10.088204742873346,,,
283,0.11423269754144026,0.07049536137631443,0.30658446793911154,26,0.3711475359629985,3.966387724033889,2.44773993770839,10.64522589578183,0.9915969310084722,0.6119349844270975,2.6613064739454577,12.886984743707234,3.2217461859268086,,,
333,0.0002119218610207413,-0.0013191208540577382,0.35212276792152797,226,0.46068989114723,0.00735835085836218,-0.04580251429459278,12.226406747771295,0.001839587714590545,-0.011450628573648196,3.0566016869428236,15.996074400414122,3.9990186001035304,,,
336,0.035973692291063786,0.026074698290600398,1.0847506569281649,31,1.6684122881945291,1.249078543730317,0.905365674046227,37.664712309859745,0.3122696359325792,0.22634141851155676,9.416178077464936,57.930611470690444,14.482652867672611,,,
344,0.13628783161520083,0.3327116652784864,1.3946894984563143,26,2.2270188936240163,4.732186089343004,11.552414441799606,48.42640876540015,1.183046522335751,2.8881036104499014,12.106602191350037,77.3265500244131,19.331637506103274,,,
346,0.15375753811450854,0.0276973639839589,0.7538816411841727,33,0.8666466173122898,5.338769238411966,0.961707872251021,26.176278345196845,1.3346923096029915,0.24042696806275524,6.544069586299211,30.091703846317326,7.522925961579332,,,
368,0.03886436215886983,0.08307225014572649,0.7872373809596596,26,0.9042810651292378,1.3494483828802781,2.8844346695599152,27.3344563416813,0.33736209572006953,0.7211086673899788,6.833614085420325,31.398447143417396,7.849611785854349,,,
379,0.002345595816574532,-0.0034747016299352396,1.4738954314415698,56,1.985783563342289,0.08144377794310091,-0.1206485899946114,51.176597170514185,0.020360944485775228,-0.03016214749865285,12.794149292628546,68.95037688637096,17.23759422159274,,,
385,-0.028418935924571544,0.1029884369203387,0.8313847605644333,20,0.9709044060428524,-0.9867622931729731,3.5759645067480004,28.867341656318256,-0.2466905732932433,0.8939911266870001,7.216835414079564,33.71174278661992,8.42793569665498,,,
388,0.17077237602840634,0.1861208807294497,0.713113647124602,175,0.8347197789958881,5.929558440458325,6.462489220687953,24.760732055460434,1.4823896101145813,1.6156223051719882,6.190183013865108,28.98314016629523,7.245785041573807,,,
393,0.20294252505595164,0.20051587063375806,0.6793317186677971,98,0.7442085932866893,7.046570354992753,6.962312060145347,23.58775593558325,1.7616425887481884,1.7405780150363368,5.896938983895812,25.840410776100427,6.460102694025107,,,
395,-0.02716845341365652,-0.0175042069928152,2.1341310406107503,131,2.7422076519694656,-0.9433430394289818,-0.6077810752045294,74.10129799208647,-0.23583575985724545,-0.15194526880113235,18.525324498021618,95.21493409168379,23.803733522920947,,,
398,0.014914052480306915,0.013976126750373411,0.9465860734727253,109,1.199431344747296,0.5178457302212167,0.4852790730264656,32.86736164311997,0.12946143255530418,0.1213197682566164,8.216840410779993,41.64665515231561,10.411663788078902,,,
412,0.06618479394034248,0.15201304295781778,0.6070771410366399,41,0.6604409407196886,2.2980684151965716,5.278196877581349,21.078932491074212,0.5745171037991429,1.3195492193953373,5.269733122768553,22.93183034366903,5.732957585917258,,,
426,-0.04415730597248787,0.18384679551969363,0.6166024494541996,48,0.8272927223475836,-1.5332299779767238,6.383528434034803,21.40967024994872,-0.38330749449418094,1.5958821085087007,5.35241756248718,28.725257905352798,7.1813144763381995,,,
437,0.00388478256081924,-0.024800856197451704,0.9176580635339616,172,1.3666870890358158,0.13488742007676566,-0.8611353288879181,31.862923282026216,0.033721855019191414,-0.21528383222197953,7.965730820506554,47.4541091055016,11.8635272763754,,,
452,-0.061686923854694355,0.002577558304269528,0.5625258173023049,77,0.6693494716089082,-2.1418933700826974,0.08949797944084656,19.53202142837063,-0.5354733425206744,0.02237449486021164,4.8830053570926575,23.241152353204512,5.810288088301128,,,
470,0.15025509065302092,0.2505734173673302,0.6432015015007497,35,0.6927924733290025,5.2171572576541925,8.70041019782844,22.333242535109033,1.3042893144135481,2.17510254945711,5.583310633777258,24.055140258929626,6.0137850647324065,,,
479,0.002593612783976419,-0.026565597461049712,0.49046560923180754,135,0.5833341117813257,0.09005542308522922,-0.9224106750425681,17.02994688374682,0.022513855771307306,-0.23060266876064203,4.257486720936705,20.25452702927119,5.063631757317798,,,
487,0.04691125109911951,0.10046454450140345,0.502123337604828,20,0.5898211219386639,1.6288524606636277,3.4883299141777306,17.434726528314837,0.4072131151659069,0.8720824785444327,4.358681632078709,20.479768995954288,5.119942248988572,,,
490,0.13839260573786122,0.20297026043235247,0.7948005731339123,62,0.8852591608426845,4.805268056430017,7.0475333827321425,27.597065500355704,1.2013170141075042,1.7618833456830356,6.899266375088926,30.737968582779693,7.684492145694923,,,
496,0.012941238312542,0.012682347699259277,0.21615431087718867,47,0.2765703007688674,0.44934567668808334,0.4403564768136806,7.505309982277745,0.11233641917202083,0.11008911920342015,1.8763274955694362,9.603073983296614,2.4007684958241535,,,
500,0.15271070572905338,0.06479458394962226,0.5789968843312556,21,0.6924975426888347,5.302421124324192,2.2497975438987843,20.103929817749858,1.325605281081048,0.5624493859746961,5.0259824544374645,24.04489967724172,6.01122491931043,,,
506,0.07041644509070134,0.09981699676302068,0.6268390158840745,23,0.7026441714058898,2.4449998064393323,3.465845761605604,21.765104309526837,0.6112499516098331,0.866461440401401,5.441276077381709,24.397210919555306,6.0993027298888265,,,
524,0.1600967703770745,0.15058660743044702,0.7630909211818937,185,0.8874715695385234,5.558880061032782,5.228668183199981,26.496042965277713,1.3897200152581954,1.3071670457999953,6.624010741319428,30.814787837516608,7.703696959379152,,,
531,0.07781901274450252,0.0996826227063433,0.588022057818012,22,0.646223665605735,2.7020317605146165,3.4611800256096523,20.417301891557013,0.6755079401286541,0.8652950064024131,5.104325472889253,22.43817811716233,5.609544529290583,,,
532,0.10060538139374971,0.1951073829480004,0.8116434938548663,22,0.9527202836269447,3.4932200527537773,6.77451855072047,28.18188539362867,0.8733050131884443,1.6936296376801174,7.045471348407167,33.080353688094775,8.270088422023694,,,
533,0.01324075553946277,0.0013390036590564616,1.1013378951113888,589,1.4985454207344138,0.4597455138412263,0.04649288504975846,38.24065439405764,0.11493637846030658,0.011623221262439615,9.56016359851441,52.032494098740315,13.008123524685079,,,
564,0.09517630916794673,0.04464620588151528,0.6226483514510157,36,0.7337516567589749,3.3047118069294465,1.5502055606179737,21.61959605908217,0.8261779517323616,0.3875513901544934,5.4048990147705425,25.477325025985127,6.369331256496282,,,
577,0.15002443996624007,0.09540198864687069,0.7861699860083401,41,0.8715081143004133,5.209148604507788,3.312547849796644,27.297394254181587,1.302287151126947,0.828136962449161,6.824348563545397,30.260504744738952,7.565126186184738,,,
587,0.13725651093532829,0.36219794222538276,0.8987658027751353,21,1.093540640597166,4.765820572696469,12.57623694994974,31.20694620395825,1.1914551431741172,3.144059237487435,7.801736550989562,37.969918122814796,9.492479530703699,,,
591,-0.04874964375385143,0.0017745482943358158,0.964622803556608,37,1.154678229833218,-1.6926851304212294,0.0616158658759282,33.493632985092546,-0.42317128260530734,0.01540396646898205,8.373408246273137,40.092737496269,10.02318437406725,,,
593,0.11094707934131576,0.19702167115779315,0.7050925558467074,102,0.8296459192690478,3.8523044888891658,6.840986465940894,24.482223724109375,0.9630761222222914,1.7102466164852235,6.120555931027344,28.80696560885988,7.20174140221497,,,
614,0.19085694367176334,0.0512451289338639,0.7496285439152283,21,0.8392935131694381,6.626934798170967,1.7793333668416222,26.028602301824556,1.6567336995427417,0.44483334171040556,6.507150575456139,29.14194936426923,7.2854873410673076,,,
627,0.08537300993976993,0.06275830511709779,0.6421519711269148,67,0.7812306006741349,2.9643216511286914,2.1790938702758695,22.296800741468736,0.7410804127821728,0.5447734675689674,5.574200185367184,27.125888916607312,6.781472229151828,,,
630,-0.0038223200232323506,-0.010311949373808395,0.5639210901389968,33,0.7166215216921249,-0.1327185958466737,-0.3580515061573751,19.58046809180625,-0.033179648961668425,-0.08951287653934377,4.895117022951562,24.882532476193962,6.2206331190484905,,,
644,0.0975410976542202,0.07874517605964891,0.6725265854967004,22,0.7888529622264271,3.3868219927498338,2.7341900031431297,23.351468101616433,0.8467054981874584,0.6835475007857824,5.837867025404108,27.390552554426,6.8476381386065,,,
663,0.20727267955309395,0.1117987985424141,0.8440299748856107,57,1.1368539924666055,7.1969219794425285,3.8818778829897025,29.306408787978175,1.7992304948606321,0.9704694707474256,7.326602196994544,39.47384432642548,9.86846108160637,,,
685,0.17787478637775692,0.18230996059391755,1.4435672485378024,95,1.8218868653621254,6.1761683326084755,6.330166451742005,50.123542003729575,1.5440420831521189,1.5825416129355012,12.530885500932394,63.25955573910372,15.81488893477593,,,
696,-0.010103169573830912,0.07679447462567665,0.8060943022985465,206,1.172011537842168,-0.35080225394255693,2.666457747952745,27.989206364410133,-0.08770056348563923,0.6666144369881862,6.997301591102533,40.69458461695576,10.17364615423894,,,
702,0.1092331727228819,0.12719645719146383,0.8086590724203171,324,0.9473943160266536,3.7927942232839054,4.416515386602007,28.07826031257825,0.9481985558209763,1.1041288466505017,7.019565078144563,32.895425441077464,8.223856360269366,,,
703,0.14051292463935688,-0.010542926995677857,1.161793975565517,56,1.5705570470969612,4.87888976932775,-0.36607151114392655,40.33981041958588,1.2197224423319375,-0.09151787778598164,10.08495260489647,54.53288178930069,13.633220447325172,,,
707,-0.07803615186728473,0.058762496077945425,0.5353611173635273,27,0.9007342928532799,-2.7095712651358603,2.0403513888184213,18.588808717096395,-0.6773928162839651,0.5100878472046053,4.647202179274099,31.275296116451585,7.818824029112896,,,
713,0.016818894165567144,0.01622799386024684,0.5098966749374161,34,0.6968821063882826,0.5839856432168224,0.5634684028154907,17.70463234717696,0.1459964108042056,0.14086710070387268,4.42615808679424,24.19714049801395,6.049285124503488,,,
752,0.013364560590887642,-0.007882942973243434,2.2115394378911892,64,2.7757347590773302,0.4640442728368007,-0.2737115459169585,76.78907236245787,0.11601106820920018,-0.06842788647923963,19.197268090614468,96.37906230468306,24.094765576170765,,,
764,0.2188174373895644,0.3098774949796948,0.8867726711279107,628,1.032545559062147,7.597779061040455,10.759566380684964,30.790520686903317,1.8994447652601139,2.689891595171241,7.697630171725829,35.85204690175587,8.963011725438967,,,
780,0.14602492439150497,0.16080282636196874,0.6351456163287477,37,0.7345808547872377,5.070277424721835,5.583395736940279,22.053526090166777,1.2675693561804589,1.3958489342350697,5.513381522541694,25.50611643992247,6.376529109980617,,,
799,0.04955600528767503,0.05878632998019384,0.18262413846800712,19,0.2626559470938035,1.7206836155986525,2.0411789495722905,6.341075335886144,0.4301709038996631,0.5102947373930726,1.585268833971536,9.119939794991046,2.2799849487477615,,,
803,0.14520285917861775,0.135678109867838,0.9166257296951004,84,1.2467889659038005,5.041733676399966,4.711015330831071,31.827078586473277,1.2604334190999915,1.1777538327077677,7.956769646618319,43.29100647411176,10.82275161852794,,,
807,0.06858550856115628,0.12043975185957886,0.5633566733229624,107,0.6393980577409009,2.3814260282604685,4.181909064068297,19.5608704111199,0.5953565070651171,1.0454772660170744,4.890217602779975,22.20117936087956,5.55029484021989,,,
820,0.01909192923715531,0.08993679153370905,0.6087604996766377,166,0.6952980898628472,0.6629099669725067,3.1227852756334458,21.137382069772215,0.16572749174312668,0.7806963189083614,5.284345517443054,24.142140276217784,6.035535069054446,,,
831,0.14044464077151694,0.09932843344906726,0.6131378345752995,39,0.6772293239574118,4.876518816868612,3.4488818662185134,21.289371892123548,1.219129704217153,0.8622204665546284,5.322342973030887,23.514756586449252,5.878689146612313,,,
834,0.06652171100490242,-0.09824515911844374,0.8081126236180627,59,1.1570419764804998,2.309766849512222,-3.411268414910604,28.059286517266372,0.5774417123780555,-0.852817103727651,7.014821629316593,40.17481150735591,10.043702876838978,,,
839,0.47579822589274373,0.22209311628109388,0.909990183679122,23,1.1395170507044958,16.52066599944785,7.711517183512142,31.596679157706475,4.1301664998619625,1.9278792958780355,7.899169789426619,39.56631103456151,9.891577758640377,,,
842,0.06472875325238704,0.1258335215191761,1.3173717157208984,100,1.835978286624346,2.2475117704293828,4.3691915341888325,45.741780713261036,0.5618779426073457,1.0922978835472081,11.435445178315259,63.74883806817054,15.937209517042636,,,
845,0.0006339548382928214,-0.0004903441327753705,0.3970447777916444,201,0.513274687095434,0.022012179895203345,-0.017025728978226417,13.786188774481477,0.005503044973800836,-0.004256432244556604,3.4465471936203693,17.82192368532766,4.455480921331915,,,
855,0.2642714382218356,0.20950543760986756,1.6468488528750995,38,2.1293878087584215,9.176032877938574,7.274447804689822,57.18188586952921,2.2940082194846436,1.8186119511724554,14.295471467382303,73.93660349570992,18.48415087392748,,,
872,-0.00044884973140437134,-0.0018696342621911685,1.9490589138270704,27,2.8091101148204776,-0.015584960373822582,-0.06491744085180176,67.67522360590354,-0.0038962400934556456,-0.01622936021295044,16.918805901475885,97.53792140679663,24.384480351699157,,,
882,0.07363481698506764,0.2786427480523463,0.6290929471285249,24,0.7093200822447004,2.5567481153555187,9.675033497873569,21.843365310196642,0.6391870288388797,2.4187583744683923,5.4608413275491605,24.62901189570049,6.1572529739251225,,,
893,0.21279322223024338,0.07143069057374554,1.0592597814639801,20,1.3844379609442667,7.388606262278511,2.4802164381015928,36.77961813199232,1.8471515655696278,0.6200541095253982,9.19490453299808,48.07045487990683,12.017613719976708,,,
896,0.1001723012491944,0.0795786118023658,0.553151565330677,64,0.6222585304722137,3.4781826439745283,2.763128559001746,19.206528651411766,0.8695456609936321,0.6907821397504365,4.8016321628529415,21.606060695056204,5.401515173764051,,,
905,0.087199099935928,0.001527352378365876,0.8748851789857108,64,1.4457084760118732,3.027727147975292,0.05303272928161995,30.377763184741852,0.756931786993823,0.013258182320404988,7.594440796185463,50.19788970408427,12.549472426021067,,,
914,-0.11284878018640938,0.08483526225589685,1.0269781603836936,25,1.343778961513555,-3.918335345632507,2.9456499760492507,35.65873568484261,-0.9795838364081267,0.7364124940123127,8.914683921210653,46.658693101673656,11.664673275418414,,,
918,-0.009164569935125598,0.054621782752482445,0.5381501971362939,61,0.6331942060790905,-0.318212197287431,1.8965775407316956,18.685651144966396,-0.07955304932185775,0.4741443851829239,4.671412786241599,21.98576922347818,5.496442305869545,,,
939,0.28712936608480244,0.19892026607683883,0.7604069561050677,27,0.8294204542568374,9.96970584919651,6.906909478719998,26.402850329880163,2.4924264622991275,1.7267273696799994,6.600712582470041,28.79913701270591,7.199784253176477,,,
952,0.03857193582903596,0.07941768375088444,0.577712259738127,459,0.693732294714504,1.3392947558557866,2.7575408151982095,20.059325082627247,0.33482368896394665,0.6893852037995524,5.014831270656812,24.08777273707701,6.021943184269253,,,
968,-0.0008554103153606963,0.0028698545086093684,0.09487101165645312,29,0.142391128143492,-0.0297015569699541,0.09964708824793449,3.2941112667353654,-0.007425389242488525,0.024911772061983622,0.8235278166838413,4.94410475139833,1.2360261878495824,,,
984,0.005903090021672349,0.003008073331429479,0.7674848984865711,138,0.9833619094106174,0.20496709173250732,0.10444632221389437,26.648610645250724,0.05124177293312683,0.026111580553473592,6.662152661312681,34.14429221855546,8.536073054638864,,,
989,0.1294095045678451,-0.009203881209072052,0.6210324400718864,30,0.6817122619920779,4.4933568176047185,-0.3195771633413998,21.56348838417604,1.1233392044011796,-0.07989429083534995,5.39087209604401,23.67041316088893,5.917603290222233,,,
991,0.21930966677979988,0.06603142481312836,0.6506206410910182,19,0.8017587368722183,7.614870249928211,2.292743132361443,22.590849899962336,1.9037175624820528,0.5731857830903607,5.647712474990584,27.838666861677165,6.959666715419291,,,
992,0.13239117056055974,0.20345585703010102,0.7703020604973216,249,0.9244189698139891,4.596886224203756,7.064394267799168,26.746428144588002,1.149221556050939,1.766098566949792,6.6866070361470005,32.09767546988133,8.024418867470333,,,
995,0.03794582231168183,-0.07590609670231056,1.0087979326478662,48,1.8701335886618033,1.3175548423062167,-2.6356114896976273,35.02748181739921,0.32938871057655417,-0.6589028724244068,8.756870454349803,64.93477846551514,16.233694616378784,,,
1000,0.17428554315527933,0.4148752070157486,1.3680750694996386,43,1.74145985220834,6.051542629437609,14.405296938000824,47.50230256316645,1.5128856573594023,3.601324234500206,11.875575640791613,60.466968988377985,15.116742247094496,,,
1009,0.08968684565279578,0.09278794061842867,0.6069629956466271,243,0.6936444194761073,3.114106654756375,3.2217828741530803,21.07496913484219,0.7785266636890937,0.8054457185382701,5.268742283710547,24.0847215330494,6.02118038326235,,,
1030,0.21625876748448816,0.12938478398700434,0.5586741884670403,23,0.5908399587279529,7.508936924596398,4.492498469596765,19.398285171952576,1.8772342311490995,1.1231246173991913,4.849571292988144,20.515145046951982,5.128786261737996,,,
1032,0.302120668483797,0.16144320550690627,0.6617202319973686,21,0.7001805803173812,10.490233851094398,5.605630981610799,22.976249895412636,2.6225584627735996,1.4014077454026999,5.744062473853159,24.31167010978011,6.0779175274450274,,,
1040,0.34172059998171694,-0.05969932619409522,1.282099192203523,34,1.8309068695846094,11.865222672565176,-2.0728800041113744,44.51704815169072,2.966305668141294,-0.5182200010278436,11.12926203792268,63.57274832571681,15.893187081429202,,,
1044,0.08093256749350909,0.0988308438961686,0.6075461431826931,30,0.6792264794003676,2.8101406085096228,3.431604561762766,21.09521718358947,0.7025351521274057,0.8579011404406915,5.273804295897367,23.584101817739565,5.896025454434891,,,
1053,0.050267463663070215,-0.045866918230239626,1.4333765341775648,23,1.832965964585319,1.745386873309124,-1.5925911347903803,49.769700019713405,0.436346718327281,-0.39814778369759507,12.442425004928351,63.644244222331444,15.911061055582861,,,
1057,-0.1434471905417483,0.17853610015357707,1.137579444079748,44,1.3451175520613723,-4.980773349990584,6.199130469532503,39.49903345733701,-1.245193337497646,1.5497826173831257,9.874758364334253,46.70517164267497,11.676292910668742,,,
1060,0.3860481821282552,0.2607215372390194,0.8511771989423124,28,1.323644600046687,13.404364979857277,9.052773216013232,29.55457470167497,3.3510912449643193,2.263193304003308,7.388643675418742,45.95958780282107,11.489896950705267,,,
1066,0.023711259922697018,0.01001008610342715,0.5646327743853063,44,0.8525890296063607,0.8233023670358859,0.3475702096831975,19.60517919220661,0.20582559175897147,0.08689255242079938,4.901294798051652,29.603596285992058,7.4008990714980145,,,
1068,7.166434179791705e-05,-0.0005090877202410802,0.5463923033571095,564,0.7232047917972935,0.002488329275907276,-0.01767654382221079,18.971833557165557,0.000622082318976819,-0.004419135955552697,4.742958389291389,25.111116780785625,6.277779195196406,,,
1101,0.303997641001116,0.0795153168930394,0.6846547299809653,23,0.8396091068437357,10.55540609084075,2.760930833160114,23.77258153439908,2.6388515227101874,0.6902327082900285,5.94314538359977,29.15290740782819,7.288226851957048,,,
1102,-0.0033805120442185655,0.009676606240551186,0.6884125658490151,78,0.7826428402212245,-0.11737813919935704,0.33599112188441826,23.903061111409503,-0.02934453479983926,0.08399778047110457,5.975765277852376,27.17492469816136,6.79373117454034,,,
1135,-0.01253828032986041,0.03905449270422116,0.3474401651446618,74,0.44536256576640004,-0.43535416961341317,1.3560500956759671,12.063817414152947,-0.10883854240335329,0.3390125239189918,3.0159543535382367,15.463879008540943,3.8659697521352356,,,
1143,-0.007339282798982367,-0.02399965575687986,0.6569199194983346,25,0.8216268587025377,-0.25483457734626574,-0.8333160471903825,22.809573444821176,-0.06370864433656644,-0.20832901179759564,5.702393361205294,28.528527787869514,7.1321319469673785,,,
1148,-0.02845653987405812,0.01859554780432501,0.6192565328310073,44,0.7186554967877773,-0.9880679775070461,0.645674610861773,21.501825332958237,-0.24701699437676153,0.16141865271544326,5.375456333239559,24.953156159465205,6.238289039866301,,,
1152,0.14435304777558225,0.20440700701328915,0.8651434178291331,35,1.017821042887915,5.012226524863767,7.0974200975154265,30.03950975386316,1.2530566312159417,1.7743550243788566,7.50987743846579,35.34078225115419,8.835195562788547,,,
1178,0.2160779928957055,0.261664725088335,0.6749512388086775,23,0.7658551244672345,7.502660069324687,9.085522584517168,23.4356569139149,1.8756650173311717,2.271380646129292,5.858914228478725,26.592021631751315,6.648005407937829,,,
1180,0.20523241460057837,0.1770128403070344,0.8834056825756332,43,1.2638277025844182,7.126079899761282,6.146239841140849,30.673612110391137,1.7815199749403205,1.5365599602852122,7.668403027597784,43.882625489136174,10.970656372284044,,,
1204,-0.017046390858436924,0.0006314681767530705,0.5970387951636685,22,0.756805107003597,-0.5918847833866469,0.021925838033220114,20.7303810456729,-0.1479711958466617,0.0054814595083050284,5.182595261418225,26.277786925378898,6.5694467313447245,,,
1209,-0.07407826168358916,0.051313104972264934,0.9558508505218144,71,1.1998603397015886,-2.572145402177583,1.781693630846983,33.18905323181844,-0.6430363505443958,0.44542340771174577,8.29726330795461,41.66155071511856,10.41538767877964,,,
1213,0.0047298230881924214,-0.007235101769609717,1.1216209143107492,66,1.5548722169865783,0.16422891726821726,-0.2512172036443886,38.944921386697835,0.041057229317054314,-0.06280430091109715,9.736230346674459,53.98827311820797,13.497068279551993,,,
1229,0.11561328138079509,0.05165882259862542,0.8404523482656565,22,1.6613106521011287,4.014324356103967,1.7936976382694718,29.182186436480126,1.0035810890259917,0.44842440956736795,7.295546609120032,57.68402846225539,14.421007115563848,,,
1233,-0.034102634813781924,-0.03986529434741018,0.4087379919771825,22,0.5638342480995356,-1.184111686004136,-1.3842027503307763,14.192200557431732,-0.296027921501034,-0.3460506875826941,3.548050139357933,19.577452762512078,4.894363190628019,,,
1245,0.006307863958916107,-0.00011548507611556068,0.4224792434464287,251,0.5208590088678889,0.21902165238148505,-0.004009872812884498,14.669324290946896,0.05475541309537126,-0.0010024682032211245,3.667331072736724,18.08526650591084,4.52131662647771,,,
1249,0.22412860544470212,0.20542584964725266,0.8442101107377882,278,0.9559058936928123,7.782193438250947,7.1327963514519075,29.31266346503748,1.9455483595627368,1.7831990878629769,7.32816586625937,33.19096444080183,8.297741110200457,,,
1257,0.08944281525246538,0.11539364268672614,0.5929955669400098,20,0.714240474684192,3.105633431196103,4.006698061368505,20.58999207529102,0.7764083577990257,1.0016745153421263,5.147498018822755,24.799857761984516,6.199964440496129,,,
1268,0.1543885006473757,0.026538646751987645,0.6083123603750066,41,0.7194592379388876,5.360677519478179,0.921474892522515,21.12182177694098,1.3401693798695447,0.23036872313062876,5.280455444235245,24.981063659714053,6.245265914928513,,,
1273,0.11233179876356189,-0.005419500112859623,0.47988202035489813,25,0.5964540159922349,3.900384716668396,-0.18817588291871185,16.662463510762773,0.975096179167099,-0.04704397072967796,4.165615877690693,20.71007634328238,5.177519085820595,,,
1281,-0.026458359610857723,-0.027735248648286057,0.278501766590336,28,0.3774812220950288,-0.9186871624082019,-0.9630233035657885,9.670138339549647,-0.22967179060205048,-0.24075582589144712,2.4175345848874117,13.106902993583592,3.276725748395898,,,
1286,0.15978855370267867,0.09166809161200831,0.7589291615198006,25,0.8695078172171207,5.548178161664409,3.182899476952153,26.351538346290518,1.3870445404161023,0.7957248692380382,6.587884586572629,30.191050429412865,7.547762607353216,,,
1302,0.003925276801219955,0.035533905582027216,0.7543384876327301,83,0.9648359332597324,0.13629346109195928,1.233808269619149,26.192140967583658,0.03407336527298982,0.30845206740478726,6.5480352418959145,33.50103327464443,8.375258318661107,,,
1310,0.08956925356114617,0.06345410045474778,0.6003168372711759,182,0.8103291660367283,3.1100236221501176,2.2032532759897525,20.84420122372977,0.7775059055375294,0.5508133189974381,5.211050305932442,28.136249303127283,7.034062325781821,,,
1311,0.15206856228795337,0.1929427482555983,1.3168904548178781,143,1.7633991444713353,5.280124619762317,6.699358104930884,45.725070372186366,1.3200311549405792,1.674839526232721,11.431267593046591,61.2287450943337,15.307186273583426,,,
1338,0.16056693328296198,0.19267256661026677,0.8398242656437994,549,1.020097509710224,5.575205057451006,6.689976857841683,29.160378151684004,1.3938012643627515,1.6724942144604207,7.290094537921001,35.4198257321584,8.8549564330396,,,
1380,0.057286279852153475,0.03074473225469919,0.5777293432208792,47,0.6512297002861331,1.989094209026473,1.0675185933476652,20.05991825531537,0.49727355225661823,0.2668796483369163,5.014979563828843,22.611997653335116,5.652999413333779,,,
1408,0.0126058799083004,0.001599260402506595,0.2885205520604322,22,0.43972474832678876,0.4377013621760065,0.055529519695833994,10.018010608642328,0.10942534054400163,0.013882379923958498,2.504502652160582,15.26812271140276,3.81703067785069,,,
1425,0.24320472287481526,0.2317265621892733,0.7826676288996717,451,0.9392702032630477,8.444554387659336,8.046009692335947,27.175785410654402,2.111138596914834,2.0115024230839866,6.793946352663601,32.61333999769954,8.153334999424885,,,
1428,0.23672413604005083,0.17536870636966,0.7901561960948001,173,0.9067978653280591,8.219535451582646,6.089152222567335,27.435803440803653,2.0548838628956614,1.5222880556418337,6.858950860200913,31.48583547992087,7.871458869980217,,,
1429,0.00047077736566144586,0.033618600703127374,0.48322943955511694,37,0.6114615683993594,0.016346331690496724,1.1673050536139888,16.77869260023277,0.004086582922624181,0.2918262634034972,4.194673150058192,21.231168577962556,5.307792144490639,,,
1444,-0.11586892324158898,-0.08568514134190407,0.9132952223185175,21,1.434472263737686,-4.023200752794453,-2.9751594776735932,31.711436709343563,-1.0058001881986132,-0.7437898694183983,7.927859177335891,49.80774594149994,12.451936485374985,,,
1456,0.06268089309728116,0.08704875113281219,0.8528873698392528,192,1.0994613772411177,2.1764059701237963,3.022506736833505,29.613955255558537,0.5441014925309491,0.7556266842083762,7.403488813889634,38.17549794056609,9.543874485141522,,,
1463,0.17848082940450366,0.14137906612336235,0.6350898238812811,21,0.7429962634605412,6.197211358583177,4.908963933935388,22.051588864805844,1.5493028396457942,1.227240983483847,5.512897216201461,25.79831625987691,6.449579064969227,,,
1476,0.08913490285447254,0.04318633849068231,0.527269201464355,29,0.6334500832161928,3.0949420969129955,1.4995160450734712,18.307841213245332,0.7737355242282489,0.3748790112683678,4.576960303311333,21.994653789432647,5.498663447358162,,,
1477,0.02381451653112546,0.0621101348256689,1.721828553755266,28,2.1377810049465236,0.8268876429937383,2.1565881014168755,59.785331043490345,0.20672191074843457,0.5391470253542189,14.946332760872586,74.2280320537532,18.5570080134383,,,
1500,0.0829007477379444,0.1638540334543636,0.7491134780832898,180,0.9006915707191516,2.8784797629569057,5.689339749602413,26.01071818600799,0.7196199407392264,1.4223349374006033,6.502679546501997,31.273812718510385,7.818453179627596,,,
1503,0.012130829913656245,0.27289903617054173,0.9895129918767173,53,1.1643370112439235,0.42120667626197217,9.475600333913551,34.35787010394338,0.10530166906549304,2.3689000834783878,8.589467525985844,40.42810970441151,10.107027426102878,,,
1505,0.09365705613629635,-0.09191972869546178,0.6267671464641326,26,0.856563442756228,3.251960303164482,-3.191636819763824,21.76260885952761,0.8129900757911205,-0.797909204940956,5.4406522148819025,29.74159585938175,7.4353989648454375,,,
1519,0.1563903769838558,0.25525611798469444,0.8302777227015786,55,0.9830788654537566,5.430186669633441,8.86300292866456,28.828903087644214,1.3575466674083603,2.21575073216614,7.2072257719110535,34.134464366285336,8.533616091571334,,,
1549,0.12639089374182705,0.025861739015018557,0.48295750941107973,68,0.5508608698551062,4.388544612503719,0.8979713020794744,16.76925064177151,1.0971361531259298,0.2244928255198686,4.1923126604428775,19.126991123108997,4.781747780777249,,,
1551,-0.021924205195002443,-0.015419194759365828,0.46534250631463686,23,0.6893023553142827,-0.7612522527808748,-0.5353852804347002,16.15762250425682,-0.1903130631952187,-0.13384632010867506,4.039405626064205,23.933956381222526,5.9834890953056314,,,
1562,0.03883605052605577,0.0620159403246387,0.38434263496441107,27,0.5063183845389034,1.3484653463657086,2.153317479952105,13.345144971234282,0.33711633659142715,0.5383293699880263,3.3362862428085704,17.580386947959806,4.395096736989951,,,
1563,0.0039659132844923764,0.178065056108156,0.603837019835597,74,0.712985990855921,0.1377044410641443,6.182774878187393,20.9664290027316,0.03442611026603608,1.5456937195468483,5.2416072506829,24.756299574499288,6.189074893624822,,,
1577,0.20670020709273063,0.10390976276249014,0.730939739220102,98,0.8612656650898084,7.177044590673793,3.6079547826391827,25.379689625200385,1.7942611476684482,0.9019886956597957,6.344922406300096,29.90486642324833,7.476216605812082,,,
1609,0.002079381890161969,0.00012744053812809852,0.2886325677416449,80,0.38239650404711834,0.07220029799020389,0.004424990364883837,10.021900017125395,0.018050074497550972,0.0011062475912209592,2.5054750042813487,13.277571413524043,3.319392853381011,,,
1610,0.2077893571982157,0.08275074606581985,0.652307733203832,39,0.7265913196633423,7.214862060636446,2.873271404897397,22.649429112303455,1.8037155151591115,0.7183178512243492,5.662357278075864,25.228703801350573,6.307175950337643,,,
1615,0.16585201333781235,0.020252366259200995,1.1719489045431084,29,1.5860930451786397,5.758713607115521,0.703202661251977,40.69240986354581,1.4396784017788802,0.17580066531299424,10.173102465886453,55.07232271469273,13.768080678673183,,,
1621,0.12921827030650246,0.07205526070131085,0.9095531866926698,193,1.3594813018149263,4.486716781582379,2.5019027620709156,31.581505748342884,1.1216791953955947,0.6254756905177289,7.895376437085721,47.20390976161787,11.800977440404468,,,
1623,0.08439211355971382,0.09047752414955713,0.5551724302495014,93,0.7009743123028315,2.9302629670203832,3.1415605935209228,19.27669712312319,0.7325657417550958,0.7853901483802307,4.819174280780797,24.339230071778914,6.0848075179447285,,,
1631,0.00398916526746599,-0.0015580742608682684,0.48610517163008,76,0.5927628819954838,0.1385117964169541,-0.05409945448586802,16.87854376933964,0.034627949104238526,-0.013524863621467004,4.21963594233491,20.581912788647188,5.145478197161797,,,
1634,-0.0026553757612798935,-0.003924158386731245,1.0178077902318865,67,1.216451818019208,-0.09219995718316046,-0.1362546275040823,35.34032209243156,-0.023049989295790115,-0.03406365687602057,8.83508052310789,42.23764002526295,10.559410006315737,,,
1635,-0.020600765939616867,0.05370172702053158,0.7930052957328632,30,1.0246687151300784,-0.7152997949553769,1.8646313656068976,27.534729878436476,-0.17882494873884422,0.4661578414017244,6.883682469609119,35.578547126746585,8.894636781686646,,,
1652,0.02283302093391696,0.18221837053677528,0.7016175554937968,71,0.7852743237930266,0.7928081528674648,6.326986261777911,24.361564761855615,0.1982020382168662,1.5817465654444778,6.090391190463904,27.26629507074147,6.816573767685368,,,
1669,0.15108561615851457,0.20908541273560965,0.6545128461741055,32,0.7632741572263347,5.2459947642559435,7.259863701005838,22.725995044857292,1.3114986910639859,1.8149659252514596,5.681498761214323,26.502405287212795,6.625601321803199,,,
1708,0.011935389375293991,-0.054134536522728746,1.9648354977329807,78,2.491403429781772,0.41442058988895797,-1.8796593771421877,68.22301815228455,0.10360514747223949,-0.4699148442855469,17.055754538071138,86.50650988888269,21.626627472220672,,,
1715,0.13828575157057096,0.19286555851306827,0.7052344055509779,154,0.8304948266059098,4.801557866033365,6.696677922690757,24.487149029541058,1.2003894665083412,1.6741694806726892,6.1217872573852645,28.8364413694104,7.2091103423526,,,
1730,-0.0019482306875452675,-0.0008155558928930723,0.5882919437828673,38,0.8492318142028046,-0.06764646593294678,-0.02831773171303326,20.42667287202872,-0.016911616483236695,-0.007079432928258315,5.10666821800718,29.48702705274978,7.371756763187445,,,
1731,0.10776828271844231,0.18766521008295875,0.8982765017644156,68,1.1020804599803213,3.741930312549754,6.516111424500494,31.18995669426404,0.9354825781374385,1.6290278561251235,7.79748917356601,38.26643773143672,9.56660943285918,,,
1751,-0.03710118831896867,0.0140805814009197,0.9797398094472751,19,1.1208594230383684,-1.2882274608112303,0.48890594740273385,34.01852566362829,-0.3220568652028076,0.12222648685068346,8.504631415907072,38.91848088673823,9.729620221684558,,,
1763,0.11434944020364478,0.09943027411466326,0.581368040046565,142,0.6604064807245563,3.970441262750954,3.452417977809338,20.186261086496827,0.9926103156877385,0.8631044944523345,5.046565271624207,22.930633823718047,5.732658455929512,,,
1767,0.11744616537531002,0.16276002383621924,0.6878053120847887,37,0.7737756523657136,4.077965754161514,5.651353547641205,23.881976046208035,1.0194914385403786,1.4128383869103012,5.970494011552009,26.867038201442305,6.716759550360576,,,
1770,0.29615818588959625,0.1130335319388288,0.7701018095613895,35,0.8532327232333052,10.283204530458562,3.924750295980014,26.73947503159057,2.5708011326146405,0.9811875739950034,6.684868757897642,29.625946616106827,7.406486654026707,,,
1776,0.0469830446101513,0.08932156621832948,0.48787226656723537,41,0.5789426304690943,1.6313452749536734,3.1014234222328363,16.939900839747548,0.40783631873841836,0.7753558555582091,4.234975209936887,20.102046015147895,5.025511503786974,,,
1789,0.03533713888185011,0.04431193024414114,0.7971349647169549,348,1.0321711503489759,1.2269761362555995,1.5385988419370686,27.678120244902107,0.3067440340638999,0.38464971048426716,6.919530061225527,35.83904668241714,8.959761670604285,,,
1804,-0.028524551188754684,0.11095625292805494,0.6509804999141896,25,0.7389880187931238,-0.9904294663759402,3.852623014167924,22.603344918020493,-0.24760736659398505,0.963155753541981,5.650836229505123,25.659141988534845,6.414785497133711,,,
1806,0.010884916425986546,0.017204342762551863,0.21200820161461933,35,0.26762851879996186,0.3779460681431049,0.5973691894013258,7.361348776462813,0.09448651703577622,0.14934229735033144,1.8403371941157032,9.292597429772275,2.323149357443069,,,
1815,0.06477083497492069,0.08782864497150221,0.4030554798785172,35,0.49152309114343307,2.2489729319991962,3.0495862107005,13.994892372341875,0.5622432329997991,0.762396552675125,3.4987230930854687,17.066664770682284,4.266666192670571,,,
1819,-0.029568513908286506,0.0023676820383214995,0.4391435377460255,23,0.5647797633542805,-1.0266779399235242,0.08221065573459911,15.247941917617498,-0.25666948498088105,0.020552663933649778,3.8119854794043744,19.61028294318733,4.902570735796832,,,
1878,0.3829376117454948,0.048000701155791956,0.694534488107432,35,0.9057270340807889,13.296359755027071,1.6666803455314083,24.115626496066255,3.3240899387567677,0.4166700863828521,6.028906624016564,31.448654077353154,7.862163519338289,,,
1880,0.19961830250285184,0.1354854161889386,0.565352070964787,33,0.62907394128861,6.931146699504022,4.704324620912327,19.630154608039334,1.7327866748760055,1.1760811552280817,4.907538652009833,21.84270538942312,5.46067634735578,,,
1891,0.10025290330497827,0.16024922059652408,1.1801885646209773,158,1.6746096064395433,3.4809813085554557,5.564173437552509,40.978507340769575,0.8702453271388639,1.3910433593881273,10.244626835192394,58.145794754793826,14.536448688698457,,,
1896,-0.05271415627014688,-0.041638444762198606,0.4770354581532508,19,0.6128518745874967,-1.83034093401204,-1.44577007903306,16.563625177997174,-0.45758523350301,-0.361442519758265,4.140906294499294,21.279442789427062,5.3198606973567655,,,
1901,0.04915466520073893,0.05618465690818445,1.1812771489675045,192,1.6325211069909469,1.7067482851000573,1.9508436571659806,41.01630516644969,0.4266870712750143,0.48771091429149516,10.254076291612423,56.68439787693966,14.171099469234916,,,
1910,0.10184017084408416,0.0964709423187534,0.773720056975343,197,1.0991129497953553,3.5360944120482904,3.3496640591917557,26.865107818297858,0.8840236030120726,0.8374160147979389,6.7162769545744645,38.16339984279433,9.540849960698582,,,
1913,0.07324462342666355,0.09390067166928241,1.148016369884038,36,1.3200666172749058,2.543199814620612,3.2604191217008243,39.861424395113566,0.635799953655153,0.8151047804252061,9.965356098778392,45.83535308501928,11.45883827125482,,,
1927,-0.008483906848783872,0.0006329333663486677,0.886111382773769,103,1.2596418335806232,-0.29457821360347364,0.02197671234635844,30.767559432670808,-0.07364455340086841,0.00549417808658961,7.691889858167702,43.7372837455864,10.9343209363966,,,
1936,-0.06884469966879311,0.11748219865480411,0.7098525052783032,34,0.8255320239721233,-2.3904256618998345,4.079216901692108,24.647498688273245,-0.5976064154749586,1.019804225423027,6.161874672068311,28.664122936360066,7.1660307340900165,,,
1939,0.012879582275318656,0.1336165604594381,0.7059647074424885,108,0.8795737549621071,0.44720485576361435,4.63943421227261,24.512506571818086,0.11180121394090359,1.1598585530681524,6.128126642954522,30.540559919794283,7.635139979948571,,,
1974,0.0941498291642985,0.19030667399253617,0.8322420400784991,93,0.9676156444462684,3.2690703682427724,6.6078283343688415,28.897108115605647,0.8172675920606931,1.6519570835922104,7.224277028901412,33.597550406463334,8.399387601615834,,,
1983,-0.22505069619161838,0.09820920485186194,2.4895812464509417,34,2.8386820530195407,-7.814210273165374,3.4100200108663503,86.4432400392696,-1.9535525682913435,0.8525050027165876,21.6108100098174,98.5647182449445,24.641179561236125,,,
1986,0.11833289959531929,0.12891915275441676,0.5847850743058634,27,0.6521614201306334,4.1087549397486764,4.476330821938859,20.30490735004819,1.0271887349371691,1.1190827054847148,5.076226837512047,22.644348829775854,5.6610872074439635,,,
1998,0.0877329349505159,0.09893918851031226,1.0672980058907795,49,1.322739619399968,3.0462629673518133,3.4353665034550627,37.05872136053965,0.7615657418379533,0.8588416258637657,9.264680340134912,45.9281650648057,11.482041266201424,,,
2000,0.05267463267878983,0.12394804156872784,0.7051790544751374,44,0.8797449905091937,1.8289685958729405,4.303723899349368,24.48522712948572,0.4572421489682351,1.075930974837342,6.12130678237143,30.546505560460226,7.636626390115056,,,
2007,0.2605529379485587,0.30785640297854555,1.7720715350014007,36,2.0991770022255465,9.046919111449856,10.689390024221058,61.52986783831864,2.261729777862464,2.6723475060552646,15.38246695957966,72.88762387127542,18.221905967818856,,,
2021,0.15408975272365713,0.039982633633754004,0.5425748197168052,60,0.6024070116026194,5.3503043940708235,1.3882770050312065,18.83928289020691,1.3375760985177059,0.34706925125780164,4.7098207225517275,20.916776256866154,5.229194064216538,,,
2041,0.10652100240467159,0.05468161252662844,0.5260498220617846,69,0.5942512203255613,3.6986222454950073,1.8986549501495928,18.265501921629287,0.9246555613737518,0.4746637375373982,4.566375480407322,20.63359087214414,5.158397718036035,,,
2053,0.2286411333999815,0.18341885393809954,0.5969463964210395,36,0.659271861237609,7.938877433914158,6.368669446438692,20.727172776531336,1.9847193584785394,1.592167361609673,5.181793194132834,22.891237565892258,5.7228093914730644,,,
2055,0.3814137301820506,0.07824536964448385,2.0074660652789245,25,3.0010337502199764,13.243447539381162,2.7168357247957684,69.70323671861482,3.3108618848452904,0.6792089311989421,17.425809179653704,104.20189387513803,26.050473468784507,,,
2056,0.027176419014195877,0.045153635265327244,1.3423157031884856,344,1.7588827909559834,0.9436196210109092,1.5678245236826927,46.6078858461106,0.2359049052527273,0.39195613092067316,11.65197146152765,61.07192826757366,15.267982066893415,,,
2066,-0.014753310672230804,0.031210761980759116,0.933910683226001,84,1.1165849632847662,-0.5122644531611981,1.083700077495918,32.42724674297321,-0.12806611329029952,0.2709250193739795,8.106811685743303,38.770063095173654,9.692515773793414,,,
2098,0.1508052525793778,0.2189399213852971,0.72855152532379,25,0.7717994714130214,5.236259980061156,7.602031950340287,25.296766062292637,1.309064995015289,1.9005079875850717,6.324191515573159,26.79842124640293,6.699605311600733,,,
2107,-0.014646946774745685,0.047186545006641156,0.496552538690074,25,0.6663369312551887,-0.5085712859127197,1.6384112157205943,17.241297248396748,-0.12714282147817993,0.4096028039301486,4.310324312099187,23.136550927042663,5.784137731760666,,,
2109,0.049832420752649896,0.04099741170019369,0.8051386253184147,154,1.002030893650002,1.7302813133735098,1.4235121290541255,27.956023348305997,0.43257032834337744,0.3558780322635314,6.989005837076499,34.79251668931537,8.698129172328843,,,
2126,0.157608177488395,-0.027258409289694818,0.5423060976717782,115,0.749976147502377,5.472471138752051,-0.9464664873567835,18.829952323359482,1.3681177846880128,-0.23661662183919588,4.7074880808398705,26.040671793577534,6.5101679483943835,,,
2144,0.019585116241279364,-0.025016067656952145,0.5000787967294452,20,0.5884122560737999,0.6800344061297021,-0.8686079011846924,17.3637359800398,0.17000860153242553,-0.2171519752961731,4.34093399500995,20.43085035539448,5.10771258884862,,,
2151,0.0364495664666174,-0.050149984774106995,0.7968806553455976,25,0.9934207637680179,1.2656018468538894,-1.7413077713265432,27.669290114909842,0.31640046171347236,-0.4353269428316358,6.9173225287274605,34.49355575955312,8.62338893988828,,,
2171,0.3552648082613476,0.2520790641388759,0.642970462401529,37,0.6595240374170409,12.335504672450512,8.752689265030048,22.32522039550589,3.083876168112628,2.188172316257512,5.581305098876473,22.899993627194494,5.7249984067986235,,,
2174,0.030216630121982217,0.02420662340155416,0.6293958313115483,51,0.7905456758038608,1.0491818310954666,0.8405023777487636,21.85388205479958,0.26229545777386665,0.2101255944371909,5.463470513699895,27.449326955261657,6.862331738815414,,,
2204,0.0873527760189124,0.11111293398060493,0.6455780453673444,119,0.7545704948401802,3.0330630889286767,3.8580632936745642,22.415760891244933,0.7582657722321692,0.9645158234186411,5.603940222811233,26.20019672184074,6.550049180460185,,,
2215,0.06653202649811017,0.11402595835291042,0.6973537386401426,26,0.7649425228075977,2.3101250240673816,3.9592093259297556,24.213516513063034,0.5775312560168454,0.9898023314824389,6.0533791282657585,26.560334276925406,6.640083569231352,,,
2216,0.11937878789219258,0.0688338902186885,0.5839461706650975,40,0.6576542537025472,4.145070273192711,2.3900503361733025,20.275778937833515,1.0362675682981777,0.5975125840433256,5.068944734458379,22.835070997059844,5.708767749264961,,,
2223,0.1596207509527211,0.08402899252207068,1.334235165627343,74,1.7937901006107875,5.5423517145803824,2.917654678351338,46.3273134209126,1.3855879286450956,0.7294136695878345,11.58182835522815,62.283979873407766,15.570994968351942,,,
2228,0.08552987495978433,0.024627181880759963,0.9140240792237748,49,1.0674915760931143,2.9697683183536316,0.8551050092637474,31.73674407880791,0.7424420795884079,0.21377625231593686,7.934186019701977,37.06544250510512,9.26636062627628,,,
2229,0.23582254540127914,0.04973668699760377,0.8506251762474681,48,0.9437006633918855,8.188230421423215,1.7269572459307982,29.53540736966459,2.047057605355804,0.43173931148269956,7.3838518424161474,32.767174434293054,8.191793608573263,,,
2239,0.12633656030083992,0.187119625656416,0.674569614223919,447,0.7515710126872128,4.386658046765764,6.4971676420420765,23.422406145082917,1.096664511691441,1.6242919105105191,5.855601536270729,26.096048702525405,6.524012175631351,,,
2246,0.15331194371902757,0.13396849834116153,0.8316334104841111,29,1.0018373221203278,5.323297309812076,4.651654199401811,28.87597527882931,1.330824327453019,1.1629135498504528,7.218993819707327,34.785795498662026,8.696448874665506,,,
2251,0.12095907788632981,0.06438670923808283,0.5857955129799306,126,0.6619766278754796,4.199941102369144,2.235635318164712,20.339991801689152,1.049985275592286,0.558908829541178,5.084997950422288,22.985152473092406,5.746288118273101,,,
2275,0.07535231214424888,0.2270967391992504,0.9914074504794268,60,1.2895477395570034,2.6163829822726097,7.885252978476373,34.423649495546655,0.6540957455681524,1.9713132446190933,8.605912373886664,44.77567661289827,11.193919153224568,,,
2279,0.2540058167008788,0.2080484540764908,0.812202874713461,135,0.9646125848931815,8.819589967487914,7.223858422443914,28.201308215800793,2.2048974918719786,1.8059646056109786,7.050327053950198,33.49327817266105,8.373319543165263,,,
2299,-0.007058067862786094,-0.0013859153640778023,0.6374594757173877,73,0.8909510442240641,-0.24507023233165875,-0.04812175327150946,22.13386791585914,-0.06126755808291469,-0.012030438317877364,5.533466978964785,30.935602157547955,7.733900539386989,,,
2313,-0.02054442136099086,0.025614385749113965,1.3653628715431385,134,1.815976223554804,-0.7133433984963247,0.8893827019807351,47.40812962572086,-0.17833584962408117,0.22234567549518378,11.852032406430215,63.05432643426991,15.763581608567478,,,
2326,0.08401283147222992,-0.02285887992773248,0.7447220423193722,22,0.852821493176718,2.9170935343787674,-0.7937060288507272,25.858238753413243,0.7292733835946918,-0.1984265072126818,6.464559688353311,29.611667886082003,7.402916971520501,,,
2332,0.08984077283305955,0.14096830773411984,0.5485712876633667,57,0.6449291897589209,3.1194513143094937,4.894701581144109,19.04749225024742,0.7798628285773734,1.2236753952860273,4.761873062561855,22.393231326809254,5.598307831702313,,,
2336,-0.02630498919375008,-0.015012404557626584,0.2688518497009402,36,0.352665095618963,-0.9133618347853902,-0.5212607110499102,9.335073925316047,-0.22834045869634756,-0.13031517776247756,2.333768481329012,12.245237450081634,3.0613093625204084,,,
2352,0.001640665219116976,-0.002754682373628368,2.048987897998163,167,2.63314215910239,0.05696717773817964,-0.09564808137712419,71.14495779429221,0.01424179443454491,-0.023912020344281047,17.786239448573053,91.42796204835318,22.856990512088295,,,
2393,0.00539402001506191,0.0028293034372330276,0.6656485907642031,22,0.8246882429564033,0.18729116296297965,0.09823907394760518,23.11265036851466,0.04682279074074491,0.024559768486901296,5.778162592128665,28.63482517193224,7.15870629298306,,,
2425,0.062410701241121344,0.034951960658687865,0.48733835936267916,59,0.5560486293714733,2.167024368494215,1.2136019779909601,16.921362513790946,0.5417560921235538,0.30340049449774004,4.2303406284477365,19.307120509036295,4.826780127259074,,,
2451,-0.025171736177704428,0.06071535282065355,0.7295164076881585,61,0.929512669222321,-0.8740130235622532,2.108158480638733,25.33026870774824,-0.2185032558905633,0.5270396201596832,6.33256717693706,32.27453890073743,8.068634725184358,,,
2465,0.33995585473568973,0.4257594781618391,1.0258330141557723,28,1.4452980117157916,11.80394718813262,14.783220600735378,35.618973917516726,2.950986797033155,3.6958051501838445,8.904743479379182,50.18363756279572,12.54590939069893,,,
2466,0.004376744966643803,0.08933135973196923,0.5754969656130824,99,0.7121919374247607,0.15196933873180615,3.101763472613436,19.982405640017447,0.03799233468295154,0.775440868153359,4.995601410004362,24.728728451262544,6.182182112815636,,,
2480,0.11309096676982824,0.12299572953981644,1.147625963653875,86,1.482076877266235,3.9267445481819765,4.270657721081506,39.847868709989854,0.9816861370454941,1.0676644302703766,9.961967177497463,51.46067333243821,12.865168333109553,,,
2492,0.06257380895353086,0.009002138000300109,0.7137481666858919,89,1.061031861089851,2.1726877944844984,0.3125722356464204,24.78276384366754,0.5431719486211246,0.0781430589116051,6.195690960916885,36.84114828076181,9.210287070190452,,,
2495,0.1164327381104954,0.052813351224773444,0.5106064967499357,20,0.5857731068576899,4.042777532672622,1.8337851812265835,17.72927878015127,1.0106943831681554,0.4584462953066459,4.432319695037817,20.33921381631271,5.084803454078178,,,
2502,0.003877920438964923,0.17030057315863342,0.4128516293167977,28,0.502963899357299,0.13464915348174006,5.91317650121407,14.33503427313785,0.033662288370435015,1.4782941253035176,3.5837585682844626,17.463912513484136,4.365978128371034,,,
2510,0.05785213696469707,0.1679457212288035,0.6882446188363472,19,0.8080970581335274,2.0087418996882116,5.831411332506515,23.89722965523565,0.5021854749220529,1.4578528331266287,5.974307413808912,28.05874605251234,7.014686513128085,,,
2516,0.0016696562749449672,0.006193005462819556,0.19414684559602463,1283,0.32126822711460484,0.057973805178639155,0.21503353568002062,6.741166772785167,0.014493451294659789,0.053758383920005155,1.6852916931962918,11.15507538187331,2.7887688454683275,,,
2549,0.09182444277257135,0.12859834747784302,0.8615944085923569,211,1.1276826225814902,3.1883283019492223,4.465191821125665,29.91628105514382,0.7970820754873056,1.1162979552814163,7.479070263785955,39.155396021274505,9.788849005318626,,,
2550,0.04322706489006123,0.14618923902014322,0.6048836673467338,48,0.7620444772330561,1.5009301471127061,5.075982757257413,21.002770697613293,0.37523253677817653,1.2689956893143532,5.250692674403323,26.459708338486177,6.614927084621544,,,
2576,0.003914625339529561,0.027917538744808602,1.736627862387155,37,2.299218263479293,0.13592362103914543,0.9693527802972444,60.2991926378068,0.03398090525978636,0.2423381950743111,15.0747981594517,79.833456544528,19.958364136132,,,
2593,0.10989921662962154,0.08955100407436847,0.5929884074893018,33,0.7268801469546233,3.8159205998137193,3.1093899634702225,20.589743484843538,0.9539801499534298,0.7773474908675556,5.1474358712108845,25.23873246255843,6.309683115639608,,,
2594,0.1232512992608369,0.1935627092381123,0.5953288714686172,126,0.6765833338067937,4.279531612934779,6.720884390165736,20.671009075133327,1.0698829032336947,1.680221097541434,5.167752268783332,23.49232651643949,5.873081629109873,,,
2596,0.17438599166619925,0.033096367958339416,0.5713202370172465,45,0.6556851787232111,6.05503040263377,1.1491720882494612,19.837381269712836,1.5137576006584426,0.2872930220623653,4.959345317428209,22.766700775627335,5.691675193906834,,,
2629,0.1299824090341417,0.09318611490302178,0.7153085824108227,28,0.7528538636592652,4.513249206483469,3.2356082816627225,24.836944598468587,1.1283123016208672,0.8089020704156806,6.209236149617147,26.140591853977007,6.535147963494252,,,
2630,-0.1401490682737888,0.14607095676030654,1.4502065497712149,19,1.7997365294983454,-4.866255948602495,5.071875760631364,50.354071821156126,-1.2165639871506237,1.267968940157841,12.588517955289031,62.49045177724155,15.622612944310388,,,
2649,0.28502059046064937,0.365284521068173,0.7470313939950277,23,0.7879119749940368,9.896484941974668,12.683409140529104,25.938424062295354,2.474121235493667,3.170852285132276,6.4846060155738385,27.357879595742947,6.839469898935737,,,
2669,0.20589505273110698,0.10601139093850342,0.5996199317433064,32,0.6746294989443248,7.149088020929496,3.680927516166716,20.820003269991087,1.787272005232374,0.920231879041679,5.205000817497772,23.424485462344848,5.856121365586212,,,
2677,-0.016372023645635635,-0.03130340520044399,0.17888688846420311,20,0.25353467061813306,-0.5684694050237605,-1.0869168353698162,6.21131054125406,-0.14211735125594013,-0.27172920884245405,1.552827635313515,8.803230833202816,2.200807708300704,,,
2678,-0.04508459858499773,-0.007786261344145326,1.7598254022161255,53,2.465965294646018,-1.565427432068291,-0.27035456639141403,61.10465761574831,-0.39135685801707276,-0.06758864159785351,15.276164403937077,85.62324696069903,21.40581174017476,,,
2691,0.019632681522676703,0.09284040206548146,0.660512706869629,33,0.8180420085107207,0.6816859678303805,3.223604440517647,22.93432220792726,0.17042149195759512,0.8059011101294118,5.733580551981815,28.404054619509246,7.1010136548773115,,,
2711,0.04552190709894972,0.05321523560194236,0.38727393869791216,1219,0.5234814544708003,1.580611658289732,1.8477394105706426,13.446925699468906,0.395152914572433,0.46193485264266065,3.3617314248672265,18.17632306213513,4.544080765533782,,,
2713,0.008383528192364728,0.03839664492204204,1.402974885225921,99,1.9164899954890224,0.2910928658952881,1.3332083049831438,48.71409396481443,0.07277321647382202,0.33330207624578595,12.178523491203608,66.54436562336984,16.63609140584246,,,
2724,0.14245933766846697,-0.04169088825578245,1.006377685208444,41,1.224371335570273,4.946473122524511,-1.4475910220172783,34.94344598580759,1.2366182806311277,-0.3618977555043196,8.735861496451898,42.51262151367102,10.628155378417755,,,
2749,0.144305574442412,0.08824157277728807,0.8870945972141653,81,1.1778442543413696,5.010578155789429,3.0639238899729966,30.801698604470246,1.2526445389473573,0.7659809724932491,7.700424651117562,40.89710819924104,10.22427704981026,,,
2765,0.005014542593209866,0.00959367158114196,0.7472453151363578,53,0.9984384654535865,0.17411494792143298,0.3331114646404112,25.945851832164617,0.043528736980358244,0.0832778661601028,6.486462958041154,34.66778039747943,8.666945099369858,,,
2768,0.0005627353219830928,-0.009749633519533063,0.1620319230207273,22,0.20990597723007157,0.01953929584989695,-0.33852677506522705,5.626072431125694,0.004884823962474237,-0.08463169376630676,1.4065181077814235,7.2883553413825455,1.8220888353456364,,,
2780,0.03503732838526048,0.018451398654360674,0.44471152707052297,20,0.5938092848069907,1.2165661161930146,0.6406694640767113,15.441273642942699,0.30414152904825364,0.16016736601917783,3.8603184107356747,20.61824598706833,5.154561496767083,,,
2791,0.1363248675134009,0.23355236725144465,1.2647035274264877,27,1.5980639916726302,4.733472049800306,8.109405295704661,43.913035879302505,1.1833680124500765,2.0273513239261653,10.978258969825626,55.48797791885707,13.871994479714267,,,
2792,-0.1751971179131646,0.07658553918821726,2.5237005997226385,33,2.9805683892450494,-6.083194328180902,2.65920309169328,87.62793222356946,-1.5207985820452254,0.66480077292332,21.906983055892365,103.49129561136661,25.872823902841652,,,
2797,0.07858129383303095,0.05659301689318887,1.2525049431675797,40,1.704244843482851,2.7284996844705005,1.965022732565304,43.489476636664705,0.6821249211176251,0.491255683141326,10.872369159166176,59.174789455411556,14.793697363852889,,,
2805,0.11715896915040958,-0.10846157223888894,0.7717749646464817,40,1.1041845063452005,4.0679937268405215,-3.766002711278702,26.797570322455137,1.0169984317101304,-0.9415006778196755,6.699392580613784,38.33949442931805,9.584873607329513,,,
2807,0.07005243901889403,0.024888711460195695,0.5858100400949153,78,0.6697929119783556,2.4323607876140385,0.864185839320915,20.34049621217565,0.6080901969035096,0.21604645983022874,5.085124053043913,23.256549489712462,5.814137372428116,,,
2808,-0.05473569723111519,-0.024922944705420964,0.5937412832822102,24,0.724736678797549,-1.9005328792587817,-0.8653744860616267,20.615884838124902,-0.4751332198146954,-0.21634362151540668,5.153971209531226,25.164306961208496,6.291076740302124,,,
2822,0.23589032002591576,0.08795151892160616,0.6890060610494761,23,0.7850341364241447,8.190583691939848,3.053852639996009,23.923668451759912,2.047645922984962,0.7634631599990023,5.980917112939978,27.257955284919152,6.814488821229788,,,
2834,-0.009901012294664705,-0.1782534728254704,1.1414443954811693,48,1.7693732375644082,-0.3437829488953479,-6.189317083445983,39.63323229989716,-0.08594573722383697,-1.5473292708614959,9.90830807497429,61.436177554711385,15.359044388677846,,,
2844,-0.025557736421165107,0.11461011888170844,0.6027762565642544,60,0.6938169037683352,-0.8874157240156949,3.9794925478106804,20.92959718042404,-0.22185393100392373,0.9948731369526701,5.23239929510601,24.090710532644135,6.022677633161034,,,
2845,0.04353610874552032,0.08228901559899583,0.734562836586037,50,0.8256845890891199,1.5116607678619567,2.8572391996283333,25.50549081194038,0.3779151919654892,0.7143097999070833,6.376372702985095,28.66942030235242,7.167355075588105,,,
2857,0.06925297543120285,0.009935374295656113,0.5665933721035574,22,0.6461512977768982,2.404601812922225,0.34497606629377153,19.67325506617972,0.6011504532305563,0.08624401657344288,4.91831376654493,22.43566536140946,5.608916340352365,,,
2859,-0.007890087172008009,0.003392750366052155,0.24533361141940185,20,0.31647108657262896,-0.2739596067864621,0.11780307821006293,8.518473655704472,-0.06848990169661552,0.029450769552515733,2.129618413926118,10.988509067974823,2.7471272669937057,,,
2867,0.043488278160107544,0.08427856098186623,1.4432586643641767,40,1.7920326089025291,1.5099999942752542,2.926320194412359,50.112827344052945,0.37749999856881356,0.7315800486030898,12.528206836013236,62.22295624631362,15.555739061578405,,,
2874,0.2215894798034559,0.23678645048309577,0.7860336905252359,260,0.9578440108911964,7.6940299177355955,8.221699133674052,27.29266180241724,1.9235074794338989,2.055424783418513,6.82316545060431,33.25825974616412,8.31456493654103,,,
2875,0.18722141832235947,0.27522991401090896,0.7946627810924912,251,1.000739370361258,6.500702086988966,9.556533074286781,27.592281085093482,1.6251755217472414,2.3891332685716953,6.898070271273371,34.747672417683596,8.686918104420899,,,
2891,0.14074136790089872,-0.14504694683579325,1.2010593244814094,24,1.784221257709507,4.8868217762550055,-5.036320088032413,41.7031818646435,1.2217054440637514,-1.2590800220081033,10.425795466160874,61.9517305101895,15.487932627547375,,,
2911,-0.06877031975842231,0.03186936498958813,0.45508476201230996,28,0.5672715505667438,-2.3878430426519395,1.1065680911684792,15.801453106591428,-0.5969607606629849,0.2766420227921198,3.950363276647857,19.69680277877848,4.92420069469462,,,
2916,0.08967743251000772,0.2694338774213051,0.6445528906413146,39,0.7485163819150812,3.113779811612488,9.355283091822555,22.380165468847725,0.778444952903122,2.3388207729556387,5.595041367211931,25.98998581285545,6.497496453213863,,,
2917,0.16734879863595686,0.2005571281437862,0.6964286113670592,451,0.7750544338050064,5.810684986237694,6.963744603408545,24.18139424388703,1.4526712465594236,1.7409361508521362,6.045348560971758,26.911440050577433,6.727860012644358,,,
2925,-0.13467811132086355,-0.279216742498628,1.560875572698453,20,2.1815535567547952,-4.676293381283024,-9.694963733037362,54.19672163523568,-1.169073345320756,-2.4237409332593405,13.54918040880892,75.74790259764,18.93697564941,,,
2930,0.19334631482292744,0.05763291860569256,0.5924352590770611,36,0.7045724568279703,6.713370743281687,2.001130199826857,20.570537065673715,1.6783426858204218,0.5002825499567143,5.142634266418429,24.464164845980786,6.1160412114951965,,,
2937,0.20850736784696283,0.18835098546668078,0.5596923130682493,87,0.6080302857673988,7.239792826382244,6.53992291737409,19.433636494355753,1.809948206595561,1.6349807293435226,4.858409123588938,21.11202758241562,5.278006895603905,,,
2984,0.16794749547458349,0.22189071860218915,0.7389871296203815,92,0.8818868362471426,5.831472937868488,7.704489531305212,25.659111114678886,1.457868234467122,1.926122382826303,6.4147777786697215,30.620874728173288,7.655218682043322,,,
2988,0.0977814585560029,0.12099199034480218,0.6357476610248958,63,0.7678135273662687,3.3951678039815327,4.201083888752222,22.07443028610643,0.8487919509953832,1.0502709721880554,5.518607571526608,26.660021297211586,6.665005324302896,,,
2998,0.02826850113485193,0.008850982797952156,0.5989761171117504,20,0.7685252944620847,0.9815388964043288,0.3073238247104948,20.797648738354198,0.2453847241010822,0.0768309561776237,5.1994121845885495,26.68473527431251,6.671183818578127,,,
3032,0.2484547100694825,0.2525277207812633,1.7589480381060059,53,2.2839924915343888,8.62684444303257,8.768267520967024,61.07419377911674,2.1567111107581427,2.192066880241756,15.268548444779185,79.30478729105705,19.826196822764263,,,
3036,-0.020983899060116783,0.12034327082056816,0.4869785871863668,39,0.5876952777384031,-0.728602943165375,4.178559049431768,16.908870504285026,-0.18215073579134375,1.044639762357942,4.227217626071257,20.405955433632833,5.101488858408208,,,
3051,0.12501433941285256,0.14259653244021278,1.503512058414875,194,1.9239788190851919,4.3407478930930665,4.9512367993890685,52.204945692281285,1.0851869732732666,1.2378091998472671,13.051236423070321,66.80439255627603,16.701098139069007,,,
3055,0.1725538257012489,0.188468290883948,0.7591084486170386,59,1.1153457414036474,5.991413935998764,6.543995996072443,26.357763552880815,1.497853483999691,1.6359989990181107,6.589440888220204,38.72703483301745,9.681758708254362,,,
3088,0.03084707125828323,-0.018974460350366568,0.8056458759292405,46,1.4236994563486696,1.0710720082301104,-0.658831212285428,27.97363610401509,0.2677680020575276,-0.164707803071357,6.993409026003772,49.43369252333851,12.358423130834627,,,
3099,0.005705622293983955,0.024790684423517936,2.0904285924714583,30,2.510542167905892,0.1981106172917109,0.8607821445533899,72.58386158779398,0.049527654322927724,0.21519553613834747,18.145965396948494,87.17104515402838,21.792761288507094,,,
3103,0.09767986514270525,0.12068175079812886,0.4503037354126065,47,0.5340287429618323,3.391640277485012,4.19031175121263,15.635446300996524,0.847910069371253,1.0475779378031576,3.908861575249131,18.54254601312074,4.635636503280185,,,
3105,0.006420392323162179,0.00710816756588553,0.5281287410359984,86,0.7015028851939089,0.22292886224483718,0.24680979422267738,18.337686146251936,0.055732215561209296,0.061702448555669344,4.584421536562984,24.357583179702907,6.089395794925727,,,
3110,0.016697636077537936,0.1438118200649446,0.8987587564149072,36,1.1442746714966612,0.5797753198842722,4.993434016295007,31.20670154023841,0.14494382997106806,1.2483585040737517,7.801675385059602,39.73150514370707,9.932876285926767,,,
3132,-0.008229310741903745,-0.010046128449536772,0.1847469176528991,37,0.2629982477989989,-0.28573812758038186,-0.3488216720248158,6.414782474743963,-0.07143453189509547,-0.08720541800620395,1.6036956186859908,9.13182516007684,2.28295629001921,,,
3144,0.001245796393774341,0.02956681202448408,0.4070985622663524,27,0.4679250403282797,0.04325654238463267,1.0266188471141362,14.135276279012288,0.010814135596158167,0.25665471177853405,3.533819069753072,16.247293250278528,4.061823312569632,,,
3150,0.0887583990202365,0.1771431083083093,1.0926451506610593,90,1.3044381876782847,3.081869130780652,6.150763006681116,37.9388249212533,0.770467282695163,1.537690751670279,9.484706230313325,45.292702752565404,11.323175688141351,,,
3157,0.03148361949085654,0.00974999996464021,0.33395241507579526,24,0.39167248203485405,1.0931742359615209,0.3385394987722374,11.595495756261764,0.2732935589903802,0.08463487469305934,2.898873939065441,13.599651921214203,3.399912980303551,,,
3160,-0.012700237269016795,-0.061575617626197336,0.7116260560821364,26,0.8260639369824349,-0.44097763845480115,-2.138028595216824,24.70907991928394,-0.11024440961370029,-0.534507148804206,6.177269979820985,28.682592019904103,7.170648004976026,,,
3166,0.16475210659521622,0.1948247861327559,0.9059955601114678,26,1.159085346952183,5.720522645199098,6.76470622410155,31.457977838190384,1.4301306612997744,1.6911765560253875,7.864494459547596,40.2457614168737,10.061440354218425,,,
3172,-0.0017446510312384231,-0.0030390869386272765,0.2821901227600436,35,0.3510699810529694,-0.06057777310666053,-0.10552317668301629,9.798205442474234,-0.015144443276665132,-0.026380794170754073,2.4495513606185586,12.189851882121204,3.047462970530301,,,
3175,0.2887053677084527,0.263441171286813,0.8870971999128869,84,1.0475683504521527,10.024427777572894,9.14720434942072,30.80178897537526,2.5061069443932236,2.28680108735518,7.700447243843815,36.37366826439965,9.093417066099912,,,
3177,0.17098301664799254,-0.18651584975926816,2.120240110746251,27,2.58559922399457,5.936872304051597,-6.476203335341309,73.61897712533134,1.4842180760128993,-1.6190508338353273,18.404744281332835,89.77717625553947,22.44429406388487,,,
3178,0.10288832632146785,0.2319096889525346,0.71673471007904,26,0.8860019135397335,3.572488466534007,8.052368219809907,24.88646260336443,0.8931221166335017,2.0130920549524767,6.221615650841107,30.763758441926626,7.6909396104816565,,,
3191,-0.03897982017507123,0.031064403612333535,0.9763464764275253,30,1.2808067204479983,-1.3534573161188233,1.078618222227445,33.90070235451653,-0.3383643290297058,0.26965455555686124,8.475175588629133,44.4721709473954,11.11804273684885,,,
3226,0.09667853470588987,0.05518463870821151,0.6407073691319167,320,0.8855012135922081,3.356872082057908,1.9161210252265202,22.246641270998413,0.839218020514477,0.47903025630663004,5.561660317749603,30.746373138348652,7.686593284587163,,,
3249,-0.061979020927776095,0.027297917426470215,2.078518864867239,79,2.6269914970491515,-2.1520355646542417,0.9478382888818988,72.17033202592027,-0.5380088911635604,0.2369595722204747,18.04258300648007,91.21439876054065,22.80359969013516,,,
3270,0.11195261524235406,0.06802742046575763,0.7282219814200526,53,0.8239865412821511,3.887218706445018,2.3620480934120365,25.285323638867066,0.9718046766112545,0.5905120233530091,6.3213309097167665,28.610460686398852,7.152615171599713,,,
3289,0.06466024539667159,0.010749327819050785,0.36080033262386413,114,0.4627436019482834,2.245133040663231,0.3732381605330814,12.52770914936581,0.5612832601658078,0.09330954013327035,3.1319272873414525,16.067383346848295,4.016845836712074,,,
3293,0.19627756081510728,0.30209301991473825,1.680494357237685,35,2.0880562261567372,6.815149466622155,10.489273837479542,58.3501250720069,1.7037873666555388,2.6223184593698856,14.587531268001724,72.50148828461424,18.12537207115356,,,
3294,0.1422754542388959,0.17464728804057747,0.7378184911205872,31,0.8697342705317396,4.940088322082944,6.064103135344931,25.618533648689027,1.235022080520736,1.5160257838362328,6.404633412172257,30.198913341403063,7.549728335350766,,,
3300,-0.0014099365543631848,0.02275331322687407,1.2868689734779215,50,1.6263213401669696,-0.0489558170405985,0.7900405418635215,44.68266449710039,-0.012238954260149626,0.19751013546588037,11.170666124275098,56.46912957327752,14.11728239331938,,,
3303,0.1827567331082408,0.3580647907440241,0.661549089142436,41,0.7342054060450321,6.345679286984337,12.432725664214004,22.970307473203665,1.5864198217460843,3.108181416053501,5.742576868300916,25.493080108695608,6.373270027173902,,,
3314,0.13546363985703103,0.17817277376013863,1.121447749684933,32,1.3876090493022768,4.703568503115831,6.186515050499533,38.938908764560246,1.1758921257789579,1.5466287626248834,9.734727191140061,48.180561409873654,12.045140352468414,,,
3316,-0.03182060317675095,-0.023769508307863063,0.5585144833158238,32,0.7998294285221379,-1.1048749835031466,-0.8253248674656213,19.392739889692034,-0.27621874587578665,-0.20633121686640532,4.848184972423009,27.771677417145675,6.942919354286419,,,
3335,-0.024067509176768455,0.08310224254330478,0.6164563121505011,20,0.7020151415826684,-0.8356720536357544,2.885476065588629,21.4045960704897,-0.2089180134089386,0.7213690163971572,5.351149017622425,24.375369746033414,6.093842436508353,,,
3338,0.11177770428067797,0.023443875726226054,0.6766610943243968,127,0.864781058395411,3.881145448033701,0.814018252966021,23.495026517131706,0.9702863620084252,0.20350456324150526,5.873756629282926,30.02692790960546,7.506731977401365,,,
3344,0.410847208559056,0.2765104896061747,1.096733586171079,19,1.2465129939376252,14.265436775587542,9.600997220105597,38.08078357903221,3.5663591938968855,2.4002493050263993,9.520195894758052,43.281424175502224,10.820356043875556,,,
3345,0.01254439654116928,0.252650060689628,0.6324573246238101,28,0.714076589951312,0.4355665367024798,8.772515407265264,21.960183225587937,0.10889163417561995,2.193128851816316,5.490045806396984,24.794167356289456,6.198541839072364,,,
3391,0.19215895258745702,0.26705088924886045,0.84607812604499,35,1.0263080205897812,6.672143151741683,9.272540976498933,29.377524692534145,1.6680357879354208,2.318135244124733,7.344381173133536,35.63546709091838,8.908866772729596,,,
3395,-0.0010052470129516197,-0.003951587486992532,0.5619848360460433,73,0.8376621027197381,-0.03490418678370614,-0.1372070207233547,19.513237477190717,-0.008726046695926535,-0.034301755180838674,4.878309369297679,29.085303530634746,7.271325882658687,,,
3417,0.33259564149818444,-0.00019179699672565076,0.6989005008961122,19,0.7995757979489792,11.548385864099961,-0.006659575320308046,24.26722319211481,2.8870964660249903,-0.0016648938300770114,6.066805798028702,27.762870856384456,6.940717714096114,,,
3420,0.29954372122112655,0.24798223784845327,0.8150863774105119,23,1.0076008498179359,10.400757088239956,8.610439262573994,28.301429196447796,2.600189272059989,2.1526098156434985,7.075357299111949,34.98591670737837,8.746479176844593,,,
3431,0.189230883740083,0.2902105175948708,0.8649685970968739,39,0.9467900104219779,6.570474745223162,10.076689591929105,30.033439628397655,1.6426186863057906,2.519172397982276,7.508359907099414,32.87444274187192,8.21861068546798,,,
3440,0.05384691565401312,0.10891331261610304,1.606580174971085,32,2.113428864248186,1.8696726053386434,3.78168804065633,55.78367683534602,0.46741815133466086,0.9454220101640824,13.945919208836505,73.38247702442553,18.34561925610638,,,
3445,0.09901226888287142,0.16491647220774375,0.7289429684071256,414,0.9373976305550018,3.4379040001510615,5.726229747997278,25.310357749032214,0.8594760000377654,1.4315574369993196,6.3275894372580535,32.54832052813077,8.137080132032693,,,
3452,0.07008230092890529,0.28965009818792,0.7246819725488866,20,0.8194465110819981,2.4333976528534493,10.057230709280958,25.16240745084244,0.6083494132133623,2.5143076773202395,6.29060186271061,28.45282175778914,7.113205439447285,,,
3458,0.04213176895821354,0.1659521473818586,0.8013577503926781,67,0.9380508422949652,1.4628992817670907,5.762190461392894,27.82474380913457,0.3657248204417727,1.4405476153482235,6.956185952283643,32.57100134616578,8.142750336541445,,,
3487,-0.0008557573635652998,0.025391022722186175,1.846520291463748,264,2.340439127387207,-0.02971360717771434,0.8816270909597483,64.11487756020426,-0.007428401794428585,0.22040677273993708,16.028719390051066,81.2647273811386,20.31618184528465,,,
3501,0.06697098885283763,0.0051981827087916495,1.0237319548986175,81,1.2563304597153262,2.3253666749482282,0.18049130001466365,35.546020937989795,0.5813416687370571,0.04512282500366591,8.886505234497449,43.62230622223556,10.90557655555889,,,
3513,-0.0009962587102191175,-0.05923835463630996,0.8847942580256242,112,1.3504698453201638,-0.0345920949362282,-2.0568741496819545,30.721826227165725,-0.00864802373405705,-0.5142185374204886,7.680456556791431,46.89101396920673,11.722753492301683,,,
3514,-0.010544000815965755,0.040073087634439127,0.5123516096268933,284,0.6033278227894567,-0.36610879633196297,1.3914177488429953,17.78987258946499,-0.09152719908299074,0.3478544372107488,4.447468147366248,20.948748662895518,5.2371871657238795,,,
3515,0.18502466944840143,0.3945711783781068,1.5270827510788552,47,2.009957921442957,6.424426572587395,13.700300455644625,53.02336728296001,1.6061066431468487,3.425075113911156,13.255841820740002,69.78975894834235,17.44743973708559,,,
3526,0.1567394160971304,-0.05392727431222397,0.6121307513527219,20,0.7253759192295272,5.4423060057245625,-1.8724628186690409,21.25440394846921,1.3605765014311406,-0.4681157046672602,5.313600987117303,25.18650266748764,6.29662566687191,,,
3533,0.007990880725614602,-0.016333226115233735,0.6561999494385653,51,0.768254943846441,0.2774593605547902,-0.5671222771731458,22.784574644405865,0.06936484013869755,-0.14178056929328645,5.696143661101466,26.675348160236126,6.6688370400590316,,,
3545,0.20970729558033915,-0.006608423646059299,0.8740736359109806,29,1.0100992910087725,7.281456717140537,-0.229457685838471,30.349584786101072,1.8203641792851342,-0.05736442145961775,7.587396196525268,35.0726675824066,8.76816689560165,,,
3550,0.000523399020302068,0.0003966870362792006,0.8112050229531466,168,1.0605441047561543,0.018173460782928405,0.013773767273686404,28.166660806979156,0.004543365195732101,0.003443441818421601,7.041665201744789,36.82421240534319,9.206053101335797,,,
3565,-0.06193080723303865,0.23996935487721202,0.4727231527516215,25,0.6067134887592666,-2.150361488745568,8.332215940046556,16.413893309841804,-0.537590372186392,2.083053985011639,4.103473327460451,21.066305756699254,5.2665764391748136,,,
3570,0.08474696385097313,0.08865893983042403,0.5961216307436903,143,0.6754934697460783,2.942584078833489,3.078415708791983,20.698535262682416,0.7356460197083723,0.7696039271979958,5.174633815670604,23.45448425652333,5.863621064130832,,,
3592,0.008150594140455306,0.0017009083113587546,0.4005721550136476,48,0.49070045776413335,0.28300492974488917,0.05905893838699868,13.908666366383873,0.07075123243622229,0.01476473459674967,3.477166591595968,17.03810129448624,4.25952532362156,,,
3618,-0.01380192148134602,0.3578502136827903,0.5474253609548329,23,0.7315544208224382,-0.47923031767529656,12.425275119493845,19.007703383073707,-0.11980757941882414,3.1063187798734613,4.751925845768427,25.4010325997967,6.350258149949175,,,
3619,0.24745797015520915,0.22943903860685144,1.771858405170596,27,2.2570961571740673,8.592235639729173,7.966582298507096,61.52246754433343,2.1480589099322933,1.991645574626774,15.380616886083358,78.37089276939797,19.592723192349492,,,
3639,0.006628857300268895,-0.00153485301524574,0.4088213222346403,167,0.5274070068436297,0.2301671831799366,-0.053293166395362586,14.19509395063118,0.05754179579498415,-0.013323291598840646,3.548773487657795,18.312626091624512,4.578156522906128,,,
3642,0.29273823558306317,0.3424854479811374,0.8453808981577464,116,0.9231540514780451,10.16445701591512,11.891779724801053,29.353315545833272,2.54111425397878,2.972944931200263,7.338328886458318,32.05375497542068,8.01343874385517,,,
3651,0.21322979505245981,0.3769869504482822,1.0488276995900503,37,1.288718252748041,7.40376494381151,13.089740893465255,36.417395385165726,1.8509412359528774,3.2724352233663137,9.104348846291431,44.74687517191748,11.18671879297937,,,
3655,0.041902636233440184,0.12768805392414842,0.540115236348379,48,0.6168522118689155,1.45494333529751,4.433584608354281,18.753881236488414,0.3637358338243775,1.1083961520885703,4.688470309122104,21.418342500512484,5.354585625128121,,,
3662,0.1590911893926933,0.19246668955322832,0.5947221741394522,22,0.6417453111403406,5.523964278093096,6.682828394667194,20.64994333047006,1.380991069523274,1.6707070986667985,5.162485832617515,22.282680693414907,5.570670173353727,,,
3663,0.15661344861242718,0.1552868701332222,0.7928458364419279,104,0.9552670958149903,5.4379321627206965,5.391870704765742,27.52919313293662,1.3594830406801741,1.3479676761914354,6.882298283234155,33.16878410088809,8.292196025222022,,,
3666,0.068073368519148,0.05243751561468701,0.6248343987207302,35,0.722801597429197,2.3636435017218567,1.8207354171731622,21.695499992381194,0.5909108754304642,0.45518385429329056,5.4238749980952985,25.09711706593658,6.274279266484145,,,
3691,-0.016383485276359504,-0.0033398419777165033,0.7717491279422579,78,1.1446946354635914,-0.5688673757657547,-0.11596599315027244,26.79667322041108,-0.1422168439414387,-0.02899149828756811,6.69916830510277,39.74608713256682,9.936521783141705,,,
3702,0.10169218258868734,0.13571715445629645,0.7428364976948031,22,0.8534277214192248,3.530955963844402,4.7123710370315255,25.792768872958955,0.8827389909611005,1.1780927592578814,6.448192218239739,29.632717343118326,7.4081793357795815,,,
3714,0.38186600764848877,0.022337476667630432,0.695537689677602,41,0.7961280682902254,13.259151517570828,0.7756018648534639,24.150459660985696,3.314787879392707,0.19390046621336599,6.037614915246424,27.64315878717321,6.9107896967933025,,,
3726,0.030888583624481214,0.004488320254221126,0.23731902406452798,28,0.3205169907963623,1.0725134006092367,0.15584345586706597,8.24019115356854,0.2681283501523092,0.03896086396676649,2.060047788392135,11.128990954431293,2.7822477386078233,,,
3733,0.0033666696925922866,0.0006322327422761789,0.8760446822049055,732,1.5122320373264824,0.11689750506618937,0.021952385277313486,30.41802345551873,0.029224376266547343,0.0054880963193283715,7.604505863879682,52.50772080005012,13.12693020001253,,,
3735,-0.15657905633572627,0.07985317588328587,0.9036066001344507,21,1.112054377246481,-5.436737994089088,2.7726619730194524,31.3750283698684,-1.359184498522272,0.6931654932548631,7.8437570924671,38.612752086752316,9.653188021688079,,,
3740,0.2815749061023613,0.40195302919200204,0.8985607722265876,629,1.0264311157383843,9.77684388968619,13.956613079604695,31.199827133251574,2.4442109724215473,3.489153269901174,7.7999567833128935,35.63974120066818,8.909935300167046,,,
3753,0.14526023829089113,0.3020222424528366,0.8325321480441548,390,0.9509748776721348,5.043725993936322,10.486816302447393,28.907181244389143,1.2609314984840805,2.621704075611848,7.226795311097286,33.01974970253187,8.254937425632967,,,
3761,0.14763645359672534,0.17614000064218413,0.850206423361757,385,1.1008290837836594,5.1262329417854975,6.115933102297918,29.520867431966927,1.2815582354463744,1.5289832755744794,7.380216857991732,38.22298744713623,9.555746861784057,,,
3770,0.08081995866979512,0.2802139437317751,0.949105975127097,21,1.023367206323137,2.8062306049326264,9.729588554254695,32.95485766836306,0.7015576512331566,2.432397138563674,8.238714417090765,35.53335613795196,8.88333903448799,,,
3775,-0.049866016911495774,0.1879076861497456,0.8932508822940779,71,1.250815364200999,-1.7314478392009562,6.524530678491467,31.015457135014973,-0.43286195980023906,1.6311326696228667,7.753864283753743,43.430811075787084,10.857702768946771,,,
3792,0.13090592606987406,-0.00326773365626236,0.6028615346295031,67,0.7177669391386858,4.545315564998167,-0.11346224801274167,20.932558205405606,1.1363288912495417,-0.028365562003185418,5.233139551351401,24.92230366077345,6.230575915193363,,,
3795,0.2197792621733883,0.1278670325972526,1.2985601334756984,22,1.7866647371183244,7.631175541184389,4.439799105841805,45.0886049545432,1.9077938852960972,1.1099497764604513,11.2721512386358,62.03657300222246,15.509143250555615,,,
3812,-0.015385402596519628,0.07129728379345782,0.48674288290209017,56,0.5584393001114414,-0.5342119489563546,2.4755842878764422,16.900686380126377,-0.13355298723908865,0.6188960719691106,4.225171595031594,19.390129378469467,4.847532344617367,,,
3818,0.04766025585958492,0.08363193157733965,0.7333044878063234,21,0.8843905709096116,1.6548594039565077,2.9038679282283875,25.46179842561116,0.4137148509891269,0.7259669820570969,6.36544960640279,30.707809403123534,7.6769523507808834,,,
3819,0.47431540996630106,0.33046784230804804,1.6302243007624446,39,1.8997058507751028,16.469179664849907,11.474504420620045,56.604648171073606,4.117294916212477,2.8686261051550113,14.151162042768402,65.96158655061312,16.49039663765328,,,
3844,-0.13307768439316534,0.07582982983113908,0.5109558778165748,25,0.6038342485162305,-4.620723357499487,2.632963351396811,17.741409989547112,-1.1551808393748717,0.6582408378492027,4.435352497386778,20.966332776980554,5.2415831942451385,,,
3870,0.1961620807148529,0.05205551442986689,0.5205506103542253,25,0.6167005356661577,6.811139766581122,1.8074715720338381,18.074558292719413,1.7027849416452805,0.45186789300845953,4.518639573179853,21.413075999400327,5.353268999850082,,,
3885,-0.02558201710418602,0.07249206410139018,0.5482475547322269,22,0.6393959081986045,-0.888258797891547,2.5170694497284702,19.03625159541238,-0.22206469947288676,0.6292673624321176,4.759062898853095,22.201104724471946,5.550276181117987,,,
3888,0.0033749899145471282,0.02005255217121384,0.5193853781941432,324,0.6192559663138859,0.11718639981290539,0.696264716488887,18.03409910165704,0.029296599953226348,0.17406617912222175,4.50852477541426,21.501805662350748,5.375451415587687,,,
3892,0.060644982945907304,0.13970098809365983,0.624784723367765,49,0.7236428922449338,2.1057150978477934,4.850697708588057,21.693775164775538,0.5264287744619484,1.2126744271470142,5.423443791193884,25.126328504528594,6.2815821261321485,,,
3896,-0.0036361978388194634,0.007592764455673135,0.555331400768567,130,0.7388199163616537,-0.1262560613594894,0.2636359674298826,19.282216897486183,-0.03156401533987235,0.06590899185747065,4.820554224371546,25.65330513590934,6.413326283977335,,,
3900,0.1750725523529329,0.27545135904341683,0.9175893105983179,27,0.9960205305895368,6.0788691627985365,9.56422208870552,31.8605360425948,1.5197172906996341,2.39105552217638,7.9651340106487,34.5838248631299,8.645956215782475,,,
3901,0.06595140192921548,0.13028574073177082,0.5894154884251088,50,0.6591494019841749,2.2899645777862196,4.523781489688546,20.46568458909663,0.5724911444465549,1.1309453724221366,5.116421147274157,22.886985535694524,5.721746383923631,,,
3910,-0.0021638697771227716,0.0024617402651088503,0.621819505080895,244,0.9102076909459961,-0.07513388640125689,0.0854765454851095,21.590816855418836,-0.01878347160031422,0.021369136371277374,5.397704213854709,31.604231445026876,7.901057861256719,,,
3920,0.06283847896812374,-0.001745778180790122,0.5478395836104121,31,0.677425839048761,2.1818776667311925,-0.06061690999339461,19.022086022120728,0.5454694166827981,-0.015154227498348653,4.755521505530182,23.52157998345108,5.88039499586277,,,
3935,0.08220749399247386,0.09903269304815904,1.486372843642905,37,2.013170238147128,2.8544086064066776,3.438613168018178,51.609837876968946,0.7136021516016694,0.8596532920045445,12.902459469242237,69.90129700894458,17.475324252236145,,,
3936,0.21294239626668393,0.30244049909294435,0.8636438312689925,973,0.9923898607975309,7.3937858831718,10.501339009505214,29.987441109321956,1.84844647079295,2.6253347523763035,7.496860277330489,34.45776074661187,8.614440186652967,,,
3945,-0.002684874662594879,-0.0017989582223378875,0.2546864114981779,138,0.3353392235418707,-0.09322421803461939,-0.06246342739601613,8.843221580039733,-0.023306054508654847,-0.015615856849004033,2.2108053950099333,11.643648519820834,2.9109121299552085,,,
3955,0.23897025048330417,0.26615772182283737,1.1629557111668247,98,1.5080032998436839,8.297525037281288,9.24152841713256,40.38014820313449,2.074381259320322,2.31038210428314,10.095037050783622,52.36089057717239,13.090222644293098,,,
3961,-0.0007275419211658747,0.007181974457074332,0.18167256349323369,21,0.23242851614794763,-0.0252617105867215,0.24937251709853497,6.308034749612061,-0.006315427646680375,0.06234312927463374,1.5770086874030151,8.070382937689038,2.0175957344222595,,,
3983,0.17585329320506957,0.33895658005674417,0.8331951103305673,61,1.0978120012654888,6.105978046666426,11.769250372730271,28.930200620897956,1.5264945116666064,2.9423125931825678,7.232550155224489,38.118228307940306,9.529557076985077,,,
3994,0.03664335294789957,0.33733271523607605,0.8425039208621995,37,0.9922824932915237,1.2723305010569688,11.712866538427033,29.25342114017729,0.3180826252642422,2.928216634606758,7.313355285044323,34.45403273206829,8.613508183017073,,,
3997,0.027330449082434087,0.025781701584427146,0.6467252694593909,63,0.7885861153136936,0.9489678530402764,0.8951922424144794,22.45559480616897,0.2372419632600691,0.22379806060361984,5.613898701542243,27.38128709592207,6.845321773980517,,,
4001,0.19347639423007937,0.24730936072749168,1.6047739877764096,171,1.9371234109281232,6.717887360456816,8.587075623179967,55.72096240357249,1.679471840114204,2.1467689057949917,13.930240600893123,67.2607990742463,16.815199768561573,,,
4008,0.06356694043443749,0.20176475909416144,0.6609125337529637,19,0.7197969132654538,2.2071713057645383,7.005675965267474,22.948204996970404,0.5517928264411346,1.7514189913168685,5.737051249242601,24.992788422403088,6.248197105600772,,,
4010,0.012959301735062803,-0.03198550255982284,0.5030116316778346,84,0.6059957716068822,0.44997287484485066,-1.1106006198821687,17.465569875117772,0.11249321871121266,-0.2776501549705422,4.366392468779443,21.041385181734164,5.260346295433541,,,
4016,0.2820152832063428,0.3807044958458269,0.8696322841741191,117,1.0454924317947547,9.792134663490634,13.218821504758802,30.195372171093766,2.4480336658726585,3.3047053761897005,7.548843042773441,36.301588216777475,9.075397054194369,,,
4022,0.1901353713031201,0.008248926040015755,1.0201289697769393,53,1.3435426129203152,6.601880362386937,0.28641920996142706,35.42091808859489,1.6504700905967342,0.07160480249035676,8.855229522148722,46.65048660581918,11.662621651454796,,,
4035,0.2169297178489458,0.16029930148570837,0.768622920428885,97,0.8464605162630909,7.532233663151096,5.565912346186766,26.68812504313175,1.883058415787774,1.3914780865466916,6.672031260782937,29.390802045687046,7.3477005114217615,,,
4043,0.03773795191856069,0.015204784775373913,0.2656850794372914,22,0.35948854921650725,1.3103371665162644,0.527940536970533,9.225117328221632,0.3275842916290661,0.13198513424263325,2.306279332055408,12.482161405895566,3.1205403514738914,,,
4055,0.16280648707270326,0.3835614684502562,0.7717066848784622,23,0.8321731290054645,5.652966844138403,13.318021307529795,26.795199512349964,1.4132417110346007,3.329505326882449,6.698799878087491,28.89471538532774,7.223678846331935,,,
4057,0.09875785291215329,-0.001287966494272871,0.5641162977344729,73,0.6812054803538738,3.4290701688157865,-0.04472077261414263,19.587246089936368,0.8572675422039466,-0.011180193153535658,4.896811522484092,23.65281668884721,5.9132041722118025,,,
4071,0.04312858968284529,-0.0007138713967893445,0.4844198808795839,19,0.6000243020378974,1.4975108909677541,-0.02478704263931962,16.820027103900912,0.37437772274193853,-0.006196760659829905,4.205006775975228,20.834043815359873,5.208510953839968,,,
4074,0.018241363144801015,0.023539715723791,1.6065851778368054,159,2.168430103749955,0.6333766111137809,0.8173460093614711,55.783850544849564,0.1583441527784452,0.20433650234036776,13.945962636212391,75.29223006240595,18.823057515601487,,,
4082,0.04712848237529121,0.19658648683294924,0.7051971028284629,29,1.0565323934221258,1.6363951650348614,6.825875995813663,24.485853804409892,0.40909879125871534,1.7064689989534159,6.121463451102473,36.68491776440305,9.171229441100763,,,
4089,0.19058323559029558,0.2491407894486555,0.7817337077341634,45,0.8880420218404573,6.617431106166244,8.650666491236217,27.143357799945623,1.654357776541561,2.1626666228090543,6.785839449986406,30.83459508234436,7.70864877058609,,,
4106,0.08110330624171568,0.09251476065686386,0.5506371468737733,66,0.641796625832397,2.8160689993248518,3.212297519527627,19.119223013751157,0.7040172498312129,0.8030743798819068,4.779805753437789,22.284462442152492,5.571115610538123,,,
4112,0.16794005341849946,0.16677811584976718,0.6824773042611335,26,0.7557565249039541,5.831214534797138,5.7908697385356165,23.69697695855508,1.4578036336992846,1.4477174346339041,5.92424423963877,26.241378057715092,6.560344514428773,,,
4113,0.06325880841537694,0.02536248495378479,0.974053493165549,79,1.1894026904348192,2.196472345798718,0.8806362025653155,33.8210853896942,0.5491180864496795,0.22015905064132887,8.45527134742355,41.29844021727779,10.324610054319448,,,
4140,0.2799904190094564,0.169363073962324,0.7782075074254289,23,0.8211408956711915,9.721827328846347,5.880624654119814,27.020921072825743,2.4304568322115867,1.4701561635299536,6.755230268206436,28.511654179495114,7.1279135448737785,,,
4157,0.013773430796646835,0.1747003314779363,0.4889670863076067,24,0.58680396014233,0.4782410641211714,6.0659449095769045,16.97791517077272,0.11956026603029285,1.5164862273942261,4.24447879269318,20.375007104061986,5.0937517760154964,,,
4159,-0.14467370515661457,0.265803587311774,1.2032370229013971,40,1.5352312901885565,-5.023360390447971,9.229232158639418,41.778795909182314,-1.2558400976119928,2.3073080396598544,10.444698977295579,53.30630085792706,13.326575214481766,,,
4162,0.13795753337121824,0.24788646562399777,0.623753302682726,20,0.677049857388855,4.79016147371544,8.607113859396451,21.657962175749613,1.19754036842886,2.1517784648491127,5.414490543937403,23.508525148255824,5.877131287063956,,,
4188,0.12461549284929835,0.2341910863384771,0.7062848191727593,58,0.769049076662387,4.326899142713337,8.131582899844602,24.52362149131655,1.0817247856783343,2.0328957249611506,6.130905372829138,26.702922039871403,6.675730509967851,,,
4213,0.12048541749249951,0.20417105212627112,0.9375955171018521,27,1.190357151110153,4.183494666174568,7.089227271928387,32.55519154481051,1.045873666543642,1.7723068179820967,8.138797886202628,41.33158100084673,10.332895250211683,,,
4219,0.09269618767345947,0.0165870318595258,0.5911784750653961,60,0.7429902237596681,3.21859702839786,0.5759349202264549,20.526899011220685,0.804649257099465,0.14398373005661372,5.131724752805171,25.798106549383196,6.449526637345799,,,
4229,0.12530436474980888,0.18196280293531097,1.2480599731744835,38,1.5532013545695658,4.350818152842864,6.318112443519868,43.33513838856442,1.087704538210716,1.579528110879967,10.833784597141104,53.93025743336447,13.482564358341117,,,
4230,0.17587952713744243,0.11307139722397135,0.5519903635184124,30,0.6812741832061574,6.106888941266276,3.926065054410733,19.166209402086313,1.526722235316569,0.9815162636026833,4.791552350521578,23.6552021892842,5.91380054732105,,,
4245,0.19146393515492058,0.15143211470709816,1.6387440039299483,22,2.2759737855234237,6.648010756449152,5.258025886859863,56.90046930445567,1.662002689112288,1.3145064717149657,14.225117326113917,79.02636178094431,19.75659044523608,,,
4246,0.18368209195157187,0.3770038599103451,0.8393052881472024,19,0.9010087660990058,6.377809596742479,13.090328023807002,29.142358215047164,1.5944523991856197,3.2725820059517505,7.285589553761791,31.284826376489683,7.821206594122421,,,
4248,0.03359624986478198,0.05074756370854234,0.6207528509993215,115,0.7187825484401033,1.1665289878049598,1.7620569070880072,21.55378049239844,0.29163224695123996,0.4405142267720018,5.38844512309961,24.957567646937267,6.239391911734317,,,
4258,0.3273138492466449,0.353812516900136,1.1937686414909174,22,1.4516452427316413,11.364991473542005,12.285078211806523,41.45003476984764,2.8412478683855014,3.0712695529516307,10.36250869246191,50.40402611812805,12.601006529532013,,,
4261,0.22948867049310318,0.2066413690316763,0.6727006699046565,145,0.7567530278423061,7.968305616861529,7.175001615517864,23.357512660429485,1.9920764042153822,1.793750403879466,5.839378165107371,26.275978632740554,6.568994658185138,,,
4262,0.18299436298829092,0.31750556273777875,0.6412454107947236,27,0.714682020115448,6.353930271679437,11.024428149381155,22.265323153614396,1.5884825679198593,2.7561070373452887,5.566330788403599,24.81518910244859,6.203797275612147,,,
4272,-0.00042007541821728215,-0.0028487052033950378,0.2591230386301601,28,0.36019209079011416,-0.014585858671340471,-0.09891274207228251,8.99727014731642,-0.003646464667835118,-0.024728185518070628,2.249317536829105,12.506589776414344,3.126647444103586,,,
4282,0.038997681860311675,-0.027376373204018024,0.8178611641796308,80,1.040588971541439,1.354077509553742,-0.9505624303899138,28.397775342645144,0.3385193773884355,-0.23764060759747846,7.099443835661286,36.13133026986184,9.03283256746546,,,
4310,0.1338198649299536,-0.04422728058627647,0.6158487606914752,22,0.6950496660076658,4.646493350097849,-1.5356596365166917,21.383500668729404,1.1616233375244622,-0.3839149091291729,5.345875167182351,24.133514503118175,6.033378625779544,,,
4320,0.04632010374248997,0.12782482194857148,0.768407430419808,105,0.8916884520307733,1.6083266421467366,4.438333467698299,26.680642799036573,0.40208166053668415,1.1095833669245747,6.670160699759143,30.96120643141251,7.7403016078531275,,,
4330,0.14649145312659226,0.46263795993464946,0.8412188212607463,28,0.887437855903466,5.086476235461537,16.0637152448509,29.208799911815635,1.2716190588653842,4.015928811212725,7.302199977953909,30.813617232680148,7.703404308170037,,,
4332,0.06885354595678615,0.17749119881873127,0.5808380021895677,120,0.6591948534557844,2.390732822711529,6.162849405383987,20.16785711202617,0.5976832056778822,1.5407123513459968,5.041964278006542,22.888563701691748,5.722140925422937,,,
4334,0.2272029758304732,0.3843535941364726,0.8372443487133427,44,1.0817757109074302,7.88894172678569,13.345525495606601,29.07079827602469,1.9722354316964226,3.3363813739016503,7.267699569006172,37.56141623412779,9.390354058531948,,,
4335,0.1179037574991623,0.04756363853138481,0.7016737539043728,35,0.8131896845242103,4.093854267885914,1.6515046570867433,24.363516083067633,1.0234635669714784,0.41287616427168583,6.090879020766908,28.23557222604963,7.0588930565124075,,,
4354,-0.023733427083969773,0.1869170488584757,0.7031758103245257,27,0.8765497655713976,-0.8240720552095985,6.490133770463994,24.41567048608818,-0.20601801380239962,1.6225334426159985,6.103917621522045,30.43556096017007,7.608890240042517,,,
4370,-0.00460677023135993,0.002933615632826065,1.491317714393959,1109,1.9383338048094938,-0.1599562759732795,0.10186100200298663,51.78153367918705,-0.03998906899331987,0.025465250500746658,12.945383419796762,67.30282637059524,16.82570659264881,,,
4376,0.10308873876858443,0.09037233899015995,0.5796425594354462,59,0.6688301891672195,3.579447187522789,3.137908354416334,20.126348948717563,0.8948617968806972,0.7844770886040835,5.031587237179391,23.223121828264194,5.8057804570660485,,,
4379,0.12742032328331113,0.31134553491933475,0.792707109969256,92,0.8787606332067472,4.424288465043129,10.810539663469141,27.52437627235251,1.1060721162607823,2.7026349158672853,6.881094068088127,30.51232670620468,7.62808167655117,,,
4395,-0.0008179832203644031,0.003447674162332406,0.3232147425716073,36,0.44215417022883297,-0.028402013377492808,0.11971014226450581,11.22266229157135,-0.007100503344373202,0.029927535566126453,2.8056655728928375,15.352477098685538,3.8381192746713846,,,
4397,0.055572420417886494,0.013403816448728251,0.5100633674169276,26,0.6082231652197733,1.9295855817498548,0.4654073147327424,17.71042024345056,0.4823963954374637,0.1163518286831856,4.42760506086264,21.118724742760968,5.279681185690242,,,
4399,0.3243308048458803,0.28559441622605586,0.9043271562648436,52,1.0464048530058094,11.261414205858655,9.916409320201112,31.4000475198279,2.8153535514646637,2.479102330050278,7.850011879956975,36.33326930606771,9.083317326516928,,,
4412,0.14566371545850648,0.1261481333499612,0.39421614803181865,19,0.4455496173822146,5.057735528150262,4.380115486177353,13.687973091960808,1.2644338820375656,1.0950288715443381,3.421993272990202,15.470373814745257,3.867593453686314,,,
4426,0.12890654129774626,0.2686084855173896,0.6916289439816776,111,0.8223615798096414,4.475892926940346,9.326623834134802,24.01474019293181,1.1189732317350864,2.3316559585337004,6.003685048232953,28.55403877415037,7.138509693537593,,,
4429,-0.01129164881806997,-0.1168657299961224,1.4297083779417752,66,1.9309652091218186,-0.39206863026102556,-4.057811876925362,49.64233429889432,-0.09801715756525639,-1.0144529692313404,12.41058357472358,67.04697399112779,16.761743497781946,,,
4444,0.002975384928119568,-0.0011647935142097875,0.16569924333763805,52,0.2400342456061901,0.10331131547416764,-0.04044396040039224,5.753409127169468,0.02582782886854191,-0.01011099010009806,1.438352281792367,8.334469075938133,2.083617268984533,,,
4454,0.18759882848592757,0.30700468462878316,0.6916521978441117,27,0.7431032679736441,6.513806522688378,10.65981665968061,24.015547613543248,1.6284516306720944,2.6649541649201525,6.003886903385812,25.802031670580874,6.4505079176452185,,,
4458,0.07283111222610628,-0.01368505765505437,0.9225165101789483,87,1.3568646760335963,2.528841878714862,-0.47517257189879786,32.03161826643345,0.6322104696787155,-0.11879314297469946,8.007904566608362,47.11305528123853,11.778263820309633,,,
4477,-0.0008361768653829856,-0.001816777764997677,0.5348804833846806,233,0.667230662964961,-0.02903373311982803,-0.06308215755624935,18.57212014408288,-0.007258433279957007,-0.015770539389062338,4.64303003602072,23.167583079469377,5.791895769867344,,,
4481,0.1738660515223586,0.2077379337143853,0.7020993490213655,40,0.7785464140451739,6.036977040959336,7.213076534430886,24.378293596719853,1.509244260239834,1.8032691336077216,6.094573399179963,27.03268858847653,6.758172147119132,,,
4482,0.14735998477631473,0.1319404107243231,0.8925798288455976,21,0.9557542397505139,5.116633391403201,4.581234941169948,30.99215681717684,1.2791583478508002,1.145308735292487,7.74803920429421,33.185698712617345,8.296424678154336,,,
4483,0.11841523621150739,0.13711307371882428,1.014402853214705,23,1.185818231126967,4.111613831735959,4.760840145665017,35.22209586932099,1.0279034579339899,1.1902100364162542,8.805523967330247,41.173980621190545,10.293495155297636,,,
4485,-0.015551351812163716,-0.009360770288097342,0.39519517686885847,40,0.6207811697891151,-0.5399740376219486,-0.3250246659433159,13.721966931240503,-0.13499350940548716,-0.08125616648582898,3.430491732810126,21.554763777417655,5.388690944354414,,,
4488,0.1657450887776062,0.2903370691858063,0.7497358023010254,379,0.8370508467795273,5.755000972536042,10.081083716269568,26.032326527496206,1.4387502431340105,2.520270929067392,6.5080816318740515,29.064079501878748,7.266019875469687,,,
4508,0.16468977388267278,0.10573647623563022,0.8421889409801785,46,1.0338994293238175,5.718358328754165,3.6713819278535524,29.242484408713757,1.4295895821885412,0.9178454819633881,7.310621102178439,35.899055984981594,8.974763996245398,,,
4547,0.003531346111246139,0.00010122803873080765,0.14351342613540372,1130,0.26482046965890615,0.12261539967468844,0.0035148399608111035,4.983073182273488,0.03065384991867211,0.0008787099902027759,1.245768295568372,9.19509634749654,2.298774086874135,,,
4554,0.1747592462757449,0.12006989272217859,0.589839046333351,22,0.688763093226888,6.067990549186415,4.169066815099486,20.480391366786616,1.5169976372966036,1.0422667037748714,5.120097841696654,23.915232123024005,5.978808030756001,,,
4561,0.03704219862262875,0.04706195365660393,0.963699168226762,103,1.213371145270978,1.2861792205749156,1.6340851548646016,33.46156251916963,0.3215448051437289,0.4085212887161504,8.365390629792408,42.130672906098894,10.532668226524724,,,
4566,0.10884939287525688,0.1551790981309326,0.7430649913251757,635,0.8606814355985941,3.77946861941467,5.388128645302243,25.800702628792752,0.9448671548536675,1.3470321613255607,6.450175657198188,29.884580806854387,7.471145201713597,,,
4580,-0.00012421443286815944,0.0015566466445336932,0.41045764318240235,361,0.5405720299482972,-0.004312973538048232,0.0540498847914989,14.251910286579376,-0.001078243384512058,0.013512471197874725,3.562977571644844,18.769742023864776,4.692435505966194,,,
4612,-0.0067507169796026814,0.18253121065268224,0.8418680692309742,19,1.0777491307313662,-0.2343983949657643,6.337848696282433,29.23134309983789,-0.05859959874144108,1.5844621740706082,7.3078357749594725,37.4216053172545,9.355401329313626,,,
4615,0.26072762879222605,0.27609159847151055,0.859423684804853,73,1.004156124819587,9.052984726923674,9.58645248212779,29.840909183794107,2.2632461817309184,2.3966131205319474,7.460227295948527,34.8663089659857,8.716577241496426,,,
4630,-0.023292798702717967,-0.00916261543772324,1.4115459174916862,26,2.175242337068184,-0.8087725565557733,-0.31814433322862634,49.01169734714633,-0.20219313913894332,-0.07953608330715659,12.252924336786583,75.52876442768148,18.88219110692037,,,
4638,0.016894671598442084,0.11037473836366571,0.6045743165546527,72,0.7100576933243993,0.5866167872411061,3.8324316654632007,20.99202941941065,0.14665419681027653,0.9581079163658002,5.248007354852662,24.654623227609793,6.163655806902448,,,
4640,0.33204769315381844,0.4664360754086498,1.217272072477831,23,1.7804001725106258,11.529360001686884,16.19559341033914,42.266120900575245,2.882340000421721,4.048898352584785,10.566530225143811,61.81905478991395,15.454763697478487,,,
4642,0.22912025432790376,-0.09743036282052182,2.036374897450417,28,2.5050496035473424,7.955513470773474,-3.3829770578541587,70.70700918927338,1.9888783676933686,-0.8457442644635397,17.676752297318345,86.98033233437083,21.745083083592707,,,
4660,0.10922155229262272,0.3416661581678866,0.8113660717216276,37,0.9265789285477607,3.792390738704446,11.863332343905359,28.172252742318353,0.9480976846761116,2.9658330859763398,7.043063185579588,32.172673557035345,8.043168389258836,,,
4664,0.08600474943727932,0.06474192622751691,0.5915408856189868,36,0.6862884273599437,2.9862569099612126,2.2479691624718425,20.53948263046246,0.7465642274903032,0.5619922906179606,5.134870657615615,23.829306774791966,5.957326693697992,,,
4680,0.013375615489809749,-0.01848417324575175,0.9297822754490215,27,1.1125524555078024,0.4644281210371741,-0.6418074634389922,32.283900168140924,0.11610703025929353,-0.16045186585974805,8.070975042035231,38.63004636014192,9.65751159003548,,,
4718,0.35166582705086397,0.29004354288222656,0.6423970016269358,25,0.7393117921375948,12.210540846860098,10.07089189595667,22.305308690490467,3.0526352117150246,2.5177229739891676,5.576327172622617,25.670384046601566,6.417596011650391,,,
4719,0.35909665314063205,0.32250517161587494,2.164232979784513,25,2.6343719913926535,12.468553990349026,11.19802456884641,75.14649752407786,3.1171384975872565,2.7995061422116025,18.786624381019465,91.47066428513573,22.86766607128393,,,
4736,0.042050526382632195,0.28085471806687784,1.11323083870096,27,1.5693641590614211,1.460078377057755,9.751837520718134,38.65360118137473,0.36501959426443875,2.4379593801795334,9.663400295343683,54.491462330930666,13.622865582732667,,,
4743,0.04813019028054408,0.14629010441140572,0.5880412997470239,116,0.6529121665788491,1.6711764669210516,5.079485005372829,20.417970009816166,0.4177941167302629,1.2698712513432073,5.1044925024540415,22.6704162479508,5.6676040619877,,,
4745,-0.01672548254884258,0.23878954211335943,0.6965669321559438,39,0.7946753242397153,-0.580742205060912,8.291250481260066,24.18619701831868,-0.145185551265228,2.0728126203150166,6.04654925457967,27.592716608251397,6.898179152062849,,,
4756,0.06659820813133155,-0.0845903464938206,0.8671707563777615,63,1.3033200394512567,2.312422982736094,-2.9371460109584393,30.109903002948638,0.5781057456840235,-0.7342865027396098,7.5274757507371595,45.25387840982654,11.313469602456635,,,
4764,0.12096513027972426,-0.003662554963107872,1.2403254425823307,28,1.4472416877668204,4.200151253572586,-0.12717123342903153,43.06658001734369,1.0500378133931465,-0.03179280835725788,10.766645004335922,50.25112588263954,12.562781470659885,,,
4772,0.2554257138918576,0.33238814067306915,0.7964165315510335,517,0.982457654072183,8.86889163775308,11.541181020450308,27.653174808514986,2.21722290943827,2.885295255112577,6.913293702128747,34.11289466469434,8.528223666173584,,,
4773,0.1430945559244113,0.12887288624014778,0.9768270392346895,39,1.1852855662997965,4.968529170807409,4.4747243560304115,33.91738845630689,1.2421322927018523,1.1186810890076029,8.479347114076722,41.155485433061536,10.288871358265384,,,
4775,0.21206210591896962,0.25689920812260303,0.8183128110704561,206,0.9127882270046036,7.363220441718464,8.920054304433023,28.413457425988376,1.840805110429616,2.230013576108256,7.103364356497094,31.69383281805385,7.923458204513462,,,
4784,0.2511319955781662,0.33026089349510024,1.0759737380290546,108,1.3440289610468754,8.719805150465087,11.467318743936872,37.359960131844836,2.1799512876162717,2.866829685984218,9.339990032961209,46.66737358546961,11.666843396367403,,,
4789,0.00111640147488202,-0.0006167262811509993,0.10176760507131861,1110,0.1522346330543882,0.038763692010853494,-0.021413969934125,3.533574783286325,0.009690923002713374,-0.00535349248353125,0.8833936958215812,5.285890928914467,1.3214727322286168,,,
4799,0.11977029650308968,0.21864373153098213,0.663468993889643,68,0.7228003255191309,4.15866423518028,7.591747646218762,23.036970405836183,1.03966605879507,1.8979369115546905,5.759242601459046,25.09707290267526,6.274268225668815,,,
4808,0.2865775894888287,0.11553867715366047,1.3710553035079698,24,1.6829713176340881,9.950547062231111,4.0117339481293985,47.60578224840373,2.487636765557778,1.0029334870323496,11.901445562100932,58.43613009089081,14.609032522722703,,,
4818,0.13176912504279442,0.275820387155997,0.7052731891706897,103,0.8511871128223953,4.575287559735908,9.577035482830528,24.48849567438469,1.143821889933977,2.394258870707632,6.122123918596173,29.554918931419213,7.388729732854803,,,
4824,0.10420884325351575,-0.03774888727594768,1.1521674649437115,47,1.4524352601454604,3.6183394554485737,-1.3107168639954554,40.00555871777555,0.9045848638621434,-0.32767921599886385,10.001389679443887,50.43145710277068,12.60786427569267,,,
4826,0.06580922913308332,0.2055806561221954,0.6097643198003242,61,0.6779441810988952,2.285028053958919,7.138171541874868,21.17223671210686,0.5712570134897298,1.784542885468717,5.293059178026715,23.53957785611584,5.88489446402896,,,
4829,0.0014943369245524534,0.0003161054015337465,0.7488175641742284,567,1.1315915224676736,0.05188636669431029,0.010975811752054745,26.00044346325756,0.012971591673577573,0.0027439529380136863,6.50011086581439,39.29112084312256,9.82278021078064,,,
4859,0.0268000060507085,0.25666334578724287,1.0657080061739934,26,1.235222626891393,0.9305498100927007,8.911864692424647,37.0035133903734,0.23263745252317516,2.2279661731061617,9.25087834759335,42.88940005092295,10.722350012730738,,,
4884,0.2706047960333695,0.27402583046077333,0.6829441066332121,71,0.7477537333706997,9.395939727870656,9.514724885258971,23.713185270518395,2.348984931967664,2.378681221314743,5.928296317629599,25.963505130097438,6.4908762825243596,,,
4885,-0.0046999348339697685,0.13926715020352864,0.5254167867343631,29,0.6076734411655595,-0.1631911373050983,4.835633989366921,18.243521668990557,-0.04079778432627457,1.2089084973417303,4.560880417247639,21.09963722415056,5.27490930603764,,,
4891,0.09934431629147866,0.04072461422002755,0.7871632435324537,68,1.0918904756105754,3.4494333502727224,1.4140400549477967,27.331882141933857,0.8623583375681806,0.3535100137369492,6.832970535483464,37.9126210941504,9.4781552735376,,,
4899,0.18936282151721973,0.20532926416447844,0.6990046631866343,68,0.8132411222407132,6.575055888720904,7.1294427103190205,24.27083991516632,1.643763972180226,1.7823606775797551,6.06770997879158,28.237358246442046,7.0593395616105115,,,
4909,0.08574519213446478,0.16612418533091072,0.7060623359501506,20,0.7732539459392075,2.977244561292886,5.768163963059882,24.51589642886113,0.7443111403232215,1.4420409907649705,6.128974107215282,26.848923510901162,6.712230877725291,,,
4917,0.18132822155777376,0.21930983955782493,0.5259359200397427,25,0.6488096102643345,6.29607850892902,7.614876249126797,18.261547015619946,1.574019627232255,1.9037190622816993,4.565386753904987,22.527967287598223,5.631991821899556,,,
4919,0.1101574669424031,0.029217146970033175,0.7510102478907134,61,0.9165239640723108,3.8248875671741205,1.0144777770934919,26.07657782726135,0.9562218917935301,0.25361944427337296,6.519144456815337,31.823545080518777,7.955886270129694,,,
4925,0.020064470199208984,0.0030045449555942128,1.5997448596426407,64,2.04472829085365,0.6966785342569344,0.10432380994814226,55.546341016511775,0.1741696335642336,0.026080952487035566,13.886585254127944,70.99705571502044,17.74926392875511,,,
4932,0.044035770191559125,0.13507474345809128,0.7038676432826861,301,0.8161957245289028,1.529010012591316,4.690065242351846,24.439692310061428,0.382252503147829,1.1725163105879615,6.109923077515357,28.33994794709256,7.08498698677314,,,
4960,0.1243111710169397,0.126658688885524,0.5450934860425238,299,0.6454663336753613,4.31633248005018,4.397842995483165,18.926736022368512,1.079083120012545,1.0994607488707913,4.731684005592128,22.4118820378759,5.602970509468975,,,
4961,-0.00464342143174038,-0.003209754397560066,0.7055458225151267,303,0.8904906109616539,-0.16122887895288948,-0.11144909219208061,24.49796204937023,-0.04030721973822237,-0.027862273048020154,6.1244905123425575,30.919614993810548,7.729903748452637,,,
4982,0.16427766177687497,0.342433056310571,0.9295194888937751,22,1.0091332606834134,5.704048972216653,11.889960581215648,32.27477569336966,1.4260122430541633,2.972490145303912,8.068693923342416,35.03912507744948,8.75978126936237,,,
4987,0.23497744540911408,0.20022878384847703,0.65287234182617,23,0.7897784696881134,8.15888685949526,6.95234383278682,22.66903345288828,2.039721714873815,1.738085958196705,5.66725836322207,27.422688024510673,6.855672006127668,,,
4997,-0.017674542195875345,0.07564174358061564,0.6277388384328212,50,0.7153077815109563,-0.6136954541251838,2.626432620606136,21.79634794806442,-0.15342386353129595,0.656608155151534,5.449086987016105,24.836916789623427,6.209229197405857,,,
5010,0.17348939892638668,0.25536284531627257,0.7289822537296328,160,0.8501507630592793,6.023898909521998,8.866708715071617,25.31172181400031,1.5059747273804995,2.2166771787679043,6.327930453500078,29.518934794944297,7.379733698736074,,,
5015,0.00983557326932638,0.058831993448918485,0.5870684006536313,59,0.822079609648751,0.34151077505755056,2.042764476533348,20.384189007495387,0.08537769376438764,0.510691119133337,5.096047251873847,28.544248206223934,7.136062051555983,,,
5016,-0.0011078651923626525,0.003448286415379836,0.3852889053637136,287,0.4719450716210275,-0.03846729520921602,0.11973140091481867,13.378001372038863,-0.009616823802304005,0.029932850228704667,3.3445003430097158,16.386876776825318,4.0967191942063295,,,
5031,0.015587469522454284,-0.006106397460634412,1.9477915811396165,50,2.4953645590884177,0.5412281167586577,-0.21202633262814807,67.63121928032976,0.13530702918966442,-0.05300658315703702,16.90780482008244,86.64404822066804,21.66101205516701,,,
5042,0.04363222458570135,0.08204707980375617,0.5008342712706833,20,0.5592532478804987,1.5149981020647225,2.8488387049460218,17.389967567060665,0.37874952551618063,0.7122096762365054,4.347491891765166,19.418391272906675,4.854597818226669,,,
5048,0.15693493491723076,0.2508036180503552,0.6619593682479209,50,0.7255217982071849,5.449094810196087,8.708403225944435,22.98455318430431,1.3622737025490217,2.177100806486109,5.746138296076078,25.191567877349875,6.297891969337469,,,
5050,0.07381741183154418,0.2033934221677665,0.9299637433043084,170,1.1541096680356073,2.563088173614877,7.062226404509189,32.2902010950122,0.6407720434037193,1.7655566011272972,8.07255027375305,40.07299589353236,10.01824897338309,,,
5056,0.42432340714094113,0.07963942902113129,1.9911629032541822,23,2.793466638115125,14.733357342747759,2.7652402544717205,69.13715832679172,3.6833393356869397,0.6913100636179301,17.28428958169793,96.99474860863339,24.248687152158347,,,
5058,0.010900320295303212,-0.02596895904539689,0.6894737911325519,43,0.912392509368682,0.3784809212935181,-0.9016941959742709,23.93990897570447,0.09462023032337953,-0.22542354899356773,5.984977243926117,31.680092710299377,7.920023177574844,,,
5060,-0.0423349204537056,-0.1350173018826117,1.6842405559385996,31,2.278693286331147,-1.469953107993566,-4.688070755968044,58.48020058330005,-0.3674882769983915,-1.172017688992011,14.620050145825013,79.12078828799008,19.78019707199752,,,
5062,0.049491736970236413,0.1607941937630384,0.627385427494745,373,0.7170583517679845,1.7184520910805487,5.58309599584022,21.784076813472538,0.4296130227701372,1.395773998960055,5.4460192033681345,24.89770009008796,6.22442502252199,,,
5073,0.21180502308683344,0.14601193566720952,0.944870791182943,40,1.4565795983886602,7.354294011621031,5.069826430236849,32.80780361145415,1.8385735029052577,1.2674566075592122,8.201950902863537,50.57535681525106,12.643839203812766,,,
5075,0.3361674391049763,0.25702631026965045,1.4671192705976606,27,1.7836933799584351,11.672405820602988,8.924467545182804,50.94131531369197,2.918101455150747,2.231116886295701,12.735328828422993,61.93340153891679,15.483350384729198,,,
5084,0.0948076229669136,0.182257344103541,0.6163866438190557,130,0.6855668183296911,3.291910284657174,6.328339501963151,21.402177046685253,0.8229775711642935,1.5820848754907877,5.350544261671313,23.804251066043538,5.951062766510884,,,
5085,-0.005970082893586768,0.012982908849024212,0.7180155106668763,94,0.9346106462536772,-0.20729321823111976,0.4507925610558187,24.93093456137528,-0.05182330455777994,0.11269814026395468,6.23273364034382,32.45155085922018,8.112887714805044,,,
5102,0.08926443444601938,0.08051586132408643,0.6323370491401681,330,0.7282529263420794,3.099439692834685,2.795671736894929,21.95600702024492,0.7748599232086713,0.6989179342237323,5.48900175506123,25.28639810844968,6.32159952711242,,,
5113,-0.09305339158304023,0.01916855750886697,0.6213009010058864,40,0.6987870310031207,-3.230999862546323,0.6655706538228789,21.57280988472639,-0.8077499656365807,0.16639266345571974,5.393202471181597,24.263283290490357,6.065820822622589,,,
5121,0.2384865774757685,0.3470896901803157,0.9729747433975686,24,0.9948205083954854,8.280730943113635,12.051648222440923,33.78362904025038,2.070182735778409,3.0129120556102307,8.445907260062596,34.54215769250805,8.635539423127012,,,
5139,0.13922268898814563,0.2620376320807065,0.7674307209329576,151,0.9406119458923469,4.834090207046393,9.098470661106292,26.646729492234154,1.2085225517615983,2.274617665276573,6.661682373058539,32.65992798527407,8.164981996318517,,,
5155,0.01045182090019723,-0.05078221426130632,0.814924892961749,81,1.3968011825436963,0.36290812529664823,-1.7632600435810781,28.29582213341785,0.09072703132416206,-0.44081501089526953,7.073955533354463,48.499730660282225,12.124932665070556,,,
5185,0.03350935981315088,0.2219392812359822,0.9463727403887711,22,1.0444887265815181,1.163511991432225,7.706175723075774,32.85995429177891,0.29087799785805624,1.9265439307689436,8.214988572944728,36.266737564363474,9.066684391090869,,,
5188,-0.16031745404296935,-0.10436799403798856,2.122338260908863,35,2.558040299518714,-5.566542639279982,-3.623865488987039,73.69182909527754,-1.3916356598199955,-0.9059663722467598,18.422957273819385,88.82027527988879,22.205068819972198,,,
5198,0.11627112645639137,0.38746607738834626,0.9416856539539517,32,1.350303417497337,4.037166052818821,13.453597139078159,32.69720927658911,1.0092915132047053,3.3633992847695398,8.174302319147278,46.88523526234253,11.721308815585633,,,
5202,0.0021153062139122798,0.00704364504540044,0.4388031369045446,37,0.5414643429367422,0.07344766235946218,0.24456944326639407,15.236122519599597,0.018361915589865545,0.06114236081659852,3.8090306298998993,18.800724915449564,4.700181228862391,,,
5211,0.010448297954147279,0.026329638388783393,0.408845136472881,40,0.5254442820100989,0.36278580156390183,0.914217704135337,14.195920828611374,0.09069645039097546,0.22855442603383425,3.5489802071528436,18.244476359954653,4.561119089988663,,,
5222,-0.01832754662381789,0.06814092263929936,0.5874635410531912,146,0.6923644359498983,-0.6363690738722048,2.3659891158817525,20.397909072448908,-0.1590922684680512,0.5914972789704381,5.099477268112227,24.04027794505237,6.010069486263093,,,
5228,0.27117214031256937,0.18930410394874145,0.7517804070766324,20,0.798941369765256,9.415639055933035,6.573017097308201,26.103319294514833,2.3539097639832587,1.6432542743270502,6.525829823628708,27.74084224098922,6.935210560247305,,,
5230,0.1804483912886853,0.25286879336695783,0.8235420023468343,55,0.9489999599312726,6.265529042325731,8.78011024328751,28.59502540548678,1.5663822605814328,2.1950275608218774,7.148756351371695,32.95117660873365,8.237794152183412,,,
5237,0.005177599314821357,4.653086776897908e-05,1.1584837217074142,320,1.5856383530730827,0.17977660340922716,0.0016156447906744917,40.22487178512484,0.04494415085230679,0.0004039111976686229,10.05621794628121,55.05653489540358,13.764133723850895,,,
5261,0.11872040158107826,0.28278233606652436,0.6815267102129746,74,0.7658284896471695,4.1222097836981995,9.81876827290186,23.663970432014906,1.0305524459245499,2.454692068225465,5.915992608003727,26.59109681752902,6.647774204382255,,,
5262,0.004518436572919951,-0.00276008157592266,0.30123809109341626,164,0.39863013727158025,0.15688915468492654,-0.0958355524791866,10.4595889989456,0.039222288671231634,-0.02395888811979665,2.6148972497364,13.84123562634381,3.4603089065859525,,,
5278,0.3393435570950397,0.1972856552122386,0.7667190215605354,19,1.023893409874258,11.78268698945397,6.850152520279349,26.622017866624912,2.9456717473634924,1.7125381300698372,6.655504466656228,35.55162697765399,8.887906744413497,,,
5286,0.10984397756148151,0.2494798215254939,0.7033820279828952,117,0.7989913876301853,3.8140025888897613,8.6624383630082,24.42283077562209,0.9535006472224403,2.16560959075205,6.105707693905522,27.742578961295294,6.9356447403238235,,,
5301,0.11851641735202287,0.08520680843148568,0.9202739204833477,41,1.1069916486193738,4.115127043296938,2.9585508023580456,31.9537510670228,1.0287817608242344,0.7396377005895114,7.9884377667557,38.4369640233619,9.609241005840476,,,
5306,0.13225947957572937,0.20082092430414739,0.7360119522917106,126,0.8331159206464896,4.592313649828475,6.972904133688606,25.555807007472776,1.1480784124571188,1.7432260334221514,6.388951751868194,28.927450996687416,7.231862749171854,,,
5322,0.3005154995582845,0.3028849358656826,0.8323858329725754,67,0.9455724303500718,10.434499175662754,10.516770743128232,28.902100892473765,2.6086247939156886,2.629192685782058,7.225525223118441,32.83216592661519,8.208041481653797,,,
5344,0.09008705952931848,0.16108651942768504,0.9379043696765672,200,1.2338026005234577,3.128002880976996,5.59324612756808,32.565915523909766,0.782000720244249,1.39831153189202,8.141478880977441,42.8400938953755,10.710023473843876,,,
5372,0.00070757496350771,-0.0002298107853536571,0.1720766082899743,1064,0.22963095604396383,0.02456841788291471,-0.007979490089049683,5.974843993044487,0.006142104470728677,-0.0019948725222624208,1.4937109982611219,7.973246055758512,1.993311513939628,,,
5379,0.12037059772347505,0.003582545748702953,0.46358429622961744,43,0.5222428891953016,4.179507894154501,0.12439315348646393,16.096573933684777,1.0448769735386252,0.031098288371615983,4.024143483421194,18.133317598639263,4.533329399659816,,,
5383,0.18969927603766906,0.10738674029485366,1.9424472637363894,20,2.4961978086831524,6.586738262579946,3.7286823965179092,67.44565389145491,1.6466845656449864,0.9321705991294773,16.861413472863727,86.67298031309642,21.668245078274104,,,
5389,0.045391068988359276,0.06617617564595862,1.06478068495342,29,1.317280706324921,1.576068697413811,2.2977691707789756,36.97131494295265,0.39401717435345274,0.5744422926947439,9.242828735738163,45.738620685013906,11.434655171253477,,,
5404,0.06835113040759805,0.04368046547136763,0.6911654224471833,219,0.8196433318004643,2.3732879500126196,1.5166731220968268,23.998645798211097,0.5933219875031549,0.3791682805242067,5.999661449552774,28.459655766775725,7.114913941693931,,,
5409,0.15784177139163913,0.45844286169626447,0.8847825214501581,19,0.9904273650648971,5.480581986260494,15.918053043817695,30.721418709792392,1.3701454965651234,3.9795132609544237,7.680354677448098,34.38961896978336,8.59740474244584,,,
5424,0.0007229291070578776,0.011251008885698093,1.3168796598722596,287,1.734884785855822,0.02510154445526363,0.3906575305292092,45.724695550084604,0.006275386113815907,0.0976643826323023,11.431173887521151,60.23866953448586,15.059667383621465,,,
5462,0.150030472019672,-0.0857765106571129,0.8264966982883133,21,1.023466249959586,5.209358049467052,-2.9783320030362743,28.697618357966814,1.302339512366763,-0.7445830007590686,7.1744045894917035,35.536795131096746,8.884198782774186,,,
5483,0.13835644860325544,0.049883629697846744,0.5009229790521387,20,0.8691406464139826,4.804012608402235,1.7320593903686348,17.393047678648358,1.2010031521005589,0.4330148475921587,4.3482619196620895,30.178301524786306,7.544575381196577,,,
5485,0.19727591013623968,0.30115284341263715,0.7838233379030317,308,0.9185849907490938,6.849814151750515,10.456629028973587,27.21591393866907,1.7124535379376287,2.614157257243397,6.803978484667267,31.895108048790036,7.973777012197509,,,
5488,-0.010088204203803741,0.06724089562374225,0.513095792004479,32,0.6168688966357756,-0.3502826263644735,2.3347383778475783,17.81571208997952,-0.08757065659111837,0.5836845944618946,4.45392802249488,21.4189218289874,5.35473045724685,,,
5495,0.3253855978290392,0.48081964058214954,1.2796007897875197,103,1.5044794274983366,11.298038727819899,16.695019560293396,44.43029862300226,2.8245096819549746,4.173754890073349,11.107574655750565,52.238534681597244,13.059633670399311,,,
5500,0.2939101194586459,0.2057487084606671,1.288649776062856,33,1.4673476292273027,10.205147167843105,7.144006655171283,44.74449752445449,2.5512867919607762,1.7860016637928207,11.186124381113622,50.94924438203041,12.737311095507602,,,
5511,-0.0054628704287006105,0.03824259044365855,0.8776690469063396,73,1.118977435404834,-0.1896817870253426,1.3278592253847121,30.474424646681925,-0.04742044675633565,0.33196480634617803,7.618606161670481,38.85313451212665,9.713283628031663,,,
5544,0.003758089362664067,0.00742654043791191,2.0897267835587465,236,2.654775672978189,0.13048837885042172,0.25786433708517736,72.5594933787268,0.03262209471260543,0.06446608427129434,18.1398733446817,92.17912091714868,23.04478022928717,,,
5563,0.23176948086856716,0.27540128402676095,1.106909609735942,31,1.298095791122774,8.04749991471839,9.562483383977193,38.43411546925138,2.0118749786795975,2.3906208459942984,9.608528867312845,45.07248205936496,11.26812051484124,,,
5573,0.14856802557624083,0.23741839372612503,0.9049100785457012,120,1.0759524453882348,5.158578984058234,8.243641466958513,31.42028774726384,1.2896447460145586,2.0609103667396282,7.85507193681596,37.35922080877029,9.339805202192572,,,
5586,0.3223881600543957,0.23898615230136128,1.077052834415657,46,1.2619165576794302,11.193961693408728,8.298077180207867,37.39742851658044,2.798490423352182,2.074519295051967,9.34935712914511,43.81626671574518,10.954066678936295,,,
5588,0.0535606075007334,-0.00017104396544363878,0.933998549780506,355,1.2493776944493702,1.8597314136404652,-0.005938988568134026,32.43029764547873,0.4649328534101163,-0.0014847471420335065,8.107574411369683,43.380892306671036,10.845223076667759,,,
5589,-7.079287466164412e-05,0.004161210451098185,0.07043381278963708,24,0.1295506490958616,-0.002458070194001607,0.1444855492830312,2.4456028476817786,-0.0006145175485004018,0.0361213873207578,0.6114007119204447,4.498257637906506,1.1245644094766265,,,
5590,0.2578320764926603,0.1883818835386354,0.8306867067268506,22,0.9823047763049136,8.952445359978151,6.5409957602284985,28.84310383096971,2.238111339994538,1.6352489400571246,7.2107759577424275,34.107586442859215,8.526896610714804,,,
5618,0.2445077643288938,0.21012058869623557,0.8518794822237904,181,0.9637177355938628,8.489798593027851,7.295807080710691,29.57895938177445,2.122449648256963,1.8239517701776728,7.394739845443612,33.46220721529011,8.365551803822527,,,
5636,-0.04341543728789483,0.13042808336748143,0.6177184405201709,21,0.7533339620315715,-1.5074708135102843,4.528723910685691,21.448419691741375,-0.3768677033775711,1.1321809776714227,5.362104922935344,26.15726182966023,6.539315457415057,,,
5640,0.2013833042926455,0.23885043651916316,0.7948152396886677,243,0.9204949196632548,6.992431091649237,8.293364856818384,27.59757475246992,1.7481077729123093,2.073341214204596,6.89939368811748,31.961424600547534,7.990356150136884,,,
5651,0.03236680530798181,0.06702601682993897,0.33478106988641027,27,0.41267926570487407,1.1238402139037444,2.327277356369141,11.624268308595937,0.2809600534759361,0.5818193390922852,2.9060670771489843,14.329049463804639,3.5822623659511597,,,
5665,-0.003284483100991392,0.2633378853562308,1.0872164564724531,21,1.4905428365636586,-0.11404382223262312,9.143618055339047,37.75032980163652,-0.02851095555815578,2.285904513834762,9.43758245040913,51.754628371163356,12.938657092790839,,,
5672,0.22555263601629924,0.23199851580498845,0.8430212568770109,243,0.9867999533810581,7.831638627757942,8.05545246578081,29.271384081283575,1.9579096569394856,2.0138631164452026,7.317846020320894,34.2636679812971,8.565916995324274,,,
5679,0.09881148642588052,0.0611211528374594,0.538497687245849,109,0.6318064626931691,3.430932431679423,2.1222486688222655,18.69771669655037,0.8577331079198558,0.5305621672055664,4.674429174137592,21.937583997632217,5.484395999408054,,,
5695,0.060663585331229425,0.2524550788770032,0.670488020527082,46,0.7381004976513288,2.106361009870948,8.765745248767304,23.280685048741343,0.526590252467737,2.191436312191826,5.820171262185336,25.62832547944944,6.40708136986236,,,
5700,0.7805647709524336,0.13451668937458458,1.2623546139107238,23,1.5009850281285584,27.1027699770104,4.670688488464326,43.83147690420815,6.7756924942526,1.1676721221160815,10.957869226052038,52.11720214667981,13.029300536669952,,,
5713,0.12303797034724084,0.2296768520624353,0.6531048119920658,29,0.6893407033450787,4.272124406396896,7.974839657311879,22.67710528198851,1.068031101599224,1.9937099143279697,5.6692763204971275,23.935287901547824,5.983821975386956,,,
5717,0.0062540697433265575,-0.00023005509474901298,0.3553527708704572,1009,0.4638102443492253,0.21715380962778474,-0.007987972999875229,12.338558910164014,0.054288452406946186,-0.0019969932499688072,3.0846397275410036,16.104419304293803,4.026104826073451,,,
5759,0.17777775900045628,0.12298089581676092,0.9578758206725271,209,1.2292704844123925,6.172799348013843,4.270142664549573,33.25936424539149,1.5431998370034608,1.0675356661373931,8.314841061347872,42.68272975976709,10.670682439941773,,,
5772,-0.0003237641920476502,0.009023603386689049,0.3179029267144498,157,0.415022219049397,-0.01124174027627851,0.31331755679261714,11.038225421379126,-0.0028104350690696276,0.07832938919815428,2.7595563553447815,14.410401489833163,3.6026003724582907,,,
5775,0.2780294232069433,0.2772034520711047,0.9810440117386867,101,1.1062934623535978,9.653737632591485,9.625058262812898,34.06381017559068,2.413434408147871,2.4062645657032244,8.51595254389767,38.412721599841625,9.603180399960406,,,
5787,0.12982451352919835,0.08482006993270759,1.2007914170593368,74,1.6293266428473931,4.507766758760825,2.945122468203473,41.69387958313429,1.1269416896902062,0.7362806170508682,10.423469895783573,56.57347969294719,14.143369923236797,,,
5789,-0.032602383908127766,-0.10200204811574791,0.6123537549086961,31,0.7582691983828598,-1.1320199740580124,-3.541715114674999,21.262147077939748,-0.2830049935145031,-0.8854287786687498,5.315536769484937,26.32862310624966,6.582155776562415,,,
5798,0.009969111852104088,-0.013983686961175397,0.4435314776345622,78,0.5478820340706637,0.34614750172875813,-0.4855415786659321,15.40029996642727,0.08653687543218953,-0.12138539466648303,3.8500749916068173,19.023559987001587,4.755889996750397,,,
5803,-0.011325026159125846,0.01892495172339403,0.5610483934000465,141,0.8191426876502808,-0.39322755829716766,0.6571121737396876,19.480722315636417,-0.09830688957429191,0.1642780434349219,4.870180578909104,28.44227240059305,7.110568100148263,,,
5856,0.08372920337656026,-0.03319833020556983,2.4520717027745516,78,2.96623803164864,2.9072453996409253,-1.1527124213977957,85.14083366373798,0.7268113499102313,-0.28817810534944893,21.285208415934495,102.99371693490407,25.748429233726018,,,
5874,-0.023301761988727878,0.0226943791967708,0.892458528459028,112,1.23992494472874,-0.8090837797726094,0.7879942344702758,30.98794502515437,-0.20227094494315234,0.19699855861756896,7.746986256288593,43.05267393087131,10.763168482717827,,,
5875,0.03992756974306249,0.1056345887822639,0.6498265241779397,117,0.7618252222942581,1.3863650766186157,3.667844191697767,22.563276572506425,0.34659126915465394,0.9169610479244418,5.640819143126606,26.45209536850123,6.613023842125307,,,
5893,0.0719682724033136,0.10062768506410294,0.5535732327598432,185,0.627467692176186,2.498882354387855,3.4939944807957826,19.221169787887273,0.6247205885969638,0.8734986201989456,4.805292446971818,21.786933207741534,5.446733301935383,,,
5906,0.28427672280877825,0.253451142557486,0.7139717377661486,21,0.7818925522873836,9.8706563693664,8.80033057188103,24.790526678716216,2.4676640923416,2.2000826429702576,6.197631669679054,27.148873200522537,6.787218300130634,,,
5910,0.15171539464455594,0.30063117600404854,0.6835170244452897,87,0.7694764841908744,5.267861932848271,10.438515693212574,23.73307812278935,1.3169654832120679,2.6096289233031436,5.933269530697338,26.717762484075543,6.679440621018886,,,
5915,-0.03717776061840961,0.02999758909857602,0.6462139858955392,74,0.7627578781484717,-1.2908862041924185,1.0415762886807567,22.437842018264913,-0.3227215510481046,0.2603940721701892,5.609460504566228,26.484479045071236,6.621119761267809,,,
5920,0.020045429921763117,0.37096734560190386,0.7678854986396965,25,0.8329261963479874,0.6960174177434589,12.880728173989306,26.66252028376754,0.17400435443586473,3.2201820434973265,6.665630070941885,28.920863389594818,7.230215847398704,,,
5929,-0.0033121392033511007,-0.0026204356136751194,0.8595895841001021,275,1.1003064306983217,-0.11500409741875692,-0.0909867653780275,29.846669539123745,-0.02875102435468923,-0.022746691344506874,7.461667384780936,38.20483988670713,9.551209971676782,,,
5935,0.005211214857142564,0.00596443242224627,0.6120662936110222,159,0.8294756562938076,0.1809438022697041,0.207097022565235,21.252165846761912,0.04523595056742603,0.05177425564130875,5.313041461690478,28.801053737833588,7.200263434458397,,,
5939,0.07037257543721544,-0.025352976675539974,0.6399996328692993,31,0.7540669866384114,2.4434765643309944,-0.880306056128099,22.22206725248781,0.6108691410827486,-0.22007651403202474,5.555516813121953,26.182713910058922,6.5456784775147305,,,
5942,0.27565575528492064,0.3840254105278215,0.7201478957358699,21,0.7723382264186909,9.571319135003016,13.334130304347019,25.004975235740876,2.392829783750754,3.3335325760867547,6.251243808935219,26.817127897709785,6.704281974427446,,,
5945,0.12548696685320448,0.21388106639165727,0.8266472308356622,54,0.9377923133747511,4.357158463076966,7.426378387251124,28.702845149075863,1.0892896157692415,1.856594596812781,7.175711287268966,32.56202470499811,8.140506176249527,,,
5958,0.02209494313241333,-0.18218811131096768,0.5602735911730929,58,0.9840663451501067,0.7671806154436557,-6.32593560093942,19.453819632712133,0.19179515386091392,-1.581483900234855,4.863454908178033,34.168751636302005,8.542187909075501,,,
5976,-0.023870123383743634,0.06463668799726806,0.6247935610327867,58,0.7331394218100737,-0.8288184241303465,2.2443150806411416,21.69408202618042,-0.2072046060325866,0.5610787701602854,5.423520506545105,25.45606700408938,6.364016751022345,,,
5981,0.12332622724108859,0.26643147166572373,1.3349843439247342,79,1.821132398682211,4.282133262265078,9.25103355917726,46.35332638975462,1.0705333155662695,2.312758389794315,11.588331597438655,63.233359147043736,15.808339786760934,,,
5989,0.002308847893779128,0.001256231673976671,0.3182704251538885,1017,0.40538677376309223,0.0801678165677989,0.04361887618381797,11.050985702193316,0.020041954141949724,0.010904719045954492,2.762746425548329,14.07583955860209,3.5189598896505223,,,
5995,0.13125385885919943,0.15926164939897672,1.0267025261991505,54,1.2233764016446498,4.557396487309123,5.52988299043127,35.6491651146869,1.1393491218272807,1.3824707476078175,8.912291278671725,42.47807541790553,10.619518854476382,,,
6002,0.1905536688276998,0.037779872775144795,0.8210067872162014,56,1.024456468730212,6.616404489035393,1.3117927424985776,28.506997665720945,1.6541011222588482,0.3279481856246444,7.126749416430236,35.571177507250425,8.892794376812606,,,
6012,0.28074214370323153,0.5334262032271286,1.0849566806259017,19,1.259693604186968,9.747928713663606,18.52162462845236,37.671865864692556,2.4369821784159016,4.63040615711309,9.417966466173139,43.73908132457991,10.934770331144977,,,
6018,0.008900818874175022,0.1970925228328223,0.6634526732343571,22,0.727933234303676,0.3090542329491051,6.843446577801256,23.036403720043346,0.07726355823727628,1.710861644450314,5.7591009300108364,25.275297761492237,6.318824440373059,,,
6029,-0.0012385132857888805,0.001195807174573865,0.12330101215727302,57,0.1749147547115325,-0.04300365830916151,0.04152081671555374,4.281257744124834,-0.010750914577290377,0.010380204178888436,1.0703144360312085,6.073390113093832,1.518347528273458,,,
6041,-0.031063771014057624,-0.04141849124858273,0.20579616011208604,24,0.31045129098628516,-1.0785962571501089,-1.4381328531332898,7.145654271411852,-0.2696490642875272,-0.35953321328332244,1.786413567852963,10.779489725625794,2.6948724314064485,,,
6043,0.012399216721972268,0.09146178589029082,0.6524576119013777,242,0.9225515616314954,0.4305256030203211,3.175736129682678,22.65463320043964,0.10763140075508028,0.7939340324206695,5.66365830010991,32.032835322968786,8.008208830742197,,,
6070,0.07535583224116635,0.04469764136568604,1.0066377602897856,30,1.3528846256876732,2.616505207077778,1.5519915034993508,34.95247631278193,0.6541263017694445,0.3879978758748377,8.738119078195483,46.974859973127394,11.743714993281849,,,
6075,0.011448927704863637,0.03704521570785085,0.8972213993056185,235,1.2932672543068842,0.39752966776827525,1.2862839798079972,31.153321426689686,0.09938241694206881,0.3215709949519993,7.788330356672422,44.90482560404364,11.22620640101091,,,
6081,-0.0020845863661399385,0.00133076937122934,0.314864724545644,122,0.4294842059219062,-0.07238100780511095,0.04620697410782514,10.932732965673852,-0.018095251951277737,0.011551743526956286,2.733183241418463,14.91255059802043,3.7281376495051073,,,
6084,0.10669298536032845,0.13997371830464667,0.5417910003297612,280,0.6195200051901404,3.7045938376813248,4.860167446973942,18.81206711344997,0.9261484594203312,1.2150418617434855,4.7030167783624925,21.510973620212056,5.377743405053014,,,
6094,0.1373784436258319,0.20574008895557583,0.7294828764252681,100,0.9684339453211849,4.770054319576135,7.143707368715504,25.32910443523816,1.1925135798940338,1.785926842178876,6.33227610880954,33.62596344944218,8.406490862360545,,,
6102,0.006692626921181356,0.059987393847031376,0.5186104812224674,57,0.6011838792426675,0.23238139195725907,2.0828822891566237,18.007193129006517,0.05809534798931477,0.5207205722891559,4.501798282251629,20.8743066550639,5.218576663765975,,,
6106,0.026736788501405533,0.4382563714045942,0.8095713386456401,42,0.9798081802672475,0.9283547703458029,15.217137727910321,28.10993602045392,0.23208869258645073,3.8042844319775804,7.02748400511348,34.02089963523937,8.505224908809842,,,
6118,0.00549725378926113,-0.05716599473110986,0.5482144259753066,38,0.6484217905746734,0.19087564607072496,-1.9849176690535966,19.035101298714594,0.04771891151768124,-0.49622941726339914,4.758775324678648,22.51450141233381,5.628625353083453,,,
6132,0.214147219646617,0.3746772098611578,0.7415155526639085,27,0.7767241572795841,7.435619760569836,13.009542080799122,25.746903019596232,1.858904940142459,3.2523855201997804,6.436725754899058,26.96941618906172,6.74235404726543,,,
6133,-0.017351710106074926,-0.006884346961959888,0.6107912642152172,83,0.9577410974863346,-0.6024860783031336,-0.23903829521317124,21.207894276080772,-0.1506215195757834,-0.05975957380329281,5.301973569020193,33.25468638692051,8.313671596730128,,,
6137,0.12405018899249642,0.046455198189770876,0.8850062825781885,27,1.0732601166999167,4.307270662197461,1.6130173915452244,30.72918814367986,1.0768176655493653,0.4032543478863061,7.682297035919965,37.26573777205451,9.316434443013627,,,
6168,0.014129454497749503,0.01854958958259873,0.8624607418381072,127,1.174097644186145,0.49060291907085823,0.6440788494869931,29.94636187810276,0.12265072976771456,0.16101971237174828,7.48659046952569,40.76701840143133,10.191754600357832,,,
6176,-0.0015956689163193585,0.05430777656683264,0.6064139958209366,22,0.6597409862823659,-0.05540481611244077,1.8856746179535628,21.055906762894562,-0.013851204028110192,0.4714186544883907,5.2639766907236405,22.90752652569631,5.726881631424077,,,
6208,0.11141060282480263,0.1281932645746359,0.49798418168918307,60,0.6057132348372425,3.868398951282797,4.451126532560508,17.291006756611814,0.9670997378206992,1.112781633140127,4.322751689152954,21.031574940018736,5.257893735004684,,,
6210,0.19764012713997595,0.25020958059180887,1.1838641991865861,90,1.5265270986201165,6.862460494554245,8.687777057308788,41.106132724156645,1.7156151236385613,2.171944264327197,10.276533181039161,53.00407391828769,13.251018479571922,,,
6212,-0.07395832713365949,0.3033097312701154,0.708282551987775,34,0.8839929693954826,-2.567981034734925,10.531520489160947,24.592986770119523,-0.6419952586837312,2.6328801222902367,6.148246692529881,30.694003883349946,7.673500970837487,,,
6218,0.013886386579089811,0.27104752344675875,0.7869355092702839,34,0.9225248667683489,0.48216311479915647,9.411312109118358,27.323974752882798,0.12054077869978912,2.3528280272795894,6.830993688220699,32.03190842393061,8.007977105982652,,,
6223,0.09249176677867424,0.07543438624918704,0.6245513989097465,29,0.7258850820451085,3.211499126089127,2.6192327593442726,21.68567367294422,0.8028747815222818,0.6548081898360681,5.421418418236055,25.20418181877026,6.301045454692565,,,
6260,0.19865110058675997,0.3661217314773837,0.8130042601230776,54,0.9315760560593295,6.89756351457348,12.712478760357717,28.2291339199935,1.72439087864337,3.1781196900894293,7.057283479998375,32.34618381849204,8.08654595462301,,,
6262,0.050023425598520056,-0.09080921426589157,0.6470445442945831,30,0.74878222179712,1.7369133836318134,-3.153077537740287,22.466680666996517,0.43422834590795334,-0.7882693844350718,5.616670166749129,25.9992163052396,6.4998040763099,,,
6273,0.03944572242758214,0.17874122199734205,0.7168027481168021,79,0.866740749185511,1.369634374130507,6.206252710191711,24.888825020111604,0.34240859353262676,1.5515631775479277,6.222206255027901,30.094972293219314,7.5237430733048285,,,
6276,-0.06921223661625152,0.03593281407204142,0.41827010881980875,21,0.474964588819401,-2.4031872797894853,1.2476591702094222,14.5231747184414,-0.6007968199473713,0.31191479255235555,3.63079367961035,16.49172045298724,4.12293011324681,,,
6279,-0.03419425396168893,-0.046450290743983755,1.6942833058347522,142,2.309848251371604,-1.1872928860577632,-1.6128469952126039,58.82890494519427,-0.2968232215144408,-0.40321174880315097,14.707226236298567,80.20255098412484,20.05063774603121,,,
6291,-0.05267216217217427,-0.019201733388828218,1.4035715772656072,37,2.274203896056533,-1.8288828149422351,-0.6667225867268934,48.73481230581642,-0.4572207037355588,-0.16668064668172336,12.183703076454105,78.96490767887494,19.741226919718734,,,
6292,-0.0009481809788165075,0.0012063539835461292,0.10674597641808366,996,0.1542510236403512,-0.03292273994646677,0.0418870230166887,3.706433793188701,-0.008230684986616693,0.010471755754172175,0.9266084482971753,5.355904042840275,1.3389760107100688,,,
6323,0.20469626575033242,0.32003903211832907,0.82201030815655,108,0.9339445592589971,7.107463739383043,11.112395273212622,28.54184191981173,1.7768659348457607,2.7780988183031554,7.135460479952933,32.428422986590896,8.107105746647724,,,
6334,-0.010070447379444215,0.048285670187196594,0.8641718538828951,38,1.7602609182840288,-0.34966607390906207,1.6765750402398403,30.005775110521885,-0.08741651847726552,0.41914376005996007,7.501443777630471,61.11977960465805,15.279944901164512,,,
6337,-0.03088982328387491,0.23103807068963533,0.6844036118368664,33,0.778717747643453,-1.0725564440627047,8.022103890485518,23.763862210199676,-0.26813911101567617,2.0055259726213794,5.940965552549919,27.03863763367598,6.759659408418995,,,
6345,0.1005329463760373,0.01030310775080972,1.2555016315589322,22,1.602339896335573,3.490704964068767,0.3577445073236151,43.593527650989245,0.8726762410171918,0.08943612683090378,10.898381912747311,55.63644588056377,13.909111470140942,,,
6348,0.01855563685508562,0.17166971405319706,0.4659547499771769,52,0.657720031918631,0.644288822882283,5.960715811355109,16.178880828707538,0.16107220572057074,1.4901789528387772,4.044720207176884,22.83735494827871,5.709338737069677,,,
6365,0.12093763739539239,0.10394061267205264,0.6434422367882819,24,0.7327569736015617,4.1991966456428145,3.6090259531990116,22.341601345762726,1.0497991614107036,0.9022564882997529,5.5854003364406815,25.442787637393426,6.3606969093483565,,,
6378,0.09989164014492997,0.008536268036577309,0.5484532890163192,132,0.6412509698343684,3.4684375291122587,0.2963962987660373,19.043395101224636,0.8671093822780647,0.07409907469150932,4.760848775306159,22.26551617458894,5.566379043647235,,,
6409,-0.008150906674670872,0.05895194318911682,0.3295263799466726,28,0.447107722908652,-0.28301578155792206,2.046929371412514,11.441814964508367,-0.07075394538948052,0.5117323428531285,2.860453741127092,15.524474354834217,3.881118588708554,,,
6456,0.02370261394527044,0.05705728607755134,0.4292032230748239,36,0.5053648959485698,0.8230021614076802,1.9811430871847377,14.902794311604035,0.20575054035192006,0.49528577179618444,3.725698577901009,17.547279917126243,4.386819979281561,,,
6460,0.11234373458187916,0.2726979928654998,0.7341620104112188,133,0.8489169778850503,3.900799152152008,9.468619708275885,25.49157332549834,0.975199788038002,2.367154927068971,6.372893331374585,29.476095306124716,7.369023826531179,,,
6469,0.032084211939668705,-0.006625646603061715,0.9138543531440241,24,1.0787576340754101,1.1140280069691768,-0.23005570135150888,31.730850849866805,0.2785070017422942,-0.05751392533787722,7.932712712466701,37.45662257036639,9.364155642591598,,,
6474,0.07757640495469786,0.13565792566570659,0.8647696213951525,27,0.9890173519684985,2.6936079328370193,4.710314494964664,30.026530794082486,0.6734019832092548,1.177578623741166,7.5066326985206215,34.34066049505021,8.585165123762552,,,
6475,0.1496892180839809,0.2179379384814636,1.2534794277070935,58,1.6127600021665738,5.197509030311985,7.567241099953379,43.52331268884571,1.2993772575779963,1.8918102749883448,10.880828172211427,55.99825279522778,13.999563198806944,,,
6476,0.1960713615106573,0.19063630853175106,0.7454475996145185,980,0.8651699370513724,6.807989814373043,6.619273904839461,25.88343155381531,1.7019974535932607,1.6548184762098652,6.4708578884538275,30.040430554297753,7.510107638574438,,,
6488,0.0223903340314058,0.09461521182897713,0.983697726856302,41,1.5128089328810992,0.7774371782384722,3.285229385125744,34.15595247190452,0.19435929455961806,0.821307346281436,8.53898811797613,52.52775176749753,13.131937941874382,,,
6499,0.18591968187862867,-0.05796004666676125,0.39582678178261427,19,0.5000531055408376,6.455503194189745,-2.0124887403632843,13.743897517055933,1.6138757985474363,-0.5031221850908211,3.435974379263983,17.362843930588962,4.3407109826472405,,,
6511,0.05884954787389659,-0.04445950813227602,0.8311390832672683,31,1.0241210900293902,2.0433740012774373,-1.543723041368888,28.858811249206088,0.5108435003193593,-0.385930760342222,7.214702812301522,35.559532488000485,8.889883122000121,,,
6524,0.07468656087332279,0.19001507231752424,0.5932281690875942,21,0.7330808771495402,2.593266766643514,6.597703341009077,20.598068487059447,0.6483166916608785,1.6494258352522693,5.149517121764862,25.454034216386336,6.363508554096584,,,
6542,0.029593867946375668,0.09649218390706778,0.7028495553664752,25,0.8042612855767529,1.027558282834056,3.3504016096212075,24.404342261434753,0.256889570708514,0.8376004024053019,6.101085565358688,27.925560357796016,6.981390089449004,,,
6548,-0.0028370140563588526,-0.007258260421760182,0.9507008875196872,170,1.3823398417096326,-0.09850680206489208,-0.25202131836435704,33.01023621645858,-0.02462670051622302,-0.06300532959108926,8.252559054114645,47.99760398384187,11.999400995960467,,,
6550,0.07536148130223808,0.21306247524212507,0.8039377480317849,32,0.8938239776751402,2.6167013537763104,7.397955265357067,27.914326487159634,0.6541753384440776,1.8494888163392667,6.978581621789909,31.03535615283622,7.758839038209055,,,
6602,0.03646385030218316,0.04516725857162753,0.4710542371470863,54,0.5224773924254786,1.2660978101924036,1.5682975521240512,16.35594522222113,0.3165244525481009,0.3920743880310128,4.088986305555283,18.14146001979747,4.535365004949368,,,
6616,0.2070045407567304,0.14978928099825128,1.086988045302358,105,1.3193450780278848,7.187611664155193,5.200983414821281,37.74239890898847,1.7969029160387981,1.3002458537053203,9.435599727247117,45.810299799284216,11.452574949821054,,,
6657,0.09381807301121287,0.1376170384188011,0.7186210043385535,43,0.8078143852899483,3.257551131095333,4.778338807977612,24.951958512643255,0.8143877827738333,1.194584701994403,6.237989628160814,28.048931086037587,7.012232771509397,,,
6661,0.02936384643019401,0.01219937084165552,0.5650935818744958,202,0.6918777241935051,1.0195714757491965,0.42358655436396303,19.621179349846244,0.2548928689372991,0.10589663859099076,4.905294837461561,24.023378339446886,6.0058445848617215,,,
6663,0.05383705881488824,0.14359191567123497,0.5564543274562981,61,0.6621264082682136,1.8693303561705497,4.985798495936621,19.321207157937582,0.4673325890426374,1.2464496239841552,4.830301789484396,22.99035314788891,5.747588286972228,,,
6666,-0.02395848171760784,0.008556888759814824,1.319539030332943,29,1.8527629048132752,-0.8318864021987795,0.29711229151829033,45.81703421122045,-0.20797160054969488,0.07427807287957258,11.454258552805113,64.33163358092655,16.082908395231637,,,
6675,0.1310031239214826,0.16567654477515623,0.4797115531418047,251,0.5628368178412801,4.54869046880172,5.752620987682975,16.656544548189743,1.13717261720043,1.4381552469207437,4.164136137047436,19.54281998908493,4.885704997271232,,,
6681,-0.01177887652106809,-0.013715654822741877,0.4700465411661916,24,0.6470117722243173,-0.40898615056452625,-0.47623496675524346,16.320956002372505,-0.10224653764113156,-0.11905874168881087,4.080239000593126,22.465542755172745,5.616385688793186,,,
6732,0.17992435788757066,0.2289269844971952,0.7023771593927939,503,0.8213841836447061,6.247333554572228,7.948802755711612,24.38793972843659,1.561833388643057,1.987200688927903,6.096984932109147,28.520101624511486,7.130025406127872,,,
6733,0.1445832668637966,0.15550441285681416,1.0000185235365102,28,1.1970428944666718,5.020220192044746,5.399424223214301,34.72264317423471,1.2550550480111864,1.3498560558035753,8.680660793558678,41.56372338167178,10.390930845417945,,,
6752,0.0782327501214013,0.024629314428214557,0.504659677233821,43,0.6028230991809719,2.7163975497152957,0.8551790555764659,17.522793312912732,0.6790993874288239,0.21379476389411647,4.380698328228183,20.931223649761705,5.232805912440426,,,
6757,0.056809988098484844,0.020504316581214727,0.3067329631206546,21,0.3606990814683694,1.9725564067555907,0.7119508803329377,10.65038194547537,0.4931391016888977,0.17798772008323444,2.6625954863688426,12.524193506744721,3.1310483766861803,,,
6765,-0.0019347984059330818,0.09070077744658778,1.4018596646556685,70,1.8681815032911282,-0.06718007025080847,3.149312394500421,48.675371276174126,-0.016795017562702116,0.7873280986251052,12.168842819043531,64.86699815727455,16.216749539318638,,,
6769,0.11382738424677147,0.26295135066900893,0.8027321639474863,130,0.94408442392603,3.952314435816399,9.130196797929328,27.872466196584618,0.9880786089540997,2.282549199482332,6.9681165491461545,32.780499367559614,8.195124841889903,,,
6770,0.09781099720699826,0.06754483344660311,0.5577425854713727,64,0.6142681195144146,3.3961934450213938,2.3452917069329535,19.365938052737004,0.8490483612553484,0.5863229267332384,4.841484513184251,21.328617645779506,5.3321544114448765,,,
6790,-0.04104078040695975,0.06752901347815461,0.5880932289765907,28,0.6739456093244718,-1.4250179772904565,2.3447424059884847,20.419773096525184,-0.35625449432261413,0.5861856014971212,5.104943274131296,23.40073944696431,5.850184861741077,,,
6799,0.08458796625340881,0.2783853158745749,0.6623379540089723,56,0.8546520213708803,2.937063364250861,9.66609493779699,22.997698439099537,0.7342658410627152,2.4165237344492474,5.749424609774884,29.675227486039706,7.4188068715099265,,,
6840,0.06338447019066962,0.16361829962404784,0.7542272523974718,28,0.8416731332711577,2.2008355739604304,5.681154599546189,26.188278657745016,0.5502088934901076,1.4202886498865472,6.547069664436254,29.22457453344114,7.306143633360285,,,
6850,0.08689045027991979,0.12678055700980148,0.6329108908790497,206,0.7718340682610824,3.017010214619375,4.402074500494328,21.975931953102364,0.7542525536548438,1.100518625123582,5.493982988275591,26.799622518161303,6.699905629540326,,,
6863,0.1617613768450307,0.4571637256826792,1.9288813351382927,21,2.4049115326910133,5.616678526813156,15.873638883153989,66.97461771867181,1.404169631703289,3.968409720788497,16.743654429667952,83.50333823809737,20.875834559524343,,,
6881,0.002309893588880541,-0.003444035424764032,0.886865923407719,246,1.3190160888837834,0.08020412519311015,-0.11958379801865672,30.79375859256282,0.02005103129827754,-0.02989594950466418,7.698439648140705,45.79887663822273,11.449719159555682,,,
6882,0.1133586131123242,0.2584733524864623,0.83776649803376,212,1.1960058132219051,3.9360377644861213,8.974711745034945,29.088928344728217,0.9840094411215303,2.2436779362587362,7.272232086182054,41.52771384669099,10.381928461672748,,,
6891,0.28593975173355457,0.35417058110128136,1.2835965045200461,54,1.4751569040873524,9.928400059692482,12.297510916998691,44.569037829945046,2.4821000149231205,3.074377729249673,11.142259457486261,51.22039802372105,12.805099505930263,,,
6898,0.07632640647387431,0.08862221672839447,0.5784848589243093,157,0.6893308898576073,2.650205485585864,3.077140609243313,20.086151271569868,0.662551371396466,0.7692851523108283,5.021537817892467,23.93494715763584,5.98373678940896,,,
6909,0.03876348312174744,0.11915766959769002,0.6201474960093903,613,0.700748785206354,1.3459456609533147,4.1373926037709925,21.53276135643805,0.3364864152383287,1.0343481509427481,5.383190339109513,24.331399319935024,6.082849829983756,,,
6914,0.24470761869208169,0.0797043320471789,0.6803966941463204,27,0.8188886980523982,8.496737936226461,2.767493817342146,23.62473401414854,2.1241844840566153,0.6918734543355365,5.906183503537135,28.43345337377537,7.108363343443843,,,
6918,0.030234309511637917,0.08124963991020281,0.47674637688497107,21,0.6258261594940879,1.0497956948630918,2.8211499969620624,16.553587698199966,0.26244892371577294,0.7052874992405156,4.138396924549991,21.72993590995372,5.43248397748843,,,
6921,-0.03559059373949225,0.16258738305772003,0.4752123777695841,32,0.5799977225871314,-1.2357765958226499,5.645359114530155,16.5003241809155,-0.30894414895566247,1.4113397786325388,4.125081045228875,20.13868092367038,5.034670230917595,,,
6961,0.000780621309058729,-0.0025624047820030204,0.3974365834466203,122,0.5042767415746712,0.02710473309313719,-0.08897181884070887,13.79979305043355,0.006776183273284298,-0.022242954710177218,3.4499482626083875,17.509497020955735,4.377374255238934,,,
6967,0.17690413687827472,0.1442603045763274,1.2236903294437096,61,1.5083789523102544,6.142465440687455,5.0090062954992405,42.48897561894449,1.5356163601718638,1.2522515738748101,10.622243904736122,52.373933982116654,13.093483495529163,,,
6969,0.10405255506731653,0.21122400008531958,0.5659065769916243,41,0.654788897888355,3.6129128170473646,7.334119730962467,19.64940816630318,0.9032282042618411,1.8335299327406167,4.912352041575795,22.735580112479465,5.683895028119866,,,
6970,0.052352514994893046,0.11669842632492819,1.28669571601126,76,1.5422093505311016,1.8177840256526765,4.052002758854157,44.67664865134297,0.4544460064131691,1.0130006897135393,11.169162162835743,53.548593069140914,13.387148267285228,,,
6972,0.1510101361050616,0.09651993118769264,0.7220805054395132,63,0.8549985197212261,5.243373945839949,3.351365050699064,25.072079309870777,1.3108434864599872,0.837841262674766,6.268019827467694,29.687258601760412,7.421814650440103,,,
6975,-0.03953308171424635,0.04967290020660152,0.5206257771141358,41,0.6054546555639914,-1.3726676632820618,1.724742440973618,18.077168232957025,-0.34316691582051545,0.4311856102434045,4.519292058239256,21.02259655049291,5.2556491376232275,,,
6976,0.18429714078165838,0.26162603345034346,0.6901824975941004,65,0.7602162818381522,6.3991653222207425,9.084179133462825,23.964516681462356,1.5997913305551856,2.2710447833657064,5.991129170365589,26.39622973798432,6.59905743449608,,,
6977,0.058954837517377436,0.0419534500777096,0.673055896221197,795,0.8651901273106057,2.047029868278379,1.4567076935982328,23.369846828592404,0.5117574670695948,0.3641769233995582,5.842461707148101,30.041131600478852,7.510282900119713,,,
6990,-0.00294178079751865,0.008988519157935927,0.8017110953884042,223,1.1998748890547988,-0.10214451285144256,0.31209936220185125,27.837012654076172,-0.02553612821286064,0.07802484055046281,6.959253163519043,41.66205589776072,10.41551397444018,,,
6991,0.23589383454458535,0.3174747833045946,0.778131615288985,145,0.8693134493729173,8.190705723057093,11.023359425902134,27.01828594606414,2.047676430764273,2.7558398564755335,6.754571486516035,30.184301589126438,7.5460753972816095,,,
7018,0.05672346711722954,0.05028448130017512,0.8168401363651657,221,0.9823736511713973,1.9695522252444442,1.7459777597046806,28.362323214871285,0.49238805631111104,0.43649443992617015,7.090580803717821,34.10997791597326,8.527494478993315,,,
7032,0.12286717296905939,0.0821185510222449,0.7367913846459313,30,0.8320373569970564,4.26619397983168,2.8513203285943876,25.582870457676027,1.06654849495792,0.7128300821485969,6.395717614419007,28.89000110965179,7.222500277412948,,,
7040,0.07292047317276,0.013610391093046412,0.5789160466551241,126,0.6785878489849176,2.531944669504573,0.47257999953275753,20.10112297195922,0.6329861673761432,0.11814499988318938,5.025280742989805,23.56192729245431,5.890481823113578,,,
7046,0.07965866360856848,0.14879905599749704,0.6070157422470691,78,0.7449439158952552,2.7659081178167146,5.166600822345092,21.076800602302736,0.6914770294541787,1.291650205586273,5.269200150575684,25.865942647715052,6.466485661928763,,,
7048,-0.010534965063235655,0.081042961426167,0.7953091866779883,59,1.1105872942277042,-0.36579505692566844,2.813973706639371,27.614725579833113,-0.09144876423141711,0.7034934266598427,6.903681394958278,38.561812030174345,9.640453007543586,,,
7057,-0.0012739397023570497,0.015137720688136723,1.9118035644482294,386,2.4915362142425344,-0.04423373434524148,0.5256119377334834,66.38164336477142,-0.01105843358631037,0.13140298443337084,16.595410841192855,86.51112043092928,21.62778010773232,,,
7075,0.07113317699404498,0.007576982276738729,0.695711231746367,46,0.8363771179580322,2.46988617158723,0.26308797861292216,24.156485388697355,0.6174715428968075,0.06577199465323054,6.039121347174339,29.040686289738794,7.2601715724346985,,,
7084,0.2688550022763327,0.3233119904911149,0.8480874174664458,156,0.9935645133006378,9.335183389038823,11.226038933832493,29.447291309269932,2.333795847259706,2.8065097334581233,7.361822827317483,34.498547030824746,8.624636757706186,,,
7085,0.019847683136436815,-0.07860322454125378,0.9556781524805703,31,1.199517058409459,0.6891512538633591,-2.729261162521414,33.183056810430365,0.17228781346583977,-0.6823152906303535,8.295764202607591,41.64963130209323,10.412407825523308,,,
7088,0.19567279992364142,0.16021016179243916,1.202220900082816,45,1.5906190525273138,6.794150958948678,5.562817237757073,41.74351409267553,1.6985377397371695,1.3907043094392681,10.435878523168883,55.229474741853394,13.807368685463349,,,
7096,0.19523334795957908,-0.07015075069151862,0.9945976432482502,25,1.2659469387923203,6.778892307852505,-2.4357743655109094,34.53441936886574,1.6947230769631263,-0.6089435913777274,8.633604842216435,43.956209608746946,10.989052402186736,,,
7098,0.10322833251969346,0.01913796445927709,1.092870820534613,21,1.6001797704144287,3.5842941617487964,0.6645084019550191,37.94666063060283,0.8960735404371991,0.1661271004887548,9.486665157650707,55.5614419883298,13.89036049708245,,,
7099,0.008202216654569288,0.008352694292040592,0.129219622370134,31,0.17912004794782904,0.2847973666799548,0.29002225120823344,4.486763727935793,0.0711993416699887,0.07250556280205836,1.1216909319839483,6.2194063048445205,1.5548515762111301,,,
7102,0.07196523170143171,0.21042235196566914,0.7169480001080647,44,0.8497993451961493,2.4987767751371117,7.306284904951964,24.893868459752223,0.6246941937842779,1.826571226237991,6.223467114938056,29.506732863900698,7.3766832159751745,,,
7121,-0.27626005912155244,0.11529343508130112,1.6023212774484672,21,1.98666546197141,-9.592301772818544,4.003218652892937,55.63579939556568,-2.398075443204636,1.0008046632232344,13.90894984889142,68.9809981705713,17.245249542642824,,,
7136,0.035905478276802155,0.05021714067401023,0.5891230077776745,930,0.6831979482120178,1.2467100167271246,1.7436395584829834,20.455529076056415,0.31167750418178114,0.43590988962074584,5.113882269014104,23.721999157817685,5.930499789454421,,,
7137,0.03801355578204009,0.06480592451732554,0.6527629996239884,115,0.9722719249306444,1.3199066838639961,2.250191311090578,22.665236872944128,0.32997667096599903,0.5625478277726444,5.666309218236032,33.759225777441834,8.439806444360459,,,
7144,0.07521596902638673,0.04275757486413736,0.5652695076467972,119,0.6352555480047308,2.6116488765342,1.4846285144325775,19.627287844512093,0.65291221913355,0.37115712860814437,4.906821961128023,22.057343137820265,5.514335784455066,,,
7146,-0.005046544849328684,0.030507884403993463,0.38137927379632935,83,0.4780740131093628,-0.17522613025839057,1.0592947622754612,13.242251144756148,-0.04380653256459764,0.2648236905688653,3.310562786189037,16.599685883183298,4.1499214707958245,,,
7150,0.21318012249085533,0.21724304153186397,1.4345555744080267,27,2.078936354638365,7.402040213127479,7.5431128880693805,49.81063865459551,1.8505100532818697,1.8857782220173451,12.452659663648877,72.18482810575331,18.046207026438328,,,
7171,0.2602642509716291,0.1851298221779714,1.0853042368700458,21,1.2332365182940896,9.036895322236905,6.4280776856635224,37.683933712601736,2.2592238305592263,1.6070194214158806,9.420983428150434,42.820438388207386,10.705109597051846,,,
7195,-0.08638789608852132,0.21051121441822496,0.60323151132548,36,0.6872841294258043,-2.999560527985637,7.309370387029607,20.94540453624332,-0.7498901319964093,1.8273425967574017,5.23635113406083,23.863879541922778,5.965969885480694,,,
7196,0.09201960532159678,0.03083904269743997,0.584446607291361,19,0.6877664755542112,3.1951047359764835,1.0707932405405107,20.293155098370637,0.7987761839941209,0.2676983101351277,5.073288774592659,23.880627564193322,5.9701568910483305,,,
7199,0.1227159741010025,0.18777733801142577,0.7922040317111377,21,0.9150078791470383,4.260944052735009,6.520004730432726,27.506908389074127,1.0652360131837522,1.6300011826081815,6.876727097268532,31.770903579743464,7.942725894935866,,,
7209,0.19779668495807812,0.3058473280076619,0.9628673741167431,40,1.1304355726814648,6.867896495114389,10.619630923082036,33.432680964081555,1.7169741237785971,2.654907730770509,8.358170241020389,39.25098395464582,9.812745988661455,,,
7220,0.17191289129404197,0.24091066165358654,1.0434465879373975,24,1.2154432840869047,5.9691594115117255,8.364899993935833,36.230552426362316,1.4922898528779314,2.091224998483958,9.057638106590579,42.20262171006551,10.550655427516377,,,
7269,0.015608865790557758,-0.03356365939965178,0.6456085298365343,64,0.9591181153839831,0.5419710379797464,-1.1653973816747092,22.416819372984143,0.1354927594949366,-0.2913493454186773,5.604204843246036,33.30249920236266,8.325624800590665,,,
7270,0.14999999229169653,0.02101331046424093,0.7637050578183512,28,0.8818646706966676,5.208299732352287,0.7296241659393736,26.51736701756879,1.3020749330880717,0.1824060414848434,6.629341754392198,30.620105095929695,7.655026273982424,,,
7312,0.15134648115806018,-0.042135092974789436,0.7540624616340199,44,1.036324530483568,5.2550525187701655,-1.463014698270639,26.18255679285644,1.3137631296925414,-0.3657536745676597,6.54563919821411,35.98326034745045,8.995815086862612,,,
7327,0.1713248287862507,0.3315856212450444,0.8162775837978862,25,0.8764579573970337,5.9487407051161965,11.513315940870433,28.342790264630207,1.4871851762790491,2.878328985217608,7.085697566157552,30.432373196739807,7.608093299184952,,,
7337,0.06962647539160009,0.1261377840483119,1.0433043815878538,53,1.287801137210161,2.4175704785471384,4.3797561377254866,36.22561473749346,0.6043926196367846,1.0949390344313716,9.056403684373365,44.71503108621121,11.178757771552803,,,
7360,0.14551322752629403,0.25610859915183015,0.8537708924296379,62,1.2366317539781129,5.052510286167982,8.892602779749847,29.64463292694189,1.2631275715419954,2.2231506949374618,7.411158231735472,42.93832776162804,10.73458194040701,,,
7362,0.0026127979730072174,-0.003683187500850129,0.16787566419121505,52,0.23740967990855308,0.09072157121875661,-0.12788763640451817,5.828978812047369,0.022680392804689153,-0.03197190910112954,1.4572447030118423,8.24333890578478,2.060834726446195,,,
7377,0.3424297491388005,0.1663260416706371,1.2271220921491268,44,1.5627185065049942,11.88984574959743,5.775172818887862,42.60813328360198,2.9724614373993576,1.4437932047219655,10.652033320900495,54.26071198286641,13.565177995716603,,,
7379,0.010731361756619697,-0.0019599575526701054,2.2578596713336663,26,2.8248951846510097,0.37261434291334916,-0.0680536461438114,78.39740350804756,0.09315358572833729,-0.01701341153595285,19.59935087701189,98.08601060145236,24.52150265036309,,,
7396,0.018866263828200495,0.0003738697037832757,0.6742670527716482,46,0.8923950470264441,0.6550744126427777,0.0129815038547629,23.41190060633717,0.16376860316069441,0.003245375963690725,5.8529751515842925,30.985740822852193,7.746435205713048,,,
7407,-0.009957738099905297,0.25568172930187255,0.9107967236489304,58,1.073938423237058,-0.34575258230491174,8.877781004819619,31.62468383853816,-0.08643814557622793,2.2194452512049048,7.90617095963454,37.28928993163713,9.322322482909282,,,
7408,0.13389607681540536,0.1925648883790139,0.5673323369706961,107,0.6742214015402395,4.649139579184505,6.686238054296121,19.69891340429651,1.1622848947961262,1.6715595135740302,4.924728351074127,23.410315504280195,5.852578876070049,,,
7410,0.06462816839039043,-0.019602032023568583,0.6205061218371667,32,0.755368157485264,2.2440192628511366,-0.6806217559223484,21.545213562430103,0.5610048157127842,-0.1701554389805871,5.386303390607526,26.227893164203337,6.556973291050834,,,
7418,0.14606956266379853,0.2950095630426972,0.5318197702298537,20,0.568172181016071,5.071827354812413,10.243322047968533,18.46584606192098,1.2679568387031033,2.5608305119921333,4.616461515480245,19.72807446924002,4.932018617310005,,,
7421,0.09420537283473958,0.17107166423620998,0.7869096601083366,77,0.9587394719041329,3.2709989555678276,5.939950325609683,27.323077218281664,0.8177497388919569,1.4849875814024207,6.830769304570416,33.2893519434553,8.322337985863825,,,
7435,0.10479538600690985,0.12886142169271753,0.8657436455289943,38,0.940254298145092,3.638705392931924,4.474326284014538,30.060350860057742,0.909676348232981,1.1185815710036344,7.5150877150144355,32.64750974019388,8.16187743504847,,,
7436,0.19037142778993033,0.1579880929331342,0.6317207594752184,33,0.6656372714433589,6.610076715721961,5.485662562824286,21.934608210498535,1.6525191789304903,1.3714156407060716,5.483652052624634,23.11225733905631,5.778064334764077,,,
7446,0.16420464863498638,0.20067371466041323,0.721419290220956,25,0.7827670535249296,5.7015138099039975,6.967792720438869,25.049120595052035,1.4253784524759994,1.7419481801097172,6.262280148763009,27.179237632492605,6.794809408123151,,,
7458,0.17264819777300772,0.0752000297994033,0.6253686027143225,25,0.6757037676267924,5.994690723074374,2.611095434694881,21.714048623446708,1.4986726807685935,0.6527738586737203,5.428512155861677,23.461786219537487,5.865446554884372,,,
7462,0.12993337134967842,0.14094935822403612,0.9263143600032715,143,1.3082381096554856,4.5115465200035345,4.894043616254982,32.163487208033594,1.1278866300008836,1.2235109040637455,8.040871802008398,45.42464364345777,11.356160910864443,,,
7469,-0.016878249674306883,0.03275676512447016,0.6558987630059382,24,0.7902091597069874,-0.5860465851912836,1.137380398651853,22.774116849092188,-0.1465116462978209,0.28434509966296323,5.693529212273047,27.437642443346014,6.859410610836504,,,
7477,0.11571625809337185,0.24912465857807503,1.1511093822357308,39,1.49692576949419,4.0178999135180575,8.65010639514792,39.96881996998905,1.0044749783795144,2.16252659878698,9.992204992497262,51.976256568377266,12.994064142094317,,,
7496,0.4176468326497919,0.34461927972891865,0.7924182428388781,28,0.8965154380684471,14.501533323266075,11.965870630747514,27.514346227851526,3.625383330816519,2.9914676576868784,6.8785865569628815,31.128809040612623,7.782202260153156,,,
7501,0.08327297472060763,0.08035132286468524,0.620008037768123,25,0.7650991470743026,2.891404228248938,2.789958632507601,21.527919087384767,0.7228510570622345,0.6974896581269002,5.381979771846192,26.565772584713937,6.641443146178484,,,
7513,0.01491845278020905,-0.050278993229821344,0.7670937133739749,22,1.0592836641486543,0.5179985174344187,-1.7457872029258568,26.635027915771158,0.12949962935860468,-0.4364468007314642,6.658756978942789,36.78044738656958,9.195111846642394,,,
7547,-0.03084280985377041,0.09713233974845846,1.0910396271169724,23,1.3016501224255907,-1.0709240437426162,3.372629100745975,37.88307793275552,-0.26773101093565405,0.8431572751864937,9.47076948318888,45.195895550861366,11.298973887715341,,,
7569,0.16929423503139726,0.2258997893837897,0.6252385557650565,53,0.7068704156092162,5.878234428760176,7.843692486983946,21.70953313327429,1.469558607190044,1.9609231217459866,5.427383283318573,24.543954570783203,6.135988642695801,,,
7578,0.21830006335789065,0.377409722609527,0.8708187286743321,32,1.0500489923347827,7.579814799912679,13.104420388447997,30.23656789703016,1.8949536999781698,3.276105097111999,7.55914197425754,36.45980111184832,9.11495027796208,,,
7580,0.17087126942580255,0.2053554026185509,0.7448121026664742,68,0.8169264894358045,5.932992217002717,7.130350289721324,25.86136582878532,1.4832480542506792,1.782587572430331,6.46534145719633,28.365321566190005,7.091330391547501,,,
7590,0.10132307376177785,-0.06489041765781955,0.649115930988635,64,0.7648741604860467,3.5181397671564505,-2.2531250819148108,22.538603355787384,0.8795349417891126,-0.5632812704787027,5.634650838946846,26.557960600396516,6.639490150099129,,,
7610,0.006142572645010854,0.0077047618071852805,0.24100558078159914,35,0.32077794450631525,0.2132824073800669,0.26752473946908734,8.368195775898686,0.053320601845016725,0.06688118486727183,2.0920489439746714,11.138051789148278,2.7845129472870696,,,
7624,0.10949620606178874,0.04373313952986528,0.7786357744358562,63,0.9063718313566408,3.8019272668774287,1.5185020707559824,27.0357913599618,0.9504818167193572,0.3796255176889956,6.75894783999045,31.471042728365283,7.867760682091321,,,
7627,0.1305344628730214,0.18674053830632928,0.8630442273410036,19,1.0153343159434907,4.532417619877049,6.484004971072365,29.96662166173433,1.1331044049692622,1.6210012427680913,7.491655415433582,35.25443811818988,8.81360952954747,,,
7636,0.09030293617548225,0.11709006691326847,0.7069705517950635,86,0.8239663548367316,3.135498549885095,4.065601303362508,24.547431499428196,0.7838746374712737,1.016400325840627,6.136857874857049,28.609759772641,7.15243994316025,,,
7638,0.0990684701323471,0.2523909826791942,0.5700262242762243,25,0.6287014416462131,3.439855419935356,8.763519700586981,19.79245055931906,0.859963854983839,2.1908799251467452,4.948112639829765,21.82977145683981,5.457442864209953,,,
7650,-0.017442316365134047,0.04088303401698902,0.3318873431651751,34,0.43864961509254247,-0.6056321088301844,1.4195407071378927,11.52379232938121,-0.1514080272075461,0.3548851767844732,2.8809480823453026,15.23079193524326,3.807697983810815,,,
7653,0.05172965619298964,-0.01863690294523046,0.5822329410114682,32,0.6899951241065717,1.7961571223329862,-0.647110544064292,20.2162921778002,0.44903928058324655,-0.161777636016073,5.05407304445005,23.958010699228385,5.989502674807096,,,
7672,-0.17294818821115196,0.1598957095376237,1.0824021309517537,54,1.5629114185412065,-6.005106991067619,5.55189882656537,37.583166790906795,-1.5012767477669047,1.3879747066413426,9.395791697726699,54.267410274587775,13.566852568646944,,,
7715,0.1106898563607635,0.252862047084605,0.8531090453253182,34,0.9538029594249043,3.8433731925584307,8.779875998871656,29.6216522717857,0.9608432981396077,2.194968999717914,7.405413067946425,33.11794635715153,8.279486589287883,,,
7722,-0.022785329895017217,0.024116478438331132,0.48952100685452127,41,0.5790102064001564,-0.7911522246147878,0.8373723643357336,16.99714840000269,-0.19778805615369696,0.2093430910839334,4.2492871000006724,20.104392386626234,5.0260980966565585,,,
7730,0.44909075207876814,0.42940330098771956,0.9800330983362794,82,1.1473974386007826,15.593329093678989,14.9097414168956,34.02870924043229,3.898332273419747,3.7274353542239,8.507177310108073,39.83993386309638,9.959983465774094,,,
7743,0.07936362188056906,0.15893362262656346,0.800043103552317,29,0.9494760200773558,2.7556636789371187,5.5184932448395365,27.779096641543553,0.6889159197342797,1.3796233112098841,6.944774160385888,32.96770636912595,8.241926592281487,,,
7746,0.2342147643047577,0.2190776443884966,1.0853924529060877,82,1.2741531375666872,8.132405046189797,7.60681396845738,37.686996749805175,2.0331012615474493,1.901703492114345,9.421749187451294,44.24114524259052,11.06028631064763,,,
7751,0.03473224989018993,0.27813788707113,0.7888094510860326,19,0.8925710011013009,1.2059731806871747,9.657503714883777,27.389041760609224,0.3014932951717937,2.4143759287209443,6.847260440152306,30.991850300239374,7.7479625750598435,,,
7761,-0.03559656020927589,0.009379295786429608,2.117335773051322,43,2.7518074371066263,-1.2359837635864774,0.32566790829640885,73.518132711888,-0.30899594089661936,0.08141697707410221,18.379533177972,95.54825783121629,23.887064457804073,,,
7766,0.2530692860407294,0.28052158806263594,0.7133118346887238,85,0.7784622725881447,8.787071749906207,9.740270580710845,24.76761352406187,2.196767937476552,2.4350676451777113,6.191903381015467,27.029767028805562,6.7574417572013905,,,
7770,0.145548812101809,0.17101328522264936,0.3905213530101541,24,0.44453707297549777,5.053745853799012,5.937923289500831,13.559682419218571,1.263436463449753,1.4844808223752077,3.389920604804643,15.435216247855234,3.8588040619638084,,,
7780,0.1740797117232109,0.06116120092059816,0.6334038150015475,48,1.0759009276415783,6.044395750453329,2.1236392183650095,21.993047264483735,1.5110989376133324,0.5309098045912524,5.498261816120934,37.357432009570886,9.339358002392721,,,
7792,0.06074923804620195,0.279161775407998,0.6966467170767712,86,0.8478247421561252,2.109335043440224,9.693055165716508,24.18896731033965,0.527333760860056,2.423263791429127,6.047241827584912,29.438170697144983,7.359542674286246,,,
7806,0.033796731585385466,0.03939164610388701,0.4480141866902054,24,0.7146107531748855,1.1734901141077543,1.367756736019165,15.555948590257312,0.29337252852693857,0.34193918400479123,3.888987147564328,24.812714571738375,6.203178642934594,,,
7820,0.08322699543639399,0.04737805214500668,0.5993983362504277,46,0.6862827137939886,2.889807735542472,1.6450607265789219,20.812309031287352,0.722451933885618,0.41126518164473047,5.203077257821838,23.829108388354875,5.957277097088719,,,
7829,0.01562978950949962,0.0031334065904178995,0.649171751300524,123,0.772042780965052,0.5426975513488459,0.10879814363249031,22.540541548656794,0.13567438783721147,0.027199535908122578,5.6351353871641985,26.806869440668535,6.701717360167134,,,
7839,0.18994983160024181,0.2024038492744893,1.0482196696757156,44,1.4663745768954661,6.595438052823597,7.027866454508818,36.3962833704802,1.6488595132058992,1.7569666136272044,9.09907084262005,50.915458058964376,12.728864514741094,,,
7856,0.24161300279673642,0.2710173402099805,0.6947206352681947,42,0.8045854694609739,8.389286683108283,9.410264086770942,24.122089897782256,2.0973216707770708,2.3525660216927355,6.030522474445564,27.936816670623937,6.984204167655984,,,
7859,0.055161951000926975,0.27306578425155126,0.9227602956850778,30,1.0434896932728024,1.9153332626541866,9.481390160782363,32.04008298677727,0.47883331566354664,2.3703475401955907,8.010020746694318,36.23204912981824,9.05801228245456,,,
7861,0.38686361343177655,0.18181970235355585,0.9419720060887431,26,0.9979662300725152,13.432678385578146,6.313143705120167,32.70715199541334,3.3581695963945366,1.5782859262800417,8.176787998853335,34.651383440577874,8.662845860144468,,,
7869,-0.038991064207975434,0.05731597054640839,0.748344099779587,19,0.9206199780892103,-1.3538477314293231,1.9901251293123923,25.984003832546822,-0.3384619328573308,0.49753128232809807,6.4960009581367055,31.96576687921356,7.99144171980339,,,
7883,0.220894020335236,0.042878236952194115,1.644370813787953,29,2.315988256444349,7.6698821740800645,1.4888181434540841,57.0958433963453,1.9174705435200161,0.37220453586352104,14.273960849086325,80.41574424026068,20.10393606006517,,,
7902,0.04284548040916867,0.14843916905023152,0.6765759571192759,21,0.7417401083873912,1.4876807707671547,5.154104827762139,23.4920703830955,0.37192019269178866,1.2885262069405348,5.873017595773875,25.754700043427,6.43867501085675,,,
7910,0.0861852434687559,-0.037609785049583136,0.39771114777465677,84,0.5002222415522288,2.9925240237221424,-1.3058869564916258,13.809326473031632,0.7481310059305356,-0.32647173912290645,3.452331618257908,17.36871667117649,4.342179167794122,,,
7928,-0.015026596281474878,0.07492216499121339,0.5668548731287562,70,0.6335998727204816,-0.5217534760853707,2.6014474128249114,19.68233490477667,-0.13043836902134268,0.6503618532062279,4.920583726194168,21.99985478060056,5.49996369515014,,,
7935,0.16038296307212638,0.25074181756351405,0.6923734984515681,31,0.9771153853422986,5.568817243790372,8.706257389440335,24.04059261323535,1.392204310947593,2.1765643473600838,6.010148153308838,33.927400409855295,8.481850102463824,,,
7940,0.1743825699336567,0.2812110506256246,0.9444145275225592,525,1.1297529835153513,6.054911593236428,9.764210099822938,32.7919612246383,1.513727898309107,2.4410525249557344,8.197990306159575,39.22728309362003,9.806820773405008,,,
7963,0.27823830871980704,0.23071808628163304,0.9134878484576876,36,1.0379284087009877,9.66099055536914,8.010993391870862,31.71812507414783,2.415247638842285,2.0027483479677155,7.929531268536958,36.03895020691569,9.009737551728923,,,
7977,0.08382107738643127,0.020001817677564537,1.1873168845109965,98,1.5186235554909824,2.9104354490116666,0.6945031134003959,41.22601686399082,0.7276088622529167,0.17362577835009899,10.306504215997705,52.72964709375789,13.182411773439473,,,
7981,0.157631704901574,0.20513577181534928,0.802874612840785,69,0.9387312822986759,5.473288057592453,7.122724268972558,27.87741230705774,1.3683220143981132,1.7806810672431395,6.969353076764435,32.59462758397463,8.148656895993657,,,
7987,0.1081071481308951,0.07471228368670664,0.7051493429687201,37,0.8078539855801607,3.75369639740094,2.594159914169828,24.4841954865599,0.938424099350235,0.648539978542457,6.121048871639975,28.050306087314343,7.012576521828586,,,
8019,0.005606060139722302,0.0018522894135827163,0.35309596764211,156,0.4523146052579055,0.19465362017143778,0.06431519301841908,12.260198188469344,0.048663405042859445,0.01607879825460477,3.065049547117336,15.705267723764996,3.926316930941249,,,
8022,0.2023409954352283,0.08646171573524934,0.677916493621701,24,1.1882201645316253,7.025684043501997,3.002123693759328,23.538616491532704,1.7564210108754992,0.750530923439832,5.884654122883176,41.2573805528671,10.314345138216774,,,
8031,0.22007115393217488,0.44099139161096235,0.9352136813429801,68,1.0423371621690163,7.641310606832977,15.312103099515836,32.47248944359096,1.9103276517082441,3.828025774878959,8.11812236089774,36.19203094483259,9.048007736208147,,,
8042,0.04277205280326468,0.1086811881460581,0.8005849364957065,64,1.1744173394059805,1.4851312174349562,3.773628214807429,27.797910165003923,0.37128280435873906,0.9434070537018573,6.949477541250981,40.778118858854455,10.194529714713614,,,
8065,0.06807513679303102,0.1431434692325077,0.7452827079022767,46,0.8787892649549156,2.3637048997276233,4.970227538691133,25.877706183782852,0.5909262249319058,1.2425568846727832,6.469426545945713,30.51332085776458,7.628330214441145,,,
8066,0.06582402433603152,-0.010852719108223496,0.46529034454812507,32,0.5294039069208957,2.2855417729956864,-0.37682811287573625,16.1558113434,0.5713854432489216,-0.09420702821893406,4.03895283585,18.381962456107342,4.5954906140268355,,,
8067,0.15485588694944108,0.31282970229107476,1.022100538637364,21,1.2505857991933007,5.376906106658494,10.862072922950698,35.48937490256655,1.3442265266646234,2.7155182307376746,8.872343725641638,43.422840119589786,10.855710029897446,,,
8075,0.20640645366446925,-0.025076652332817417,0.6128902740939922,19,0.7388356585069857,7.166844884137701,-0.8707115223000864,21.2807760970916,1.7917112210344253,-0.2176778805750216,5.3201940242729,25.65385173467956,6.41346293366989,,,
8080,0.009900286482588155,-0.0424605275506696,0.8999529712379365,65,1.140742204556345,0.3437577472484259,-1.4743144376143498,31.24816706732363,0.08593943681210647,-0.36857860940358744,7.812041766830908,39.60885082660541,9.902212706651353,,,
8084,0.20406082059500477,0.11588988436494901,0.922928429972199,25,1.322520826691358,7.085399812699756,4.02392856491976,32.04592094549469,1.771349953174939,1.00598214122994,8.011480236373673,45.920568144377334,11.480142036094334,,,
8094,-0.01347085575216848,-0.007119343256971713,0.6786150533783121,61,0.9512524797708395,-0.467735053426794,-0.24719783656857183,23.56287188340175,-0.1169337633566985,-0.06179945914214296,5.890717970850438,33.02938860260309,8.257347150650773,,,
8098,0.0842758027439648,0.21390774374079533,0.7630127342333805,24,0.880636046313659,2.926224422875946,7.4273046781678955,26.493328158051437,0.7315561057189865,1.8568261695419739,6.623332039512859,30.577444800102867,7.644361200025717,,,
8099,0.014732577180646663,0.0430122640782283,0.8033957328855619,156,1.0755620145766427,0.5115445448664134,1.4934718333242432,27.89550663725248,0.12788613621660336,0.3733679583310608,6.97387665931312,37.345664270130186,9.336416067532546,,,
8108,0.0029430282808425227,0.0018872715678728948,0.627811751527441,143,0.8131842018718658,0.10218782796741407,0.06552984337968265,21.798879636535805,0.02554695699185352,0.016382460844920663,5.449719909133951,28.235381857394927,7.058845464348732,,,
8110,0.007522475241022675,0.005708384015865597,0.28949442648490914,64,0.37011064530266485,0.26119538531878933,0.1982065097988853,10.051825476409016,0.06529884632969733,0.049551627449721324,2.512956369102254,12.85098182619913,3.2127454565497824,,,
8111,0.18214590534494335,0.26966363023421236,0.9640925568654135,241,1.1281513666313965,6.324470125387124,9.363260568992322,33.47522175948089,1.581117531346781,2.3408151422480805,8.368805439870222,39.17167175217535,9.792917938043837,,,
8112,0.24935254404775403,0.2794951719964729,0.7235054014320056,61,0.873411270952053,8.658019034426117,9.704631362061532,25.1215545485221,2.164504758606529,2.426157840515383,6.280388637130525,30.326586149997183,7.581646537499296,,,
8113,0.008235319889080423,0.10142892051434112,0.3607466327864336,28,0.44503649141956064,0.28594677718865047,3.5218149780989525,12.525844583610548,0.07148669429716262,0.8804537445247381,3.131461145902637,15.452557055069985,3.863139263767496,,,
8116,0.08580568619134965,0.15616776616257058,1.0971081210374718,22,1.3443810613191722,2.9793450359360425,5.422457176696776,38.0937881786631,0.7448362589840106,1.355614294174194,9.523447044665774,46.6795992111243,11.669899802781075,,,
8118,0.22474683991725525,0.30878029741427865,0.7339519579680063,233,0.782333908579489,7.803659775606937,10.721469486818584,25.484279884565115,1.9509149439017341,2.680367371704646,6.371069971141279,27.164197973697018,6.7910494934242545,,,
8133,0.23641239699071573,0.45302618960811697,0.7708143156965556,117,0.8333173669197721,8.208711248311632,15.729975355573037,26.764214669615804,2.052177812077908,3.9324938388932593,6.691053667403951,28.934445614188327,7.233611403547082,,,
8159,-0.0011158654485543677,0.009524054543893323,0.1227926990456829,844,0.26959181961855155,-0.03874508010470475,0.33069422187306396,4.263608096264202,-0.009686270026176188,0.08267355546826599,1.0659020240660504,9.360767160795348,2.340191790198837,,,
8162,0.15599570815069366,0.2950311589077932,0.8030745179950037,212,0.9080793400299039,5.416482978408386,10.244071899596396,27.88435341382252,1.3541207446020964,2.561017974899099,6.97108835345563,31.530330844518325,7.882582711129581,,,
8171,0.01145904936945919,0.005207077317950477,0.20295134015140875,23,0.25671405166370753,0.397881112206362,0.18080013863387645,7.046876432737215,0.0994702780515905,0.04520003465846911,1.7617191081843038,8.913625301867253,2.228406325466813,,,
8172,0.16889637626035267,0.2169476435765884,0.820311384129039,848,1.0539836957206603,5.864419976511965,7.532856080266303,28.482851879728493,1.4661049941279913,1.8832140200665757,7.120712969932123,36.59642188281277,9.149105470703192,,,
8174,0.25998705154823304,0.28924082525649686,0.7446607789272357,90,0.8184161337531558,9.027270403857749,10.043019934556085,25.85611156591148,2.256817600964437,2.5107549836390213,6.46402789147787,28.417044996177076,7.104261249044269,,,
8180,0.010024896791769013,-0.012066106039813838,0.7049755791442098,69,0.9937845508770021,0.3480844664038037,-0.4189593339144161,24.478162059045253,0.08702111660095092,-0.10473983347860402,6.119540514761313,34.50618717555127,8.626546793887817,,,
8202,0.2598883287722076,0.32921693003250285,0.9814494970297487,109,1.1527096999677475,9.023842551628592,11.431070244588565,34.077889435866936,2.255960637907148,2.857767561147141,8.519472358966734,40.024386202280134,10.006096550570033,,,
8212,-0.001276664965943155,0.0019254380616382605,0.47828533554984354,50,0.5565313434714728,-0.044328360947478225,0.06685506037620369,16.607023420961667,-0.011082090236869556,0.016713765094050922,4.151755855240417,19.323881308016478,4.8309703270041195,,,
8224,0.22628902959811206,0.13557612670269656,0.5999957013352455,26,0.6253512958758615,7.857207685705648,4.70747427137103,20.833050741762396,1.964301921426412,1.1768685678427575,5.208262685440599,21.713447695401662,5.4283619238504155,,,
8227,0.2815886577369199,0.41694490430197273,0.8992479029974646,160,0.9969891875581419,9.777321373941332,14.477160967173099,31.223685687877968,2.444330343485333,3.6192902417932746,7.805921421969492,34.61745857039381,8.654364642598452,,,
8240,0.00021262866482330586,0.015863001771945193,1.2831997807850126,19,2.102786510567744,0.007382892499994826,0.550795147525481,44.55526278841721,0.0018457231249987065,0.13769878688137024,11.138815697104302,73.01295321993321,18.253238304983302,,,
8253,0.060155888321645534,0.12272386738631624,0.6021443147823263,32,0.683260393350817,2.0887327543041763,4.261218123387673,20.907654897871936,0.5221831885760441,1.0653045308469182,5.226913724467984,23.72416737792707,5.931041844481768,,,
8257,0.14343823892007126,0.5043618263361266,1.9010105872010894,21,2.303527756017178,4.980462531782715,17.51245133404299,66.00688960879623,1.2451156329456787,4.378112833510747,16.501722402199057,79.98309074442847,19.995772686107117,,,
8305,0.329710005695383,0.29106815508967543,1.2578384481673377,22,1.4455783345017628,11.448190817755089,10.106468481023711,43.6746665972663,2.862047704438772,2.5266171202559278,10.918666649316576,50.19337093057021,12.548342732642553,,,
8306,-0.06297952006733709,-0.014703143277418581,1.7970450161939395,24,2.5414498630683178,-2.1867748957780786,-0.510522540878528,62.39699705228597,-0.5466937239445196,-0.127630635219632,15.599249263071492,88.24422214545814,22.061055536364535,,,
8324,-0.0004367363167655381,0.011150725578936248,0.12652857453432348,836,0.30495448108870205,-0.015164358390733013,0.3871754935518244,4.39332516498078,-0.0037910895976832532,0.0967938733879561,1.098331291245195,10.588629492361912,2.647157373090478,,,
8327,0.17962886830787259,0.32730407115281157,1.327907386260973,60,1.5867158608069236,6.237073565385952,11.364651958567924,46.107600265753504,1.559268391346488,2.841162989641981,11.526900066438376,55.093948118938,13.7734870297345,,,
8334,0.09860580082110529,0.19390216344903427,0.6735613256548084,41,0.7819791562599535,3.423790616110418,6.732670919277369,23.387396349386258,0.8559476540276045,1.6831677298193422,5.846849087346564,27.151880263658107,6.787970065914527,,,
8342,0.0540270326534423,0.09033192226394249,0.8425663351240548,21,0.9193784368864721,1.8759266277928237,3.1365050048486114,29.25558828817743,0.4689816569482059,0.7841262512121528,7.313897072044358,31.92265808557209,7.980664521393022,,,
8349,0.04283465707139729,0.10303890043849047,0.7025358405603854,41,0.8461609558383838,1.4873049628330568,3.5777167010252664,24.393449455937702,0.3718262407082642,0.8944291752563166,6.0983623639844255,29.380400708620364,7.345100177155091,,,
8357,0.00821400156498342,0.24929109043969877,0.6993781697644371,32,0.7572447505789633,0.2852065623393543,8.655885242247221,24.283808810560785,0.07130164058483858,2.1639713105618053,6.070952202640196,26.293052229602765,6.573263057400691,,,
8375,0.005641783926512419,-0.005539662517421107,0.4764002740690772,264,0.5746239866596301,0.19589402149636423,-0.19234816192989568,16.541570316226498,0.04897350537409106,-0.04808704048247392,4.135392579056624,19.952094064795677,4.988023516198919,,,
8386,0.2899842927613334,0.41244685115454366,0.7472964069194783,63,0.8202697281251216,10.06883461325902,14.320979565788065,25.947625841058127,2.517208653314755,3.580244891447016,6.486906460264532,28.48140549996047,7.1203513749901175,,,
8389,0.04364766766801775,0.14038606515966556,0.9056870643137691,128,1.118299549257689,1.5155343167689126,4.874484954473908,31.447266247102693,0.37888357919222815,1.218621238618477,7.861816561775673,38.82959694932548,9.70739923733137,,,
8396,0.20788234819153217,0.24939024071223295,0.7685596346625648,24,0.8710771175330161,7.21809089390638,8.659327938010152,26.685927634753575,1.804522723476595,2.164831984502538,6.671481908688394,30.245539674981387,7.561384918745347,,,
8416,0.32726850434597504,0.5241166335007308,0.9506186425980765,44,1.0233431326842335,11.363417007900946,18.198377748412376,33.00738050829041,2.8408542519752364,4.549594437103094,8.251845127072603,35.53252025306195,8.883130063265488,,,
8417,0.1391514486274101,0.16558548352321184,0.5775169418729262,26,0.6273152917941495,4.831616599240934,5.749459158892962,20.052543255711747,1.2079041498102334,1.4373647897232404,5.013135813927937,21.78164156167646,5.445410390419115,,,
8420,-0.018486970890517065,0.005306320149882257,1.5487658473170964,448,1.952666475568479,-0.6419046032605336,0.18424604824421173,53.77624775054422,-0.1604761508151334,0.04606151206105293,13.444061937636056,67.80048536468873,16.95012134117218,,,
8431,0.2884501202237562,0.2765552593706957,0.7694356331313137,27,0.8207768988724948,10.015565074409263,9.602551715869296,26.716344053585473,2.503891268602316,2.400637928967324,6.679086013396368,28.499015482650766,7.124753870662691,,,
8432,0.2521509646364072,0.35141841216446423,0.8300535128376376,282,0.930464238980446,8.75518579410533,12.201950107174527,28.821118072748455,2.1887964485263325,3.0504875267936318,7.205279518187114,32.307579305879045,8.076894826469761,,,
8435,0.4105304802399454,0.07761721438111102,0.8036357093729722,23,0.8972320516665594,14.254439334891384,2.695024917740937,27.903839100848344,3.563609833722846,0.6737562294352343,6.975959775212086,31.153691297966276,7.788422824491569,,,
8448,-0.26613069443449044,0.10531472796025489,2.659216261695401,22,3.121415941205287,-9.240589972154378,3.65673798423597,92.33330703858772,-2.3101474930385946,0.9141844960589925,23.08332675964693,108.38180431052997,27.095451077632493,,,
8452,0.2467662463793176,0.34345279314045696,0.8529325982495278,33,0.9234729493762363,8.568217606782666,11.925367883422947,29.615525676420106,2.1420544016956664,2.9813419708557367,7.403881419105026,32.064827748241676,8.016206937060419,,,
8453,0.23195212757184436,0.2708693377670386,0.8461196963955179,22,0.8919311467848661,8.05384177354958,9.405125145947114,29.378968098245174,2.013460443387395,2.3512812864867785,7.3447420245612935,30.96963327866412,7.74240831966603,,,
8456,0.45494636307690717,0.43763978341133986,0.9851275327726302,21,1.0909632085592915,15.79664761875637,15.195728559608543,34.20559819293127,3.9491619046890927,3.798932139902136,8.551399548232817,37.88042452759572,9.47010613189893,,,
8458,0.14226503403149526,0.2817797685343716,0.6505500811612748,42,0.8128447627503748,4.939726511641578,9.78395712305045,22.588399918081784,1.2349316279103946,2.4459892807626127,5.647099979520446,28.223595852218512,7.055898963054628,,,
8497,-0.05759821088621965,0.10513758779094448,0.5888457183285485,77,0.9577884284416772,-1.9999250783913187,3.6505873232771746,20.44590103180386,-0.4999812695978297,0.9126468308192937,5.111475257950965,33.256329812351915,8.314082453087979,,,
8499,0.5880533902330083,0.1782388396458054,1.5117820150922483,31,1.950680104307165,20.418389815670515,6.188808990181655,52.49209512803305,5.104597453917629,1.5472022475454137,13.123023782008262,67.73151458175339,16.932878645438347,,,
8500,0.27302801388918285,0.3137786638479355,0.7965196639124789,20,0.8222071293013651,9.480078698260208,10.895022766128017,27.65675577036909,2.370019674565052,2.7237556915320043,6.914188942592273,28.548675943602,7.1371689859005,,,
8513,-0.00029962865058028807,0.00010006877463513347,0.537901613651726,822,0.69430195519089,-0.010403706005448763,0.0034745879928811045,18.67701982921523,-0.002600926501362191,0.0008686469982202761,4.669254957303807,24.107552488138083,6.026888122034521,,,
8530,-0.003317712160932413,3.6722590138011854e-05,0.3040083787267019,27,0.3958336627755797,-0.11519760165189524,0.0012750817747720477,10.555778926148543,-0.02879940041297381,0.0003187704436930119,2.6389447315371357,13.744136438893678,3.4360341097234195,,,
8553,0.24319117132935225,0.42036767019185056,0.8242317562883773,180,0.9389127445167366,8.44408385089777,14.596006244401435,28.618975041845037,2.1110209627244423,3.649001561100359,7.154743760461259,32.60092831511013,8.150232078777533,,,
8563,0.16060255662342837,0.4452086641782607,0.7872327463581329,29,0.8465237929004111,5.576441971078681,15.45853523759757,27.33429541904709,1.3941104927696701,3.8646338093993924,6.833573854761773,29.392999137088076,7.348249784272019,,,
8565,0.31877363804618963,0.19560888218776845,0.793447455963841,19,0.8640570150413316,11.068458260239797,6.791931607323696,27.55008256597649,2.7671145650599493,1.697982901830924,6.887520641494122,30.001787676265117,7.500446919066279,,,
8570,0.20745016042281628,0.27355595314412173,0.6613072488864601,31,0.7018770387849799,7.203084470201027,9.498409805070196,22.96191029583567,1.8007711175502568,2.374602451267549,5.740477573958917,24.370574540692072,6.092643635173018,,,
8585,-0.007711088594407676,0.01701254454486148,0.3403501962530394,34,0.430940685031863,-0.26774441817502337,0.5907095716866804,11.817639514298035,-0.06693610454375584,0.1476773929216701,2.9544098785745088,14.963122465676348,3.740780616419087,,,
8608,0.05216235417884508,0.035272714207529664,0.8024468019923258,54,1.306165970490073,1.8111812617978589,1.224739182713845,27.862557858777535,0.4527953154494647,0.30618479567846124,6.965639464694384,45.352694827356316,11.338173706839079,,,
8624,0.26707889527979056,0.3747006566297001,0.8805056166494915,23,0.9553026015441743,9.273513401904887,13.010356199496448,30.572916021303644,2.318378350476222,3.252589049874112,7.643229005325911,33.17001693081682,8.292504232704205,,,
8658,0.09908621651015892,0.20704646258155227,0.461484126386047,30,0.5003003833398135,3.440471609665738,7.189067273756658,16.023651836376324,0.8601179024164345,1.7972668184391645,4.005912959094081,17.371429910325006,4.342857477581251,,,
8661,0.054708884981605796,0.2853318071717095,0.5001767152730228,29,0.5558919604813549,1.8996019043313166,9.907291008616097,17.367135907709898,0.47490047608282915,2.4768227521540243,4.341783976927474,19.301680651833607,4.825420162958402,,,
8719,0.21084402004946967,0.4257039933990631,1.0108286052372888,210,1.173885475345405,7.320926064157686,14.78129405880227,35.097990831049145,1.8302315160394216,3.6953235147005676,8.774497707762286,40.759651474943155,10.189912868735789,,,
8723,0.16066109493325434,0.1214314959510642,0.5197626715016621,23,0.6211543320147862,5.578474538272458,4.216344402412851,18.047199479880714,1.3946186345681144,1.0540861006032127,4.5117998699701785,21.56772071621741,5.391930179054352,,,
8726,0.5683468814366183,0.4116700001573107,1.6799603053553953,23,2.032749902853614,19.73414041724226,14.294005745462142,58.33158172255004,4.933535104310565,3.5735014363655355,14.58289543063751,70.5811421268832,17.6452855317208,,,
8747,-0.04883297888259473,-0.07372879674801588,2.179601071548901,52,2.610990388302576,-1.6955786927614545,-2.560011280684608,75.68010840632094,-0.4238946731903636,-0.640002820171152,18.920027101580235,90.65880826264205,22.664702065660514,,,
8779,-0.08435761790977639,0.11636376504131105,0.5810383542769778,22,0.6416625175249551,-2.929065209063256,4.040382649764402,20.174813737205223,-0.732266302265814,1.0100956624411006,5.043703434301306,22.27980593350149,5.569951483375372,,,
8793,0.36329883201093804,0.495132337492728,0.9952404460833096,70,1.0657635924442246,12.61446204508379,17.191985022422504,34.55673876890468,3.1536155112709476,4.297996255605626,8.63918469222617,37.00544345684837,9.251360864212092,,,
8809,0.2342909517583422,0.6378589042448226,0.9493055636683684,20,0.9714690688543816,8.135050426953159,22.14773687318873,32.96178778169309,2.0337626067382897,5.536934218297183,8.240446945423272,33.73134900876184,8.43283725219046,,,
8810,-0.05041979014374972,-0.005150793785848659,1.4850928012394848,35,2.237243514695793,-1.750675953371278,-0.17884586183223714,51.565392244637394,-0.4376689883428195,-0.044711465458059284,12.891348061159349,77.68156931726733,19.420392329316833,,,
8811,0.2132804937706288,0.3710030110845374,1.0088050946836156,63,1.2666774203654256,7.405525304703773,12.881966550877308,35.0277304976045,1.8513813261759433,3.220491637719327,8.756932624401125,43.98157338992831,10.995393347482077,,,
8812,-0.023367454087342157,0.01658578452475859,1.061440922743513,94,1.6952630913914486,-0.8113647408206944,0.5758916102686678,36.85535171950026,-0.2028411852051736,0.14397290256716694,9.213837929875066,58.86292505929388,14.71573126482347,,,
8824,0.5953945654161948,1.19146667381071,2.1500949600056702,23,2.5382501838583558,20.673290100381116,41.37010584805547,74.65559720131688,5.168322525095279,10.342526462013868,18.66389930032922,88.13312288392983,22.033280720982457,,,
8827,0.06343003542674304,0.08457502039109943,0.5352931573390682,496,0.6117096421588274,2.2024176900873718,2.9366138580197547,18.58644900912713,0.5506044225218429,0.7341534645049387,4.646612252281782,21.239782195038806,5.309945548759702,,,
8829,-0.001079057971177258,0.0035090644538025573,1.1520998078944216,798,1.741216800155402,-0.037467050875216755,0.1218417359649324,40.003209529710105,-0.009366762718804189,0.0304604339912331,10.000802382427526,60.45852973499587,15.114632433748968,,,
8830,0.18385689875234448,0.4654632923973547,0.7231963114979882,30,0.7602768019252866,6.383879238478905,16.16181643862095,25.110822327833148,1.5959698096197263,4.040454109655237,6.277705581958287,26.3983311164498,6.59958277911245,,,
8832,0.23299986603734268,0.2923974522447601,0.8521950134953534,32,0.983659351067226,8.090221348548614,10.15262433684256,29.589915258585663,2.0225553371371534,2.53815608421064,7.397478814646416,34.15461998775622,8.538654996939055,,,
8841,0.06409642331370453,0.14032595972099213,0.5886197944080286,99,0.6676781266024534,2.225556010298449,4.872397973432289,20.438056501435568,0.5563890025746122,1.2180994933580722,5.109514125358892,23.183119911890387,5.795779977972597,,,
8844,0.5232763130954292,0.6886384550034895,1.3474455857444236,30,1.4611339857501002,18.169200143299495,23.910904434631163,46.78600562821788,4.542300035824874,5.977726108657791,11.69650140705447,50.733494253214985,12.683373563303746,,,
8845,0.062181566764654514,0.09705760842943899,0.5922870030514149,39,0.6816208518852274,2.1590683612023343,3.3700342798869807,20.56538931995123,0.5397670903005836,0.8425085699717452,5.141347329987807,23.667239219158866,5.916809804789716,,,
8846,0.3988951801163629,0.7307463697709644,1.0786260757801776,35,1.0937751303103693,13.850438444000352,25.372975451187425,37.452054603239326,3.462609611000088,6.343243862796856,9.363013650809831,37.978060074636645,9.494515018659161,,,
8859,0.0994915777376333,0.11405126809354703,0.42935249721541124,61,0.5455084408684693,3.4545465622061036,3.9600881307441402,14.90797740831351,0.8636366405515259,0.9900220326860351,3.7269943520783775,18.941144083834992,4.735286020958748,,,
8860,0.11667232974675462,0.11036170305431736,0.7441906109625253,796,0.9330586956297466,4.051096633466814,3.8319790534520077,25.839786393840804,1.0127741583667036,0.9579947633630019,6.459946598460201,32.39766402965606,8.099416007414016,,,
8884,0.12177761107162496,0.305128867891126,0.603059632843378,50,0.6435452801896877,4.228362211628962,10.594684550915677,20.939436571587773,1.0570905529072405,2.648671137728919,5.234859142896943,22.34517921874634,5.586294804686585,,,
8909,0.07027510970139587,0.09783867501418228,0.7330218876726812,20,0.8913641083704547,2.4400923590518677,3.3971544738424373,25.451985983770836,0.6100230897629669,0.8492886184606093,6.362996495942709,30.949944570838927,7.737486142709732,,,
8924,0.18275327730063898,0.4490811632581727,0.8651884836354188,34,0.9503952138397388,6.345559294432787,15.592996150650274,30.04107452878901,1.5863898236081968,3.8982490376625685,7.510268632197253,32.99962261494341,8.249905653735853,,,
8925,0.11697735356434862,0.12644764669908568,0.5143738798651877,50,0.6505798763121194,4.061687670461313,4.390515188685653,17.860089856679046,1.0154219176153283,1.0976287971714132,4.465022464169762,22.589434465309413,5.647358616327353,,,
8947,-0.005266253549892883,-0.0004066754708530521,0.4785957920979791,57,0.5699978391488978,-0.1828548557593807,-0.014120585698959675,16.61780309322603,-0.04571371393984518,-0.0035301464247399186,4.1544507733065075,19.79146497092803,4.947866242732007,,,
8957,0.04365679798763124,0.2038813378279192,0.6330215248993697,19,0.9725716703300503,1.5158513397265319,7.07916781206101,21.979773387555916,0.37896283493163296,1.7697919530152526,5.494943346888979,33.76963353720001,8.442408384300002,,,
8960,-0.030957363983583265,0.10495925952130988,0.38347369481549215,40,0.47591871606876407,-1.074901592237978,3.644395409098922,13.314973631383518,-0.2687253980594945,0.9110988522747305,3.3287434078458795,16.524849659339626,4.1312124148349065,,,
8966,0.16135384101549147,0.24175755608274802,0.7685544447059613,197,0.9413850608947805,5.602528067739895,8.394305862305178,26.68574742908039,1.4006320169349737,2.0985764655762944,6.6714368572700975,32.68677208438857,8.171693021097143,,,
8969,0.30016752701155486,0.4196404895307047,0.6752900890011997,26,0.7340313888824419,10.422416872895209,14.57075707748513,23.447422470299657,2.605604218223802,3.6426892693712825,5.861855617574914,25.48703788477615,6.3717594711940375,,,
8993,0.15924039279004967,0.14046853275134322,0.6682105582697054,780,0.7460779746651303,5.529144918456105,4.877348394192139,23.201607004240714,1.3822862296140261,1.2193370985480347,5.800401751060178,25.905319436322653,6.476329859080663,,,
8999,0.05777110906302843,0.2711261764181511,0.9179668457454198,69,1.0763680593106646,2.0059284488864733,9.414043097591044,31.873644817972465,0.5014821122216183,2.353510774397761,7.968411204493116,37.3736517553849,9.343412938846225,,,
9009,-0.007840550055466798,-0.0005892872215714992,1.08999529656921,698,1.4602759573085693,-0.27223957902591817,-0.020461230907405595,37.84681668747611,-0.06805989475647954,-0.005115307726851399,9.461704171869027,50.703701789668145,12.675925447417036,,,
9017,0.26781854048129716,0.42450489715966994,0.8847209225876217,191,0.9880529546504059,9.2991953625916,14.73965903917806,30.719279874087402,2.3247988406479,3.684914759794515,7.6798199685218504,34.307174691371394,8.576793672842848,,,
9019,0.054381851773732386,0.07739069238500187,0.7866350811537177,539,0.9870896333612338,1.888246657287536,2.687159620992035,27.31354328781939,0.472061664321884,0.6717899052480087,6.828385821954847,34.27372624956876,8.56843156239219,,,
9037,-0.26342262727141796,0.2781578951696753,1.5916055686983883,22,2.017494356684084,-9.146560464118174,9.658198436081467,55.26372855634544,-2.2866401160295435,2.4145496090203666,13.81593213908636,70.05143905278477,17.512859763196193,,,
9058,-0.0010447390354764944,0.0008884623141550246,0.2751719468817078,74,0.3708518708952057,-0.03627542878981484,0.030849188472090765,9.55452033962666,-0.00906885719745371,0.007712297118022691,2.388630084906665,12.876718661223334,3.2191796653058335,,,
9060,0.02362480836292254,0.006312347904255944,0.8936040905831942,48,1.2003980880570393,0.8203005959773965,0.2191773439315749,31.02772123322967,0.20507514899434912,0.054794335982893724,7.7569303083074175,41.68022241351652,10.42005560337913,,,
9062,0.2345511033517343,0.4940056356200679,0.962328066251186,49,1.0270958741348946,8.144083410578919,17.15286368,33.413955116373685,2.0360208526447297,4.28821592,8.353488779093421,35.66282294171181,8.915705735427952,,,
9063,0.2574462222907058,0.35463516417910057,0.803476185708178,46,0.8899513219657317,8.939047730377887,12.31364217062673,27.89830012015936,2.2347619325944716,3.0784105426566826,6.97457503003984,30.900889801294138,7.7252224503235345,,,
9078,0.33884735971224195,0.369104914175615,0.7016695103507269,21,0.6817469563308709,11.765458023928465,12.816060830005704,24.36336873839794,2.9413645059821163,3.204015207501426,6.090842184599485,23.6716178177205,5.917904454430125,,,
9080,0.4193946135553972,0.41040950864349185,0.9311461482726591,34,0.9763867862838717,14.562219771870502,14.250238959119324,32.33125656032327,3.6405549429676256,3.562559739779831,8.082814140080817,33.902101993348595,8.475525498337149,,,
9101,0.10199895654730681,0.2639669516033976,0.6923563276819263,80,0.7430181877179269,3.541607769235587,9.165460493573173,24.03999640977185,0.8854019423088968,2.2913651233932932,6.009999102442962,25.79907751394186,6.449769378485465,,,
9105,0.005975611995772801,0.009961456513278072,0.2713970747759753,38,0.3487549191798669,0.20748519971722318,0.3458816930540412,9.423449230371414,0.051871299929305795,0.0864704232635103,2.3558623075928535,12.10946830376334,3.027367075940835,,,
9107,0.3658423630095789,0.6209918231810657,1.529728564407302,42,1.7555686659975684,12.702778528418598,21.562078084492963,53.11523521335034,3.1756946321046495,5.390519521123241,13.278808803337585,60.95685522076757,15.239213805191893,,,
9124,0.03540002735381146,0.07361133093572923,1.145015195894783,36,1.5033721104121256,1.2291597497790416,2.5559326327503906,39.75721763185866,0.3072899374447604,0.6389831581875977,9.939304407964665,52.20008641772983,13.050021604432457,,,
9128,0.06123807289154649,0.20106099437698868,0.7237940538553578,261,0.8606850998126093,2.126308366940277,6.981239846757801,25.131577137965735,0.5315770917350693,1.7453099616894503,6.282894284491434,29.88470803569342,7.471177008923355,,,
9136,0.12891215335302225,0.14403113639318973,0.6964275708578048,741,0.8042407635356675,4.476087788723639,5.001049117844334,24.1813581153247,1.1190219471809097,1.2502622794610836,6.045339528831175,27.924847791485448,6.981211947871362,,,
9143,0.3034949671874662,0.47100474846194085,0.9536702899608488,182,1.1164881064276115,10.537952250683203,16.35422687609551,33.11333980802059,2.6344880626708007,4.088556719023877,8.278334952005148,38.76670003137953,9.691675007844882,,,
9144,0.007026231017463727,0.0061502199264974276,0.8205453222245196,261,0.9963251734519943,0.2439647933883755,0.2135479362878437,28.49097467827977,0.06099119834709388,0.05338698407196092,7.122743669569942,34.59440267260015,8.648600668150037,,,
9151,0.272452053203839,0.2516297782809971,0.7735423278841287,49,0.8216741003163552,9.460080191343698,8.737089161472781,26.85893670879272,2.3650200478359245,2.1842722903681953,6.71473417719818,28.530168111184487,7.132542027796122,,,
9157,0.1395333071471827,0.16729396789859471,0.6623928617056724,33,0.778323744404673,4.844875490764478,5.808781153375006,22.999604944144355,1.2112188726911195,1.4521952883437514,5.749901236036089,27.024957053219058,6.7562392633047645,,,
9160,0.024621312455803946,-0.08133312989842807,0.5931881091584673,20,0.6989127697187936,0.8549012110904246,-2.8240489363332197,20.596677526200303,0.21372530277260615,-0.7060122340833049,5.149169381550076,24.267649190175952,6.066912297543988,,,
9184,-0.002861525192016753,0.002868919997291825,0.41846046503161444,31,0.5175186173996964,-0.0993578777172057,0.09961464014596674,14.529784266827717,-0.024839469429301424,0.024903660036491686,3.632446066706929,17.969281433352258,4.492320358338064,,,
9195,0.3337083362653741,0.46254071808170405,0.9487723194626558,237,1.0890088407256804,11.58702085180632,16.060338813232928,32.94327247638234,2.89675521295158,4.015084703308232,8.235818119095585,37.812564967677076,9.453141241919269,,,
9199,0.20814429694138045,0.6468413638111533,1.319726184199453,30,1.658787503149589,7.227186278398612,22.459625834250865,45.823532567773405,1.806796569599653,5.614906458562716,11.455883141943351,57.59641968436003,14.399104921090007,,,
9202,0.22757695820031687,0.3325021252239665,0.9012319771058602,78,1.1351107805616214,7.901927142631402,11.545138792026565,31.29257670906968,1.9754817856578506,2.8862846980066412,7.82314417726742,39.41331652266062,9.853329130665156,,,
9209,-0.06857036081430579,0.1973353569506396,0.922227379828823,65,1.2475533622294614,-2.3809000681943258,6.851878264040109,32.021579082416395,-0.5952250170485814,1.7129695660100273,8.005394770604099,43.31754784333136,10.82938696083284,,,
9225,0.015474670588139915,0.1506857920421923,0.6756919242756783,82,1.1133159270104611,0.5373115121613942,5.232112071289001,23.4613749947001,0.13432787804034854,1.3080280178222503,5.865343748675025,38.65655561765723,9.664138904414308,,,
9234,0.19723029486073443,0.2650518709918452,0.7569769494586169,407,0.8621490766145051,6.848230298154421,9.203131064578848,26.2837536391021,1.7120575745386053,2.300782766144712,6.570938409775525,29.935540238208848,7.483885059552212,,,
9238,-0.03377683646842342,0.06839578259398202,0.6159805820871994,25,0.9233553727958572,-1.1727993158565981,2.374838363228244,21.38807777123174,-0.29319982896414953,0.593709590807061,5.347019442807935,32.06074525421776,8.01518631355444,,,
9246,-0.025773091325098106,0.32028871529965103,1.0810072207817423,20,1.2492706338361965,-0.8948932769900565,11.121064772634483,37.53473271998366,-0.22372331924751412,2.780266193158621,9.383683179995915,43.377174948060414,10.844293737015104,,,
9273,0.21491836224740862,0.17430472222680915,0.9929674844757213,43,1.5950406470220722,7.462395373954522,6.052208565159267,34.477816995965995,1.8655988434886306,1.5130521412898168,8.619454248991499,55.38300134590039,13.845750336475097,,,
9282,0.3766423402865996,0.36241052802968027,0.866581549714342,20,0.9051044633306135,13.077775339431312,12.583618354246559,30.089444569181385,3.269443834857828,3.1459045885616397,7.522361142295346,31.427037175765562,7.856759293941391,,,
9283,0.23966830234534262,0.3301178696632951,0.8166618469257609,62,0.8781731083685524,8.321762794034987,11.462352670448933,28.356132648956272,2.0804406985087467,2.8655881676122332,7.089033162239068,30.49192666877288,7.62298166719322,,,
9298,0.2793982678024021,0.2313605155253745,0.6776915651342326,26,0.7306928172430516,9.701266654635006,8.033299820072054,23.530806524590822,2.4253166636587515,2.0083249550180136,5.882701631147706,25.371116000313236,6.342779000078309,,,
9305,0.23776441370690496,0.32730715602019217,0.9362454616704942,41,1.0265752387242355,8.255655972731155,11.364759071333113,32.5083149201229,2.063913993182789,2.8411897678332783,8.127078730030725,35.64474543898291,8.911186359745727,,,
9310,0.3993510970225792,0.2926205223892623,0.7250757812874837,20,0.772529647326392,13.866268790817996,10.160369778399966,25.17608127786401,3.466567197704499,2.5400924445999915,6.294020319466003,26.823774414466982,6.7059436036167455,,,
9324,0.23110722842866796,0.27735797270231394,0.7270345925779047,56,0.7985750633552788,8.024505185500209,9.630423528169745,25.24409512349001,2.006126296375052,2.407605882042436,6.311023780872502,27.728123349821992,6.932030837455498,,,
9328,-0.160250727105163,0.008358394685031053,0.5862243255712954,29,0.7689873411834807,-5.564225746545469,0.2902201802536482,20.35488103248652,-1.3910564366363674,0.07255504506341205,5.08872025812163,26.700778460572817,6.675194615143204,,,
9347,0.21496649000105586,0.22390865387034373,0.5419162548066626,24,0.6092117228654312,7.4640664658166616,7.774556279686075,18.81641619939694,1.8660166164541654,1.9436390699215187,4.704104049849235,21.153049441333504,5.288262360333376,,,
9351,0.2333649607748343,-0.2062806574991369,1.5421137466550539,22,2.0256300636669704,8.102898168023797,-7.1624769896850315,53.54527351135678,2.0257245420059493,-1.7906192474212579,13.386318377839196,70.33392707064455,17.583481767661137,,,
9357,0.09745620898070838,0.27459036392539105,0.7742914271958183,28,0.9816906833705733,3.3838744882281566,9.534326616217427,26.884946935093204,0.8459686220570392,2.383581654054357,6.721236733773301,34.08626390799305,8.521565976998263,,,
9361,0.2365910763254575,0.5160275132646861,1.8944629003895173,27,2.3429144682218883,8.214915352172536,17.917507315576433,65.77954082732482,2.053728838043134,4.479376828894108,16.444885206831206,81.3506761656004,20.3376690414001,,,
9362,0.1351305478466702,0.3761411263025917,0.7224278530746502,50,0.8147849775649998,4.6920028823320825,13.06037218747859,25.084139914458003,1.1730007205830206,3.2650930468696475,6.271034978614501,28.290963991011925,7.072740997752981,,,
9369,-0.007296100159918671,0.02269464527808694,0.7919295366660357,747,1.05276796604721,-0.2533351897526961,0.7880034733457347,27.497377372118095,-0.06333379743817402,0.19700086833643368,6.874344343029524,36.55420931709123,9.138552329272807,,,
9376,0.07045289559222864,0.011356388523324767,0.3928076957440241,43,0.6435533033616142,2.446265440753363,0.3943165223068826,13.639068811624005,0.6115663601883408,0.09857913057672064,3.4097672029060013,22.34545779932197,5.5863644498304925,,,
9388,0.09413610781339482,0.2542468561755265,0.8158036268620923,36,0.9581634493683922,3.268593935496695,8.82795934012663,28.32633353190557,0.8171484838741737,2.2069898350316577,7.081583382976392,33.26935128896931,8.317337822242328,,,
9400,0.0020553632582870213,-0.04533567365658854,1.3944781552336416,137,1.8743326703651522,0.07136632305424195,-1.5741452607040674,48.41907050602251,0.01784158076356049,-0.39353631517601684,12.104767626505627,65.08057898041882,16.270144745104705,,,
9404,0.1036143035398067,0.16318279588072512,0.46247626405864645,31,0.5363332376826652,3.5976958475091685,5.6660330385705375,16.05810084064432,0.8994239618772921,1.4165082596426344,4.01452521016108,18.622562678817502,4.6556406697043755,,,
9426,0.045478468297323285,0.07975015152255607,0.8810580367165658,29,1.0770310817862316,1.5791033762196591,2.769084761166192,30.592097150872597,0.3947758440549148,0.692271190291548,7.648024287718149,37.39667322178153,9.349168305445383,,,
9428,0.02053973325969077,0.12384397179305298,0.6513442178036799,44,0.7672425198568337,0.713180618242983,4.300110388598386,22.615973930579376,0.17829515456074574,1.0750275971495964,5.653993482644844,26.64019477446898,6.660048693617245,,,
9430,0.2944178715593466,0.790488939909211,1.5370617286482,26,1.8711784767217616,10.222777336283634,27.447356971527626,53.369857342122806,2.5556943340709086,6.861839242881906,13.342464335530702,64.97105906873301,16.242764767183253,,,
9432,0.034744619578532365,-0.03681328092525575,0.7540069131448018,20,0.9714762817579772,1.2064026810058008,-1.2782307402867303,26.18062803821381,0.3016006702514502,-0.3195576850716826,6.545157009553453,33.73159945520049,8.432899863800122,,,
9435,0.05892671586896945,0.09122103548399234,0.6510432841536543,573,0.734249464476483,2.0460534284023573,3.167376794075182,22.605524912383185,0.5115133571005893,0.7918441985187955,5.651381228095796,25.494609905552444,6.373652476388111,,,
9447,0.21141719187438276,0.2588123608052296,0.6939017148383969,44,0.8234463421405098,7.340827736262319,8.986482791879183,24.093655342618817,1.8352069340655797,2.246620697969796,6.023413835654704,28.591703891802783,7.147925972950696,,,
9451,0.16065138241183377,0.1895228879091661,0.5473252581100037,40,0.6855856202618512,5.578137300103692,6.580613713982066,19.004227612095548,1.394534325025923,1.6451534284955165,4.751056903023887,23.804903906731997,5.951225976682999,,,
9465,0.0003326017218915945,0.0014987916747566047,0.4264726778039914,757,0.553052119683781,0.011548596987519944,0.05204104453089883,14.80798431871019,0.002887149246879986,0.013010261132724708,3.7019960796775475,19.203075699660243,4.800768924915061,,,
9474,0.0138071748025755,0.0366824584980934,0.49394564217709824,467,0.6043279344598224,0.4794127234950265,1.273688323970799,17.150780587673207,0.11985318087375663,0.31842208099269975,4.287695146918302,20.983474540313953,5.245868635078488,,,
9483,0.008090080341639359,-0.00028937156285447523,1.1842816764522084,153,1.6265021999992046,0.2809037696224018,-0.01004755940543309,41.120628369773584,0.07022594240560046,-0.0025118898513582723,10.280157092443396,56.475409388372384,14.118852347093096,,,
9498,0.21168889658747805,0.2838807514134392,0.7652847862049496,75,0.8988606363009428,7.350261867310413,9.856907450577436,26.57221834660826,1.8375654668276034,2.464226862644359,6.643054586652065,31.21023901364134,7.802559753410335,,,
9540,0.1149103767874933,0.30369315955938964,1.128481410581526,42,1.6087924347043971,3.9899181028153428,10.544833886221127,39.18313153821175,0.9974795257038357,2.636208471555282,9.795782884552937,55.86049091780608,13.96512272945152,,,
9544,0.29192370590831374,0.32482356219719677,1.7355476408967891,28,2.318378468237139,10.13617491654847,11.278523726611066,60.26168518721831,2.5340437291371174,2.8196309316527666,15.065421296804578,80.49873717412994,20.124684293532486,,,
9548,0.09615214205378478,0.04394889558823928,0.4444290497108888,37,0.6249046668419245,3.3385946763915153,1.5259935526148443,15.431465464061482,0.8346486690978788,0.38149838815371107,3.8578663660153705,21.6979398420853,5.424484960521325,,,
9550,0.08875049825988486,0.11498069948257734,0.6157065965069498,390,0.6978723308482135,3.0815948005797225,3.992359847434051,21.37856444391431,0.7703987001449306,0.9980899618585127,5.344641110978578,24.23152307171167,6.057880767927918,,,
9573,-0.03608444532442802,0.18578203085328937,0.8143360934825852,38,1.0522270186397795,-1.2529241105547897,6.450723675287914,28.275377837902322,-0.3132310276386974,1.6126809188219784,7.068844459475581,36.53542654121043,9.133856635302607,,,
9575,0.0602278357068271,0.024861846777959162,1.2088349775848541,43,1.747726668317669,2.0912309114124508,0.863253043824298,41.973168091701304,0.5228077278531127,0.2158132609560745,10.493292022925326,60.68456537732611,15.171141344331527,,,
9582,0.32895724159111167,0.3900840851113565,0.8815361125948338,19,0.9102625958255562,11.42205334252658,13.54449960323652,30.60869690151782,2.855513335631645,3.38612490080913,7.652174225379455,31.606137852254964,7.901534463063741,,,
9584,-0.02055863542762733,-0.03461537008917915,2.0456679934421778,259,2.6280863437334276,-0.7138369393180762,-1.2019148802364785,71.0296840682993,-0.17845923482951906,-0.30047872005911963,17.757421017074826,91.25241402711208,22.81310350677802,,,
9591,0.15288304428219954,0.20266804885755357,0.7439184439238421,111,0.8489068627466412,5.308405063566533,7.037039992431976,25.830336209923647,1.3271012658916332,1.759259998107994,6.457584052480912,29.475744088288877,7.368936022072219,,,
9593,0.014997005558585286,-0.0371951820803736,1.059122917461952,43,1.2687628031090794,0.5207260270051983,-1.2914911121947321,36.774865940113905,0.13018150675129958,-0.32287277804868303,9.193716485028476,44.053982049553454,11.013495512388364,,,
9599,0.002177624393349712,-0.0014962532404017754,0.17821276223069657,24,0.2269950601453034,0.0756114741858887,-0.051952905013230445,6.187903530174246,0.018902868546472176,-0.012988226253307611,1.5469758825435616,7.8817224783652255,1.9704306195913064,,,
9615,-0.06353638485651507,0.18931797124085528,0.6582390306180352,21,0.7420011292808991,-2.206110354987916,6.573498597424978,22.85537562111942,-0.551527588746979,1.6433746493562444,5.713843905279855,25.76376321089138,6.440940802722845,,,
9627,0.30885605473176814,0.23485594526368642,0.7239889638409298,21,0.77384144537334,10.724099932396454,8.15466813144572,25.138344802484767,2.6810249830991135,2.03866703286143,6.284586200621192,26.86932266625311,6.717330666563278,,,
9636,0.03087907539155432,0.1131470821532055,0.8564710266417602,35,1.2004032013020478,1.072183255745549,3.9286929865236013,29.7383869870552,0.26804581393638727,0.9821732466309003,7.4345967467638,41.68039995560971,10.420099988902427,,,
9652,-0.007954253592810545,0.15147469493990862,0.5794194174306643,32,0.6397497431190113,-0.27618759324956776,5.259504357703507,20.118601012027526,-0.06904689831239194,1.3148760894258769,5.029650253006881,22.213390580578313,5.553347645144578,,,
9676,0.1713909188338594,0.1741542463861107,0.6778626478619022,67,0.7391504815679832,5.9510354837492665,6.0469837430185365,23.53674685906097,1.4877588709373166,1.5117459357546341,5.884186714765242,25.664783021003515,6.416195755250879,,,
9688,-0.013705845217590319,0.02533044464944564,0.4575100078413246,44,0.554332590004455,-0.4758943576451711,0.8795236991180515,15.885662492266475,-0.11897358941129277,0.21988092477951288,3.9714156230666187,19.24753619013469,4.811884047533672,,,
9717,-0.013617589554058696,0.002762579909111216,0.39013283889685907,143,0.49498740128870305,-0.47282994449602606,0.09592229960415964,13.546192432176742,-0.11820748612400651,0.02398057490103991,3.3865481080441855,17.186952547546348,4.296738136886587,,,
9719,0.289843307527908,0.1056230927751072,1.749716758375148,37,2.4238694787528914,10.063939323984021,3.6674450273372723,60.753665284301896,2.5159848309960053,0.9168612568343181,15.188416321075474,84.1615960412579,21.040399010314474,,,
9721,-0.005702420385077289,-0.011595213000285187,1.1677356065522912,152,1.702644298025639,-0.19799944061065364,-0.40260898579590226,40.54611573070866,-0.04949986015266341,-0.10065224644897557,10.136528932677164,59.119215316046244,14.779803829011561,,,
9747,0.08152354360672302,0.12871434341557822,0.6456953441817503,547,0.8352615947841778,2.830660481112637,4.4692194320757075,22.419833740678737,0.7076651202781592,1.1173048580189269,5.604958435169684,29.001953094096223,7.250488273524056,,,
9780,0.26296952291845455,0.3029698273003152,0.7759098530942883,26,0.8234418381254625,9.130827774774579,10.519718343521545,26.941141919139877,2.2827069436936447,2.629929585880386,6.735285479784969,28.59154750339231,7.147886875848077,,,
9797,0.06429657264950414,0.1744486732710684,0.5765430796945183,347,0.69577165510267,2.232505595536083,6.057206833318037,20.018728813153068,0.5581263988840207,1.5143017083295092,5.004682203288267,24.15858340847491,6.039645852118728,,,
9798,0.1843899164341849,0.20660450709849207,0.9210691058354679,52,1.0893091492748777,6.402386678427768,7.173721695473842,31.981361492819115,1.600596669606942,1.7934304238684604,7.995340373204779,37.8229922811223,9.455748070280576,,,
9806,0.012936945366055773,0.025844037776397613,1.8074020423719797,322,2.4187311874226114,0.44919661700018854,0.897356679672078,62.75661371523988,0.11229915425004713,0.2243391699180195,15.68915342880997,83.98318428968791,20.995796072421978,,,
9819,0.0786020311025472,0.06389150477894233,0.7935300355934027,59,1.183612549655393,2.7292197239426437,2.2184408289344355,27.552949895874132,0.6823049309856609,0.5546102072336089,6.888237473968533,41.09739494913456,10.27434873728364,,,
9820,0.1903958478749329,0.3407825953980621,0.9841483051435344,82,1.1607712477389394,6.610924629913421,11.832653277411513,34.171597451193804,1.6527311574783552,2.9581633193528782,8.542899362798451,40.30429926399145,10.076074815997863,,,
9823,0.14591699423350185,0.2984835894245125,0.5725679692847192,29,0.6077024259145041,5.066529873775652,10.363947191997923,19.88070502950402,1.266632468443913,2.5909867979994807,4.970176257376005,21.10064363260341,5.275160908150853,,,
9832,0.08629181980578124,0.19177597103949912,0.8981446629199894,320,1.0753723479148116,2.9962245672963363,6.658845266433489,31.185378985907874,0.7490561418240841,1.6647113166083722,7.796344746476969,37.33907866429809,9.334769666074523,,,
9836,0.13906836856080584,0.1387670737992241,0.894829649759637,283,1.0881849213437178,4.8287318931683005,4.818270336456659,31.070275098954117,1.2071829732920751,1.2045675841141648,7.767568774738529,37.78395683889657,9.445989209724143,,,
9843,0.30300573335255726,0.5253086136493007,0.9552222108685217,47,1.0875373240464632,10.520965073467494,18.23976568313102,33.167225605776814,2.6302412683668734,4.559941420782755,8.291806401444203,37.7614709655413,9.440367741385325,,,
9852,0.06029108687121643,0.2157805645610822,0.9590869435660367,37,1.1420558841631712,2.093427118342377,7.492332762689896,33.30141685449993,0.5233567795855942,1.873083190672474,8.325354213624982,39.65446440991363,9.913616102478407,,,
9869,0.006444494483500947,-0.00045095630959698,0.400032946455626,48,0.47443000124406437,0.22376573745611988,-0.01565810498182634,13.889943966832245,0.05594143436402997,-0.003914526245456585,3.4724859917080613,16.473158503196405,4.118289625799101,,,
9875,0.06871666898063683,0.3739842730080019,0.6621371163793851,23,0.7179716376924488,2.385980180345672,12.985481927383843,22.99072495492501,0.596495045086418,3.2463704818459607,5.747681238731253,24.92941120395721,6.232352800989302,,,
9876,-0.20233702364208264,-0.1817257760803356,2.0883236963924885,24,2.8199390056843807,-7.025546134900393,-6.309882397061413,72.51077538613998,-1.7563865337250983,-1.5774705992653533,18.127693846534996,97.91392215537307,24.478480538843268,,,
9888,0.15020015286148228,0.315187600720549,0.7301375830189869,49,0.8153250235126885,5.215249707656388,10.943943872218904,25.351837157585265,1.303812426914097,2.735985968054726,6.337959289396316,28.30971546640757,7.077428866601893,,,
9890,0.17965915803055546,0.11624545197064624,0.4532910623858108,24,0.5433766802123071,6.238125285136947,4.036274583324779,15.739172268160123,1.5595313212842368,1.0090686458311948,3.934793067040031,18.86712509033173,4.716781272582932,,,
9905,0.005850389323692677,0.10275606629732578,0.9318893675394494,30,1.1519791827337538,0.20313721809725713,3.567896133975746,32.35706261970476,0.05078430452431428,0.8919740334939364,8.08926565492619,39.9990211828814,9.99975529572035,,,
9907,0.20198791615955108,0.2911235363091501,0.899928015088009,76,1.0679571818267062,7.013424424891933,10.10839142772631,31.24730053988585,1.7533561062229832,2.5270978569315776,7.811825134971462,37.081609267386895,9.270402316846724,,,
9926,0.030561402485028203,0.25163260712789753,1.1560859170868765,47,1.909479332403454,1.0611530170851493,8.737187384694858,40.141615213090525,0.2652882542712873,2.1842968461737144,10.035403803272631,66.30094137971274,16.575235344928185,,,
9948,0.05480340671573405,-0.006325507431188915,0.5196333042181533,53,0.6765477262504096,1.9028838879837178,-0.2196342690257415,18.042707589062722,0.47572097199592944,-0.05490856725643538,4.5106768972656806,23.49109015086672,5.87277253771668,,,
9973,0.05162633494481708,0.06142884258147736,0.5290104681679695,446,0.6054713339679193,1.7925696019539388,2.132932272114057,18.368301475728238,0.4481424004884847,0.5332330680285142,4.5920753689320595,21.023175658034095,5.255793914508524,,,
9988,0.002435126443765512,0.10802480313986053,0.6242814528007026,50,0.7287367791022701,0.0845524603804261,3.7508372146222375,21.676300604145997,0.021138115095106526,0.9377093036555594,5.419075151036499,25.30319844398902,6.325799610997255,,,
9995,0.24731242561022695,0.23090968041262408,1.9693855148995678,21,2.5037610530607344,8.5871820420383,8.017645923287134,68.3810038483428,2.146795510509575,2.0044114808217834,17.0952509620857,86.93559128437482,21.733897821093706,,,
9998,0.08058621847607185,0.0020357919462003337,0.46170871895799903,25,0.5271315649718189,2.7981146779261667,0.07068676795596798,16.031450139659643,0.6995286694815417,0.017671691988991996,4.007862534914911,18.303062198951498,4.575765549737874,,,
10016,0.3515758970564775,0.07489180068315698,0.8218429724783963,19,1.2860383291025088,12.207418297595012,2.600393103320577,28.53603169039488,3.051854574398753,0.6500982758301442,7.13400792259872,44.65382286309731,11.163455715774328,,,
10052,0.11504422961874174,0.1491689946292969,0.6164832124405651,110,0.701019822156402,3.9945657408219506,5.179445831518447,21.405530102361304,0.9986414352054876,1.2948614578796118,5.351382525590326,24.34081026491459,6.085202566228648,,,
10078,0.0034256338204651606,0.0032891978864035935,1.8394850878634514,21,2.696528609828287,0.11894485751419132,0.11420752901170558,63.87060122079476,0.02973621437854783,0.028551882252926396,15.96765030519869,93.62886639045777,23.407216597614443,,,
10079,0.027352318340370038,0.16594469017570646,0.7520609269946791,95,0.9197916820233277,0.9497271974143285,5.7619315322808795,26.11305950710925,0.23743179935358213,1.4404828830702199,6.528264876777312,31.937006783213988,7.984251695803497,,,
10112,-0.07088855283919179,-0.009330700316619792,0.8515900149826617,21,1.0665791839278111,-2.4613923316824176,-0.32398057639367245,29.56890850022798,-0.6153480829206044,-0.08099514409841811,7.392227125056995,37.03376242434146,9.258440606085365,,,
10115,0.03846267309405328,0.01649738578949843,0.43338247891515447,36,0.5431597574759657,1.3355009351717182,0.5728222293829645,15.047906432891994,0.33387523379292955,0.1432055573457411,3.7619766082229984,18.85959309908048,4.71489827477012,,,
10116,0.22923755893836123,0.2367774971265641,0.6212166668666907,21,0.6842305569360928,7.959586521457779,8.22138825522856,21.569885106945236,1.9898966303644448,2.05534706380714,5.392471276736309,23.757853397935015,5.939463349483754,,,
10117,0.0019875729626473103,-0.002114800944762241,0.8521318065775115,707,1.2066860312827192,0.06901250840903991,-0.07343011840403454,29.587720587984357,0.01725312710225998,-0.018357529601008636,7.396930146996089,41.89855237819858,10.474638094549645,,,
10146,0.22354611353742598,0.1998465326348048,0.6577881771935205,50,0.6908605518075077,7.761968154246505,6.939071306145693,22.839721088513418,1.9404920385616262,1.7347678265364233,5.7099302721283545,23.988060079860283,5.997015019965071,,,
10147,0.10655997966157561,0.25005074190854937,0.6402081227818073,69,0.7074422664123112,3.6999756138092286,8.682261860548651,22.229306439229912,0.9249939034523071,2.170565465137163,5.557326609807478,24.56381037436827,6.1409525935920675,,,
10160,-0.023638443106867326,0.029331308453828173,0.574228614111846,34,0.7249191690840513,-0.8207740215566474,1.018441692133822,19.938365939191517,-0.20519350538916184,0.2546104230334555,4.984591484797879,25.17064338893643,6.2926608472341075,,,
10168,0.1318288641281631,0.24893624111162108,0.8320065814747646,38,0.915999407757272,4.57736182025808,8.643564163877707,28.888932521966776,1.14434045506452,2.160891040969427,7.222233130491694,31.805331436148,7.951332859037,,,
10180,0.29556053242256,0.34510628755527895,0.8760652965734119,31,1.0240069879399025,10.262452806776128,11.982780516494396,30.41873922762201,2.565613201694032,2.995695129123599,7.604684806905502,35.555570635249296,8.888892658812324,,,
10198,0.05074774864391429,0.023563708872561148,0.6436594109225197,29,0.7139312156098512,1.7620633284139922,0.8181790994730682,22.34914206605173,0.44051583210349804,0.20454477486826705,5.5872855165129325,24.789119668405252,6.197279917101313,,,
10199,0.09063007690558607,0.30013127179777116,0.936379041019116,20,1.1242911680862089,3.1468575303157595,10.42115801936221,32.512953062265744,0.7867143825789399,2.6052895048405524,8.128238265566436,39.03763793828934,9.759409484572336,,,
10201,0.21558542263134656,0.08981653771373317,0.7600509585903537,20,0.9023415656479641,7.485557044605615,3.1186098224962433,26.39048938417426,1.8713892611514038,0.7796524556240608,6.597622346043565,31.33110384242861,7.832775960607153,,,
10228,-0.22293526099582323,0.08773958920351788,1.34947762454914,25,2.0140239709215813,-7.740758132296975,3.046494016324548,46.85656207959524,-1.9351895330742437,0.761623504081137,11.71414051989881,69.93094031833915,17.48273507958479,,,
10236,0.19218108989741722,0.13166050833933088,1.0014643694115992,28,1.1877872505146543,6.672911803418121,4.5715161705582466,34.77284583470955,1.6682279508545304,1.1428790426395616,8.693211458677387,41.24234891236983,10.310587228092457,,,
10248,0.10290695687852823,0.18887529372983178,0.6645163321078769,130,0.7536197766185667,3.573135356736257,6.558127948887219,23.0733360834497,0.8932838391840643,1.6395319872218048,5.768334020862425,26.167185883749873,6.541796470937468,,,
10260,0.10784219555268883,0.18405479615581036,0.7016105119875243,687,0.8079962526739173,3.7444967139804617,6.390750632122048,24.36132019723082,0.9361241784951154,1.597687658030512,6.090330049307705,28.05524588534376,7.01381147133594,,,
10261,0.19492646206264297,0.25604711580837386,0.6757642951469321,48,0.7791030273173318,6.76823661573909,8.890467955098357,23.46388785609178,1.6920591539347725,2.2226169887745892,5.865971964022945,27.052015314512396,6.763003828628099,,,
10281,-0.06566910860469274,0.0361140367614337,0.4454204162474548,49,0.5744278998355669,-2.2801627889721416,1.2539515844305011,15.465887692944127,-0.5700406972430354,0.3134878961076253,3.866471923236032,19.945285538090552,4.986321384522638,,,
10295,-0.003857869245629825,0.07162204722314452,0.748437860852993,73,1.0202476448441906,-0.13395293594675878,2.486860723682024,25.987259404537625,-0.033488233986689694,0.621715180920506,6.496814851134406,35.425038724279986,8.856259681069997,,,
10305,-0.06235142547994823,-0.3643194704245825,2.1248102605031876,19,2.5203274601180987,-2.1649661955147623,-12.649900652082355,73.77766186519167,-0.5412415488786906,-3.1624751630205887,18.44441546629792,87.51081007022063,21.877702517555157,,,
10312,0.36698416965601555,0.2496211335642954,0.9393940782673195,40,1.113076623252641,12.742424338796173,8.667344999619466,32.61764118559787,3.1856060846990433,2.1668362499048666,8.154410296399467,38.648246512578204,9.662061628144551,,,
10318,0.29621502299610997,0.25355192030713686,0.639814151774697,33,0.6761063968870086,10.28517802847093,8.803829776904406,22.21562697792103,2.5712945071177327,2.2009574442261015,5.5539067444802575,23.475766312710714,5.868941578177679,,,
10334,-0.007863782048834063,-0.00428730792498767,0.8258444025696692,441,1.093961319135935,-0.2730462402996163,-0.1488639057714219,28.674969346024053,-0.06826156007490408,-0.03721597644285547,7.168742336506013,37.98452492303794,9.496131230759485,,,
10338,-0.01901517913742623,0.03211988862227973,2.2217580214660484,20,2.888348741994419,-0.6602450500097136,1.1152667727427967,77.14388202134414,-0.1650612625024284,0.2788166931856992,19.285970505336035,100.28924501953021,25.072311254882553,,,
10348,0.294574766509005,0.29381586434063917,0.8253103536670915,36,0.8958723834956419,10.228225042725672,10.201874441635674,28.656426100028753,2.557056260681418,2.5504686104089185,7.164106525007188,31.10648089973568,7.77662022493392,,,
10360,0.22152432914024872,0.31958534199577854,0.7112059363259717,40,0.7684257386689818,7.6917677564077165,11.096642244777422,24.69449252111039,1.9229419391019291,2.7741605611943556,6.173623130277598,26.681278498064387,6.670319624516097,,,
10362,-0.003223043699721886,0.0027385679594677027,0.8929961235530621,658,1.1985116969039058,-0.11191052334174333,0.09508855668863758,31.006611402009423,-0.02797763083543583,0.023772139172159396,7.751652850502356,41.61472313989742,10.403680784974355,,,
10363,0.16470491519683036,0.4651111547402934,0.7808509308344237,25,0.8165694388120099,5.718884065464344,16.14958951489247,27.11270602043286,1.429721016366086,4.037397378723117,6.778176505108215,28.35292405443061,7.088231013607652,,,
10365,0.09958924970704228,0.02825495147407255,0.7137300480862153,56,0.9830958279614537,3.457937928327922,0.981068425082747,24.78213472964957,0.8644844820819805,0.24526710627068676,6.1955336824123926,34.1350533384776,8.5337633346194,,,
10376,-0.00011402148023976686,-0.0033031573592722085,0.7711773492543855,690,1.1007467112341205,-0.003959053836885185,-0.11469222982864963,26.776819920810777,-0.0009897634592212962,-0.028673057457162407,6.694204980202694,38.22012730747113,9.555031826867783,,,
10388,0.023344427072208133,0.050871766400513996,0.6445701831730473,46,0.9067081775996143,0.8105651968012109,1.766369472958647,22.38076590013455,0.20264129920030272,0.44159236823966175,5.595191475033637,31.48272134261381,7.870680335653453,,,
10412,0.00018622463387478773,0.00015590524777126622,0.20649802243321536,689,0.2610473465318895,0.00646609173740038,0.0054133420131139065,7.1700243349261035,0.001616522934350095,0.0013533355032784766,1.7925060837315259,9.064085966280267,2.2660214915700667,,,
10413,0.2539572733096492,0.2633482334413486,1.1182568477234733,20,1.2610815531745019,8.817904443857639,9.143977361550506,38.828114266654445,2.2044761109644098,2.2859943403876266,9.707028566663611,43.787273689325055,10.946818422331264,,,
10425,0.127454867217656,0.26705036363629414,0.7458392447235682,19,0.7916247482039269,4.4254878995314515,9.272522726179405,25.897030255291735,1.1063719748828629,2.3181306815448512,6.474257563822934,27.48679450713675,6.8716986267841875,,,
10433,0.30521049748983603,0.07742130546127868,0.8611515928158432,24,1.000859328325606,10.597518893842087,2.6882225682265184,29.90090560575171,2.649379723460522,0.6720556420566296,7.4752264014379275,34.75183759812169,8.687959399530422,,,
10435,0.06771221485069737,0.08889666339910081,0.6103523371292155,203,0.7461527430857301,2.351103524045914,3.0866699465435783,21.192653849800624,0.5877758810114785,0.7716674866358946,5.298163462450156,25.90791554542272,6.47697888635568,,,
10442,0.20630232699089127,0.16357761832099035,0.6917566500151106,27,0.7935033953115018,7.163229397777727,5.679742063341427,24.01917440182467,1.7908073494444317,1.4199355158353568,6.004793600456168,27.552024892005967,6.888006223001492,,,
10457,0.355440429179005,0.15136747674144635,0.8715930503577148,32,0.9387436108663201,12.341602581953412,5.2557815274165005,30.263453894520577,3.085400645488353,1.3139453818541251,7.565863473630144,32.595055656500364,8.148763914125091,,,
10458,-0.003020926307984397,-0.0005031448545398029,0.09837955417527067,31,0.1488270922901117,-0.10489260326583423,-0.017470195639331037,3.415934880073748,-0.026223150816458558,-0.004367548909832759,0.853983720018437,5.167574298497259,1.2918935746243148,,,
10459,-0.00023433696420104927,0.0017575195273642013,0.28282396095644813,47,0.3416053734189732,-0.008136648070988833,0.0610245930291398,9.820213572329791,-0.002034162017747208,0.01525614825728495,2.455053393082448,11.861221775853588,2.965305443963397,,,
10467,-0.000260670941410505,0.0014558549403176357,0.5471624385386712,24,0.8156131848339246,-0.009051016427655555,0.05055019523770895,18.998574190939742,-0.002262754106913889,0.012637548809427237,4.7496435477349355,28.319721003803533,7.079930250950883,,,
10468,0.03309688489600585,0.032414401188035236,0.9399615940989354,102,1.1442520267544347,1.1491900373591153,1.1254928380509595,32.637346470303235,0.2872975093397788,0.28137320951273986,8.159336617575809,39.730718872967486,9.932679718241872,,,
10470,0.019227240343682405,0.17158786212567498,0.6146956223490363,21,0.6897684275805369,0.6676082392133404,5.957873748727687,21.34346139920324,0.1669020598033351,1.4894684371819218,5.33586534980081,23.950139342451404,5.987534835612851,,,
10486,0.06905894980709973,0.06770856092690496,0.8421726249192629,66,1.0548117213798638,2.397864855202117,2.350976652503994,29.24191788244665,0.5994662138005292,0.5877441631259985,7.3104794706116625,36.625172589751635,9.156293147437909,,,
10501,0.0627197067814469,-0.0014643981990314647,0.8841115165430986,309,1.2107457951052512,2.177753658865399,-0.05084683426677052,30.69812007740947,0.5444384147163498,-0.01271170856669263,7.674530019352368,42.03951549764453,10.509878874411132,,,
10502,0.13951614191868458,0.07592890408200915,0.8546590188849156,31,1.0823794450218154,4.844279479700567,2.636403407535522,29.67547045372204,1.2110698699251417,0.6591008518838805,7.41886761343051,37.582379090047475,9.395594772511869,,,
10514,0.202345548467346,0.17406072411906764,0.5881102223795203,37,0.672020073888947,7.025842133883188,6.043736462862267,20.420363141461703,1.756460533470797,1.5109341157155667,5.105090785365426,23.33388100557202,5.833470251393005,,,
10517,0.0009038914502498573,-0.004948183656733276,0.257297926460472,63,0.3225262305265339,0.031384918935575545,-0.17181083292909283,8.93389860256051,0.007846229733893886,-0.04295270823227321,2.2334746506401273,11.19875577634231,2.7996889440855774,,,
10534,0.2692010792857556,0.38488070751219783,0.7465443009017699,163,0.8032368324898101,9.347199874960006,13.363827926238534,25.921511215911256,2.3367999687400016,3.3409569815596334,6.480377803977814,27.88998929771119,6.972497324427797,,,
10537,0.19739949922463032,0.3561336742992118,0.9941600052094776,177,1.1606019704931037,6.854105412077614,12.365673439017232,34.51922370088348,1.7135263530194036,3.091418359754308,8.62980592522087,40.29842161946155,10.074605404865387,,,
10538,0.2810358469673568,0.6318665043839004,0.8560161230340663,51,0.8649250840108134,9.758126678400563,21.93966876521779,29.72259182398885,2.439531669600141,5.484917191304447,7.4306479559972125,30.031928767023462,7.507982191755866,,,
10548,-0.10700528010958747,0.12014453304560711,0.4711445762735643,31,0.5825360572173441,-3.7154373359650963,4.17165847640957,16.3590819773707,-0.9288593339912741,1.0429146191023926,4.089770494342675,20.226816978700622,5.056704244675156,,,
10549,-0.01010538418578714,-0.00607914196188875,0.4828852612442265,27,0.6920793833977433,-0.35087914969890105,-0.21107996720070119,16.766742040922033,-0.08771978742472526,-0.052769991800175296,4.191685510230508,24.030380350336443,6.007595087584111,,,
10574,0.20330331095646922,0.20363315067388857,0.9137383007979942,28,0.9859419216085181,7.059097563030525,7.070550257698759,31.726821280307956,1.7647743907576312,1.7676375644246898,7.931705320076989,34.233875402090966,8.558468850522742,,,
10578,0.2049906085740625,0.24416555062328993,0.844912997736093,29,0.9192247879540475,7.117683910908599,8.477916248741874,29.337069107392622,1.7794209777271497,2.1194790621854684,7.334267276848156,31.91732308734044,7.97933077183511,,,
10586,0.15906166777471176,0.11782131626006104,0.8086350060239379,99,1.0311261621167764,5.5229392284735415,4.0909917431818394,28.077424679163173,1.3807348071183854,1.0227479357954599,7.019356169790793,35.80276260101871,8.950690650254678,,,
10589,-0.19783932335248228,0.08068084323362296,2.058517270995202,37,2.6409849253909976,-6.86937698544489,2.8014002387578563,71.4758366834954,-1.7173442463612225,0.7003500596894641,17.86895917087385,91.70027857942623,22.925069644856556,,,
10596,0.12957687701377027,0.15172753438674597,0.8884054336176608,76,1.0350251568820281,4.499168323672132,5.268283448976594,30.847213466072418,1.124792080918033,1.3170708622441485,7.7118033665181045,35.938143497257784,8.984535874314446,,,
10597,-0.06146694097427213,0.24370722629630617,1.2241635281711922,31,1.5612583703071596,-2.134255124508677,8.462002311460344,42.50540602516014,-0.5335637811271693,2.115500577865086,10.626351506290035,54.2100131338052,13.5525032834513,,,
10622,0.2393308197437108,0.09388108092736899,0.9198947448651825,20,1.0413914532010244,8.310044723141127,3.2597388919601062,31.94058533120887,2.0775111807852817,0.8149347229900266,7.985146332802217,36.159194038045975,9.039798509511494,,,
10647,0.17102916864354015,0.21094216499116947,1.0504870109537665,329,1.4507065441560416,5.938474793641001,7.324333852823386,36.47500999433668,1.4846186984102503,1.8310834632058466,9.11875249858417,50.37143262618608,12.59285815654652,,,
10650,0.2840461674718951,0.28586652637227417,0.931900173495467,39,1.1381887118002552,9.862651026959142,9.925857528698105,32.35743782410961,2.4656627567397855,2.481464382174526,8.089359456027402,39.52018845112846,9.880047112782115,,,
10651,-0.0017860534562958205,0.001601941439500343,0.3997667900025937,516,0.48871990119858494,-0.06201534810950348,0.05562261066233091,13.880702482470058,-0.01550383702737587,0.013905652665582727,3.4701756206175145,16.969332409417266,4.2423331023543165,,,
10661,0.22513992642736014,0.0059573568861045105,0.601517660835772,24,0.8154030011815027,7.817308525410799,0.20685134579932082,20.885896219539674,1.9543271313526998,0.051712836449830206,5.221474054884919,28.312423007024137,7.078105751756034,,,
10662,0.11249304989540038,0.20200088409698885,0.574027775379707,29,0.6481623418076942,3.905983678468092,7.013874697615647,19.931392416734184,0.976495919617023,1.7534686744039119,4.982848104183546,22.50549283224676,5.62637320806169,,,
10667,0.0027276733590101683,-0.004299220300651353,0.615402180594726,250,0.9177596236055872,0.09471027437155106,-0.14927752727921628,21.367994514610075,0.023677568592887766,-0.03731938181980407,5.341998628652519,31.8664496508332,7.9666124127083,,,
10679,-0.005677865851928014,0.008125161977859877,0.3177775032961387,96,0.43353505647283747,-0.1971468581106445,0.28212187419525064,11.033870469448528,-0.049286714527661125,0.07053046854881266,2.758467617362132,15.053204230849863,3.7633010577124657,,,
10680,0.041531548272278195,0.047410676651694496,0.5464559113193951,667,0.9125662438675238,1.4420584191100436,1.6461935147001363,18.974042152832038,0.3605146047775109,0.4115483786750341,4.743510538208009,31.686125119568164,7.921531279892041,,,
10695,0.3281563969314523,0.06053625340262272,0.80531933402819,30,1.1706331729565136,11.394246414253887,2.101939790645866,27.962297916126815,2.8485616035634718,0.5254849476614665,6.990574479031704,40.646725031396066,10.161681257849017,,,
10716,0.09737918536643006,0.056356139449715605,0.709182916552073,664,0.8333500586764663,3.3812000742931847,1.9567978739730254,24.62424922852108,0.8453000185732962,0.48919946849325635,6.15606230713027,28.935580737364262,7.2338951843410655,,,
10736,0.21528538557301127,0.12406485912979208,1.8453354665669126,69,2.353172999445922,7.4751391578660975,4.3077800387046405,64.07373807013634,1.8687847894665244,1.0769450096761601,16.018434517534086,81.7068728867613,20.426718221690326,,,
10763,0.21684301768240125,0.13791878110599806,0.8532640839500677,23,1.013300118377269,7.529223259968337,4.788815917562465,29.62703552291425,1.8823058149920842,1.1972039793906162,7.406758880728563,35.183806710295535,8.795951677573884,,,
10783,-0.02825818746603561,0.042625514913711096,0.781380978933155,29,0.910166781385027,-0.9811807851956885,1.4800431288338767,27.13111035051701,-0.24529519629892213,0.37001078220846917,6.782777587629252,31.60281098325091,7.900702745812728,,,
10784,-0.08410314065026384,0.12102552030450026,0.5603595545911987,102,0.8396002292584855,-2.920229249658461,4.202248116012858,19.456804454515602,-0.7300573124146152,1.0505620290032145,4.8642011136289005,29.152599160313137,7.288149790078284,,,
10808,0.1614435364666021,-0.0932346543514637,0.546173943475051,39,0.7104069254161042,5.605642473193358,-3.2372936683915228,18.964251665340722,1.4014106182983395,-0.8093234170978807,4.7410629163351805,24.66674926429797,6.166687316074492,,,
10874,0.3385588981603469,0.27618638071536833,0.77290912609977,24,0.8062708204429315,11.755442061923565,9.58974351119902,26.836950676436217,2.9388605154808913,2.397435877799755,6.709237669109054,27.99533542741947,6.998833856854867,,,
10882,-0.022498291335986957,-0.004720813783811392,0.5937931050640253,116,0.8043022937587502,-0.7811856717681391,-0.16391609620149913,20.617684194033085,-0.19529641794203478,-0.040979024050374784,5.154421048508271,27.926984243891326,6.9817460609728315,,,
10912,0.02218109900906666,0.12603013282145034,0.5234252088889166,29,1.0511203318797984,0.7701721197928126,4.376018271826399,18.174370103040964,0.19254302994820316,1.0940045679565997,4.543592525760241,36.49700016353036,9.12425004088259,,,
10914,0.10219147831950216,0.06344378554184235,1.2386191184151303,29,1.599822047012849,3.5482925102097544,2.2028951215838504,43.00733302961016,0.8870731275524386,0.5507237803959626,10.75183325740254,55.549021116380146,13.887255279095037,,,
10923,0.038426734681199774,-0.1070815437879141,0.9142707468396645,19,1.089369876786411,1.3342530816006186,-3.7180853634039535,31.74530887176683,0.33356327040015465,-0.9295213408509884,7.936327217941708,37.82510086177776,9.45627521544444,,,
10931,0.116483621089531,0.28982719198047957,0.6373530548797921,52,0.7184674531754996,4.044544291470696,10.063379759946212,22.13017277153614,1.011136072867674,2.515844939986553,5.532543192884035,24.9466269091597,6.236656727289925,,,
10954,0.07437521376364385,0.07455222721546662,0.5831280800189598,112,0.8715488674198215,2.582456172301242,2.588602433375432,20.247373194418323,0.6456140430753105,0.647150608343858,5.061843298604581,30.261919774551043,7.565479943637761,,,
10966,0.11698524343950915,0.26644026166613555,0.7694645509321241,191,0.950447332277024,4.061961622706637,9.251338765571559,26.717348137465212,1.0154904056766592,2.3128346913928897,6.679337034366303,33.00143227132283,8.250358067830707,,,
10968,0.08638357938508079,0.2505712388950633,0.5297161648023582,25,0.5994210762504726,2.9994106434087753,8.700334556914388,18.39280467426748,0.7498526608521938,2.175083639228597,4.59820116856687,20.81309860956891,5.203274652392228,,,
10994,0.024262631891666577,0.36522183551312143,1.2599161872152014,29,1.5386148677585951,0.842447104542447,12.681232572686604,43.74680985248622,0.21061177613561174,3.170308143171651,10.936702463121556,53.42378543831394,13.355946359578486,,,
10998,0.01776837334258706,0.008504305135015499,0.4369262147751812,60,0.6597181639798159,0.616953459201308,0.2952864828980082,15.170952029423841,0.154238364800327,0.07382162072450205,3.7927380073559602,22.906734089707168,5.726683522426792,,,
11025,0.12079750460580484,0.3467717856295266,0.9051619074156405,58,1.1317573133044954,4.194330954922756,12.040609940628423,31.429031749285873,1.048582738730689,3.0101524851571058,7.857257937321468,39.29687743255869,9.824219358139672,,,
11062,-0.029057746052886715,0.010036554211984173,1.158919763564983,27,1.7988896840161335,-1.0089430584483325,0.34848923534851445,40.240012030503344,-0.25223576461208314,0.08712230883712861,10.060003007625836,62.46104760840819,15.615261902102047,,,
11064,0.25499301790218987,0.3779715490158598,0.9404896025147753,66,1.0901037906907223,8.853867567599837,13.123928124928684,32.65567997851803,2.213466891899959,3.280982031232171,8.163919994629508,37.85058382036326,9.462645955090816,,,
11066,0.19335287835470208,0.28542033859714466,0.8479483274064703,59,1.0667504174740408,6.713598642231966,9.910364996770058,29.442461824207463,1.6783996605579914,2.4775912491925145,7.360615456051866,37.03970799553365,9.259926998883412,,,
11067,0.22597466271130884,0.28006533648246806,0.9214812286157056,22,0.9991968317314394,7.846292238662066,9.724428613344257,31.99567121999453,1.9615730596655165,2.431107153336064,7.998917804998633,34.694112391379036,8.673528097844759,,,
11068,0.08359010749059759,0.14405079354789763,0.6263781219362627,64,0.6931937911692894,2.9024157122885295,5.0017316535701015,21.749101149870917,0.7256039280721324,1.2504329133925254,5.437275287467729,24.069074816980066,6.017268704245017,,,
11085,0.26481415618583787,0.28165132482979127,1.156457502146397,22,1.3158564006160247,9.194877131084663,9.779497300740013,40.1545173895272,2.2987192827711658,2.4448743251850034,10.0386293473818,45.68916594218961,11.422291485547403,,,
11095,0.1766667212339456,0.3051082061455929,0.6442143848373075,60,0.7224385240224979,6.1342218946850595,10.593967133787277,22.368411870320994,1.5335554736712649,2.6484917834468193,5.5921029675802485,25.084510431109173,6.271127607777293,,,
11099,0.11944567273771511,0.1966234632333946,0.7279583706701952,24,0.8771803055675097,4.147392648798944,6.827159890389928,25.27617054641052,1.036848162199736,1.706789972597482,6.31904263660263,30.457454569915072,7.614363642478768,,,
11103,-0.004877095423324491,0.005601824917814755,0.6418194560107943,87,0.7633736365414049,-0.16934250728867298,0.1945065647963639,22.285255151606798,-0.042335626822168244,0.04862664119909098,5.571313787901699,26.505859407990663,6.626464851997666,,,
11128,0.18631444331275326,0.4169915240064921,0.7653684671813034,65,0.8921821639524926,6.4692101007054195,14.478779696553419,26.575123917469217,1.6173025251763549,3.6196949241383547,6.643780979367304,30.97834909675845,7.7445872741896125,,,
11140,-0.07424599813021908,0.03000633300047853,2.6199283108310767,68,3.130830928865068,-2.577969547077467,1.0418798944426155,90.96915080867664,-0.6444923867693667,0.2604699736106539,22.74228770216916,108.7087115120529,27.177177878013225,,,
11213,0.08287577505951893,0.03086395060907502,0.7020177224354212,35,0.8386842666318723,2.877612661616616,1.0716580930483028,24.375459358402694,0.719403165404154,0.2679145232620757,6.093864839600673,29.120795105991874,7.2801987764979685,,,
11234,-0.01615622066750994,-0.05353989865268192,0.5503725653711496,19,0.6508994465425751,-0.5609762940172801,-1.8590123610184217,19.110036214817057,-0.14024407350432003,-0.4647530902546054,4.777509053704264,22.600530582851295,5.650132645712824,,,
11250,0.09470411182131844,0.2827809034679971,0.7519687546744893,169,0.9293772234165771,3.2883161706598187,9.818718530215795,26.10985909980762,0.8220790426649547,2.454679632553949,6.527464774951905,32.26983595147039,8.067458987867598,,,
11251,0.20208314431220498,0.11067134906799263,0.7792919640671613,57,0.8725020453910004,7.016730936808382,3.8427305823388402,27.058575576339976,1.7541827342020955,0.9606826455847101,6.764643894084994,30.295016020066317,7.573754005016579,,,
11259,-0.0027223229652612365,0.008195780384074255,0.26153392749556714,105,0.3337985533272152,-0.09452449799980066,0.28457388649582627,9.080981030501082,-0.023631124499950164,0.07114347162395657,2.2702452576252705,11.590153368627567,2.8975383421568917,,,
11275,0.0999489161204453,0.1172933553085465,0.4607158609352435,23,0.5647984297116244,3.470426265534102,4.072659883023352,15.996976123393527,0.8676065663835255,1.018164970755838,3.9992440308483816,19.610931076447024,4.902732769111756,,,
11278,0.03386176423275797,-0.10179717260241329,1.0745146393840423,22,1.3129617104955413,1.1757481776898222,-3.5346014271009945,37.30929730869272,0.29393704442245555,-0.8836503567752486,9.32732432717318,45.58865651182619,11.397164127956547,,,
11281,0.12745195326964165,0.3127987914322148,0.7404914344687891,24,0.7939742404675644,4.425386721428498,10.860999636109362,25.711343587625294,1.1063466803571245,2.7152499090273405,6.427835896906323,27.56837357751477,6.892093394378692,,,
11282,-0.026913774834225558,-0.055446218339209166,1.759577558200413,23,2.604425716669575,-0.9345000897939799,-1.9252035931740208,61.09605197583474,-0.23362502244849498,-0.4813008982935052,15.274012993958685,90.43086973420098,22.607717433550246,,,
11290,0.01382352222509553,0.49783937920026183,0.9557766691627199,21,1.0764463088311096,0.47998033869976703,17.285978924591493,33.18647750666796,0.11999508467494176,4.321494731147873,8.29661937666699,37.37636873523379,9.344092183808447,,,
11294,0.08084132166474078,0.27313344808149737,0.6611575455567841,87,0.7225464570900535,2.8069723708431296,9.483739584285752,22.95671229682266,0.7017430927107824,2.370934896071438,5.739178074205665,25.088258083080838,6.2720645207702095,,,
11298,-0.049857696531410055,0.14788934979607368,0.7825110840997138,20,0.8890420306267415,-1.73115893896362,5.13501400361927,27.170349862110264,-0.432789734740905,1.2837535009048175,6.792587465527566,30.86931738742172,7.71732934685543,,,
11300,0.09300709133118923,0.11270632966884435,0.6315279305182986,81,0.7379083323798983,3.2293922252015523,3.9133891787616135,21.927912803456366,0.8073480563003881,0.9783472946904034,5.481978200864091,25.62165311689483,6.4054132792237075,,,
11309,0.032053248109260885,0.1632159852084783,1.019144871804957,35,1.2554580884644055,1.1129528808497564,5.667185438408784,35.38674823881172,0.2782382202124391,1.416796359602196,8.84668705970293,43.592015747661094,10.898003936915273,,,
11310,0.22111851104355526,0.29183375086040536,0.7669989548058216,23,0.9110049357066603,7.677676940454326,10.133051497374995,26.631737708767737,1.9194192351135815,2.5332628743437486,6.657934427191934,31.63191337760666,7.907978344401665,,,
11342,0.004292572216430148,-0.004375699848621923,1.211800583213869,396,1.7172306282476781,0.1490466924988876,-0.15193305014385042,42.07613985035196,0.0372616731247219,-0.037983262535962604,10.51903496258799,59.62568187401588,14.90642046850397,,,
11366,-0.2038651147267507,0.14013545032267566,0.5639407194203498,19,0.6359063798170391,-7.078604513542238,4.865783106103945,19.58114965971339,-1.7696511283855596,1.2164457765259862,4.895287414928347,22.079941320007233,5.519985330001808,,,
11368,0.06320678556897812,0.20382096265528032,0.8339687445344,35,1.085363570125954,2.1946660085260583,7.077071465316644,28.957062747723437,0.5486665021315146,1.769267866329161,7.239265686930859,37.685993881913376,9.421498470478344,,,
11409,0.386915934914851,0.3888823489042675,0.7869284728768527,19,0.7889153454420231,13.434495092113456,13.502772918653976,27.323730435230082,3.358623773028364,3.375693229663494,6.830932608807521,27.39271862443793,6.848179656109482,,,
11431,0.13797441222136086,0.13464594131218025,0.6490635357279589,28,0.7071789001372292,4.790747541150092,4.675176374241523,22.53678408754619,1.197686885287523,1.1687940935603807,5.634196021886548,24.55466577056487,6.138666442641218,,,
11458,0.19547294542313434,0.2614407985862295,0.8413443401380462,57,0.974165214612773,6.787211610982071,9.07774740851106,29.21315817827324,1.6968029027455178,2.269436852127765,7.30328954456831,33.824964581784705,8.456241145446176,,,
11468,-0.012125485204615477,0.18701398969501976,0.6944756054079092,44,0.7828688728623374,-0.42102109727465864,6.493499750190476,24.113581970973424,-0.10525527431866466,1.623374937547619,6.028395492743356,27.18277300352608,6.79569325088152,,,
11470,-0.012974842171449882,0.006913443663271069,0.6698929072449028,99,0.8630597360561653,-0.4505124698770828,0.24004859087609806,23.260021525357516,-0.1126281174692707,0.060012147719024515,5.815005381339379,29.96716015534217,7.491790038835543,,,
11476,2.903171124026091e-08,-0.0017254965405694672,0.25450277371544033,157,0.3240265580131686,1.0080390776843394e-06,-0.05991269088165304,8.83684530894752,2.5200976942108485e-07,-0.01497817272041326,2.20921132723688,11.25085014733324,2.81271253683331,,,
11478,0.17716710524124213,0.2747778661700443,0.7128510627688627,33,0.7544290140651569,6.15159622818641,9.540837069156279,24.75161460146045,1.5378990570466025,2.3852092672890697,6.187903650365112,26.19528422637038,6.548821056592595,,,
11506,0.05583055404516415,0.037916945367845754,0.5679565322180148,20,0.6772182137400999,1.9385484975561895,1.3165521770623403,19.72058671167391,0.4846371243890474,0.3291380442655851,4.9301466779184775,23.51437081748375,5.878592704370938,,,
11516,0.11938170151987275,0.4139938459844667,0.6830748236694512,24,0.8055961691079542,4.145171440173022,14.374694320272653,23.717724027450686,1.0362928600432555,3.593673580068163,5.929431006862671,27.971910183766386,6.992977545941597,,,
11520,0.0004539042630974357,0.015098857368754827,0.23608073732670945,55,0.270694857514867,0.015760463823269164,0.5242625255579051,8.197195361458006,0.003940115955817291,0.13106563138947627,2.0492988403645014,9.399066842631212,2.349766710657803,,,
11536,0.20050484826115234,0.20428678297967645,0.7779421746294077,49,0.8636374265267945,6.9619293413237315,7.093245678620326,27.011708187482295,1.7404823353309329,1.7733114196550814,6.752927046870574,29.98721872386336,7.49680468096584,,,
11544,0.22226653220980097,0.011451826283312337,0.6145057902828346,22,0.7245716589782023,7.717538531388709,0.397630312209171,21.336870050200584,1.9293846328471773,0.09940757805229275,5.334217512550146,25.158577143041143,6.289644285760286,,,
11554,-0.03985335645496535,-0.01451572711155096,0.5663196068849913,45,0.6827104924422908,-1.383788242829307,-0.5040150767672724,19.66374939026067,-0.3459470607073267,-0.1260037691918181,4.915937347565167,23.70507371858122,5.926268429645305,,,
11581,0.07807197739020856,0.14177784583127082,0.7378004994144987,173,0.9495567317757972,2.7108151989428215,4.922810362953386,25.617908940670223,0.6777037997357054,1.2307025907383464,6.404477235167556,32.97050884071923,8.242627210179808,,,
11584,0.2085637158707717,0.18838391308189834,0.7290950599120715,33,0.7687580334925906,7.241749342464935,6.541066230029674,25.315638670266946,1.8104373356162338,1.6352665575074186,6.3289096675667365,26.692816438929732,6.673204109732433,,,
11598,-0.018569607650707923,-0.003687625795868877,0.8887152183693184,31,1.3665998197400293,-0.6447739168478805,-0.12804174288415915,30.857969812219476,-0.16119347921197014,-0.03201043572103979,7.714492453054869,47.4510789410133,11.862769735253325,,,
11628,0.13194292793889073,0.2316374059721063,0.7206717426815851,33,0.8990749729837784,4.581322343894164,8.042914010163475,25.023164249389996,1.145330585973541,2.0107285025408688,6.255791062347499,31.217681211942754,7.8044203029856885,,,
11629,-0.029369570568345164,-0.010389166309756512,0.9680587715229925,26,1.2070395872914659,-1.019770229274081,-0.36073263260736566,33.61293666482135,-0.2549425573185202,-0.09018315815184141,8.403234166205337,41.91082854993428,10.47770713748357,,,
11630,0.019612418472781952,0.030346067903806354,0.40820787985870827,33,0.48883417441537363,0.680982394211935,1.0536761697559642,14.173794004454068,0.17024559855298374,0.26341904243899106,3.543448501113517,16.973300204050602,4.243325051012651,,,
11640,0.09986959817490937,0.20506483214413995,0.505469299163686,37,0.5557014373634737,3.467672187829203,7.120261101708827,17.550905005561507,0.8669180469573008,1.7800652754272068,4.387726251390377,19.295065308134532,4.823766327033633,,,
11653,-0.014994472699382812,0.03895280253962457,1.0065372549822662,61,1.2469649476507858,-0.52063808106797,1.3525192097808443,34.948986567494245,-0.1301595202669925,0.33812980244521107,8.737246641873561,43.29711691233059,10.824279228082647,,,
11667,0.030441236832320685,0.3123683831950692,0.7191832732679496,35,0.7982460451795933,1.0569806252918388,10.846055001299193,24.971481614409747,0.2642451563229597,2.7115137503247984,6.242870403602437,27.71669918072584,6.92917479518146,,,
11675,0.07190108032832333,0.3329305744548324,0.8741495643542098,22,0.9252779451858081,2.496549311160043,11.56001540622069,30.352221173506873,0.6241373277900107,2.8900038515551727,7.588055293376718,32.12750081274163,8.031875203185407,,,
11682,0.15013607277939747,0.24395567862358564,0.859609178515197,283,1.0253712756046687,5.213024719046239,8.47062907316814,29.847349896404673,1.3032561797615598,2.117657268292035,7.461837474101168,35.602941431545304,8.900735357886326,,,
11683,0.2471540815842222,0.32851573045393967,1.7561629833549313,27,2.0691539200633366,8.581684020767364,11.406723192821694,60.977491108049925,2.145421005191841,2.8516807982054235,15.244372777012481,71.84516241243918,17.961290603109795,,,
11707,0.22906181838314207,0.19736015036263005,0.9218485353995975,28,1.0574510626438238,7.953484457899459,6.852739140891241,32.00842484614483,1.9883711144748648,1.7131847852228101,8.002106211536207,36.716815797118855,9.179203949279714,,,
11732,0.09837017489530514,0.2021844151200955,0.6956995094918463,58,0.8149279574012372,3.4156092127147852,7.020247261799956,24.15607836857589,0.8539023031786963,1.755061815449989,6.039019592143973,28.29592853688576,7.07398213422144,,,
11740,0.1287971371987985,0.3254285671821887,1.3684725351667715,39,1.739519014548891,4.472094197816682,11.299530709699956,47.51610336606064,1.1180235494541706,2.824882677424989,11.87902584151516,60.3995792231666,15.09989480579165,,,
11745,0.2092936624936242,0.18804010901239854,0.863534430035447,63,1.1278474987532305,7.26709454910362,6.5291286651285025,29.983642479690793,1.816773637275905,1.6322821662821256,7.495910619922698,39.161120851709676,9.790280212927419,,,
11746,0.07246382206140964,0.03480559079033583,0.4496489280701909,20,0.5018093183514458,2.5160888296162653,1.2085197234220406,15.61271008045317,0.6290222074040663,0.30212993085551015,3.9031775201132923,17.423823151798903,4.355955787949726,,,
11763,0.07361541736425951,0.06268981265467015,0.978469817608616,24,1.3008126531531536,2.556074521721819,2.176715674995457,33.974429007006364,0.6390186304304547,0.5441789187488643,8.493607251751591,45.166816942783804,11.291704235695951,,,
11764,-0.2615716004480992,0.31094428031732824,2.147817334383032,23,2.527562802733236,-9.0822891107589,10.796607301178271,74.57651348444763,-2.270572277689725,2.699151825294568,18.644128371111908,87.76203563650343,21.940508909125857,,,
11766,0.3179790028435069,0.34809140463807314,0.7655109222050511,21,0.8839482366809676,11.040866936732247,12.086429751843177,26.580070240803785,2.7602167341830617,3.0216074379607942,6.645017560200946,30.692450674036557,7.673112668509139,,,
11777,-0.0087770693743422,0.08912748310162662,0.6685299403931898,23,0.7903248958303882,-0.30475740281590985,3.0946844682546795,23.21269659033234,-0.07618935070397746,0.7736711170636699,5.803174147583085,27.44166103302274,6.860415258255685,,,
11785,0.14911488855430505,0.21543446186050913,0.8168089403098767,91,0.9141414936163483,5.17756716038258,7.4803153847205985,28.36124002543954,1.294391790095645,1.8700788461801496,7.090310006359885,31.740820941346847,7.935205235336712,,,
11799,0.00018944065810717233,-0.001156823730612203,0.3640443940444692,198,0.4597223387320353,0.006577758530797238,-0.04016723357431692,12.64034945001206,0.0016444396326993095,-0.01004180839357923,3.160087362503015,15.96247904545373,3.9906197613634324,,,
11800,0.1589462615832952,0.27329323655308185,1.4427397607993395,27,1.7247195841412892,5.518932094695176,9.489287759596108,50.09480997447467,1.379733023673794,2.372321939899027,12.523702493618668,59.88571340055385,14.971428350138462,,,
11801,0.35235605745068627,0.3810914457652367,0.8305539946592649,37,0.9214913348191613,12.23450702680273,13.232257179860548,28.838495802559,3.0586267567006824,3.308064294965137,7.20962395063975,31.996022127590923,7.999005531897731,,,
11803,0.013557199269004153,0.21390100394987263,0.9949873352661899,24,1.296012643652771,0.4707330730183622,7.4270706591474775,34.547950255112646,0.11768326825459055,1.8567676647868694,8.636987563778161,45.000151012911516,11.250037753227879,,,
11823,-0.029241317026038712,0.1373655903162488,0.6321756483131479,45,0.7422677756254908,-1.0153170097781161,4.769608026960791,21.95040286072912,-0.25382925244452903,1.1924020067401977,5.48760071518228,25.773021705268295,6.443255426317074,,,
11837,0.17164474263354634,0.17238335297087964,0.8693274710061237,56,0.9801705812383518,5.959848753721996,5.985494781854883,30.18478844827463,1.489962188430499,1.4963736954637208,7.546197112068658,34.03348292175805,8.508370730439513,,,
11841,-0.11844732335761672,0.17014658724958434,1.004232871214641,34,1.5017461944453965,-4.112727961623168,5.907829802480068,34.86897375431477,-1.028181990405792,1.476957450620017,8.717243438578693,52.14363136353306,13.035907840883265,,,
11845,0.09174575466432788,0.04065403312980838,0.6832396461559407,320,0.8805057200570764,3.1855960934547927,1.4115893383332065,23.723446993826574,0.7963990233636982,0.35289733458330164,5.9308617484566435,30.572919611821806,7.643229902955452,,,
11855,0.03632286354351564,0.0005568304405342061,0.8858106134762809,320,1.2633129832492211,1.26120246795795,0.019334266556228705,30.757116121123424,0.3153006169894875,0.004833566639057176,7.689279030280856,43.86475340437946,10.966188351094864,,,
11869,-0.006190370659477703,-0.0041747333106311795,0.1906397987573649,27,0.24924636740068912,-0.21494205003838482,-0.14495509001173582,6.619395092453224,-0.053735512509596205,-0.036238772502933954,1.654848773113306,8.654332368886728,2.163583092221682,,,
11871,0.09207051122199535,0.4200417818137983,0.6489363605704076,24,0.7910407310728641,3.1968722906501226,14.584690748138705,22.532368311725694,0.7992180726625306,3.6461726870346762,5.6330920779314235,27.466516264311988,6.866629066077997,,,
11872,0.0334316667117858,0.26277000447878657,0.7830897524785738,31,0.8738204185490336,1.1608143315666266,9.123900095512427,27.19044238556104,0.29020358289165665,2.280975023878107,6.79761059639026,30.340792572859545,7.585198143214886,,,
11874,0.2609816321944798,0.07973410522072429,0.6967617918813921,22,0.8569798115063981,9.061804233056728,2.7685276014739886,24.192962937705698,2.265451058264182,0.6921319003684971,6.048240734426424,29.756053015125158,7.439013253781289,,,
11876,-0.12122928906945277,0.08803000294756771,0.584300804178864,20,0.7352363192415022,-4.209323375069539,3.056577762345446,20.288092522698516,-1.0523308437673848,0.7641444405863616,5.072023130674629,25.52887547670344,6.38221886917586,,,
11903,0.12314608652770939,0.2460759066033988,1.1043583936039685,21,1.2574293800879843,4.275878416415126,8.544247629083213,38.345532142717,1.0689696041037815,2.136061907270803,9.58638303567925,43.66046293541499,10.915115733853748,,,
11904,0.0035890201752279568,0.17306462503014267,1.011420443013389,22,1.3082068029960514,0.12461795852426512,6.009149910296614,35.118540622310896,0.03115448963106628,1.5022874775741535,8.779635155577724,45.4235566136289,11.355889153407224,,,
11951,0.007332493599433845,0.037587850936601684,0.9841151785166794,37,1.508767232067326,0.254598842759542,1.3051253602206838,34.17044722845614,0.0636497106898855,0.32628134005517095,8.542611807114035,52.38741583184169,13.096853957960423,,,
11953,0.19653137290044087,0.1673466625643025,0.8216725705432812,19,1.0650007656860188,6.823962329849108,5.810610817557712,28.530114994403814,1.705990582462277,1.452652704389428,7.132528748600953,36.97895658614994,9.244739146537485,,,
11996,0.3222603003200756,0.2865893325397134,1.1155172921144023,28,1.3349522961225035,11.189522147713664,9.95095480444393,38.73299141679628,2.797380536928416,2.4877387011109824,9.68324785419907,46.35221362596557,11.588053406491392,,,
11998,0.11257622103205828,0.10838675456152393,0.855559981591744,30,1.1018432811376266,3.908871546675128,3.763404891885234,29.706753680828534,0.977217886668782,0.9408512229713085,7.4266884202071335,38.258202407660676,9.564550601915169,,,
12042,0.35382300097445296,0.3019986226205219,0.8363104539897326,25,0.9858715552603406,12.285442239834957,10.485996174629761,29.038371583431495,3.0713605599587392,2.6214990436574404,7.259592895857874,34.23143214174955,8.557858035437388,,,
12050,0.19716538484789398,0.5362524662963035,0.8687290246199755,33,1.0112735656633411,6.845976492688575,18.619758134740252,30.164009192854788,1.7114941231721437,4.654939533685063,7.541002298213697,35.11344074696253,8.778360186740633,,,
12051,0.15739028801864857,0.2502819430825011,0.7717341802335009,88,0.9397496360270419,5.464905580583516,8.690289627710605,26.79615420606762,1.366226395145879,2.1725724069276513,6.699038551516905,32.62998686213095,8.157496715532737,,,
12069,0.12853541717445455,0.1670567104787661,0.7287099048669354,172,0.8343386344945047,4.463006755131411,5.800543101243717,25.302265316789732,1.1157516887828527,1.4501357753109292,6.325566329197433,28.969906066918195,7.242476516729549,,,
12072,0.11606604536862984,0.1250569194423795,0.6374106124470261,39,0.72597162493919,4.030045227289565,4.342226356878301,22.132171285385642,1.0075113068223913,1.0855565892195753,5.5330428213464105,25.207186761138555,6.301796690284639,,,
12075,0.21721177400985273,0.15691070933638376,0.652743047088952,74,0.7804313970969486,7.542027217170107,5.448253649577917,22.664544081022594,1.8855068042925267,1.3620634123944793,5.6661360202556486,27.098138970000253,6.774534742500063,,,
12087,0.08514468977001159,0.03613371521002369,0.5101398233765786,47,0.6153459722771683,2.9563939181943426,1.2546348595224426,17.713074947281562,0.7390984795485857,0.31365871488061065,4.428268736820391,21.366042849407837,5.341510712351959,,,
12092,0.11135980479809261,0.26850290227686086,0.5743511819320911,19,0.6384489649613253,3.866635142199372,9.322957772857164,19.942621739046068,0.966658785549843,2.330739443214291,4.985655434761517,22.16822496138714,5.542056240346785,,,
12121,0.08091761810768942,0.3143790020999482,0.7722169601767178,44,0.8418597168877384,2.809621535935192,10.915867710914402,26.812917291255996,0.702405383983798,2.7289669277286004,6.703229322813999,29.231053089776054,7.307763272444014,,,
12126,0.1949576136831975,0.16783706973730786,0.7487920272086462,114,0.8364940587112258,6.7693182623079835,5.8276387354188035,25.999556768738614,1.6923295655769959,1.4569096838547009,6.4998891921846536,29.044746706571186,7.261186676642796,,,
12139,0.3209074589432871,0.3533684249918788,0.8438521062820489,42,0.9000121015998974,11.142548789428815,12.269658452568017,29.300232834325303,2.785637197357204,3.067414613142004,7.325058208581326,31.25022019175164,7.81255504793791,,,
12147,0.24170195650809811,0.04089145357172877,0.6605359750747078,31,0.7356373245491398,8.392375333874183,1.4198330509175663,22.935130126544006,2.0980938334685457,0.35495826272939157,5.733782531636002,25.542799182995232,6.385699795748808,,,
12171,0.24492542710550783,0.19746369533361952,0.5768304357520351,35,0.6086743962198113,8.504300679957444,6.856334429373937,20.028706390182162,2.126075169989361,1.7140836073434842,5.0071765975455405,21.13439238554429,5.283598096386073,,,
12173,0.22189407530130012,0.2457220750509581,0.6992226749973616,32,0.7663235577452067,7.704606082611743,8.531961889919367,24.278409721258388,1.9261515206529358,2.132990472479842,6.069602430314597,26.608286572029066,6.652071643007266,,,
12181,0.06579006807928955,0.11508608345130995,0.5508336442948605,192,0.6337506603767882,2.284362743849092,3.9960189895963842,19.126045797206146,0.571090685962273,0.9990047473990961,4.7815114493015365,22.00509042960284,5.50127260740071,,,
12188,0.15454904391886232,0.23694488094926938,0.6429763924723345,106,0.7561019694065682,5.366251902950737,8.227200156320531,22.3254262994244,1.3415629757376843,2.056800039080133,5.5813565748561,26.25337258173486,6.563343145433715,,,
12206,0.050896858918243026,0.16311965477980314,0.5934403233797129,24,0.6797378438394907,1.7672407353592345,5.663840653264325,20.60543490839039,0.44181018383980863,1.4159601633160812,5.151358727097597,23.601857413794797,5.900464353448699,,,
12218,0.01809079716337673,0.283640909556181,1.0102440257462153,36,1.253525567486274,0.6281486591067669,9.848579661609717,35.07769306196009,0.15703716477669172,2.4621449154024293,8.769423265490023,43.524914754258404,10.881228688564601,,,
12219,0.16044806361161187,0.11958251711845509,0.5005567609948923,26,0.6011648608718079,5.571077664722388,4.152144159386998,17.38033185526465,1.392769416180597,1.0380360398467494,4.3450829638161625,20.873646299190913,5.218411574797728,,,
12243,0.25241199152778304,0.2512545749824312,0.7257967271764253,35,0.8606087431788412,8.764249169827684,8.724061352539977,25.20111396101984,2.191062292456921,2.181015338134994,6.30027849025496,29.882056780655724,7.470514195163931,,,
12255,-0.012029688372939816,0.028439617030740966,1.6789228070402584,19,2.138598110853877,-0.4176948396852163,0.9874803825413878,58.29555770605185,-0.10442370992130408,0.24687009563534695,14.573889426512963,74.25640360506833,18.564100901267082,,,
12264,0.26831991788246823,0.4284961147084164,0.8207394349537844,46,0.9340617737749567,9.316604188715063,14.878242094905636,28.497714660465306,2.3291510471787658,3.719560523726409,7.124428665116326,32.432492909014044,8.108123227253511,,,
12281,0.010999568105222271,-0.004622265598785959,2.0611080969781694,129,2.611772803413968,0.3819270037495277,-0.16049430612104607,71.56579534327601,0.09548175093738193,-0.040123576530261516,17.891448835819002,90.6859752801398,22.67149382003495,,,
12299,0.11823082882043111,0.10661509932801345,0.7137819742457053,398,0.9870709078789799,4.105210838303009,3.701889478867283,24.783937709759382,1.0263027095757522,0.9254723697168208,6.1959844274398455,34.27307606337394,8.568269015843486,,,
12304,0.02637117386780119,0.0031513808797335647,0.4721697109738771,51,0.6205390765639155,0.915659899037793,0.10942224690610884,16.39467670443496,0.22891497475944825,0.02735556172652721,4.09866917610874,21.546357816452275,5.386589454113069,,,
12317,-0.002018719153891777,-0.004123702819152177,0.49935681164890366,255,0.5979364669935886,-0.07009396646143028,-0.1431832092866019,17.338667214073233,-0.01752349161535757,-0.03579580232165047,4.334666803518308,20.761550006951385,5.190387501737846,,,
12325,0.16485641841030055,0.22104551926838684,0.7156201242327451,85,0.8047605673856566,5.724144560042456,7.675142520036928,24.84776195360938,1.431036140010614,1.918785630009232,6.211940488402345,27.942896420764768,6.985724105191192,,,
12344,0.06402310259616209,0.10631148173142527,0.6467353209287938,509,0.7482887909000016,2.22301016834394,3.6913472686785482,22.45594381328958,0.555752542085985,0.9228368171696371,5.613985953322395,25.982083397629854,6.495520849407463,,,
12363,-0.05798059885545547,0.08602430636030635,0.6095703712239731,23,0.8217587588842559,-2.013202353459125,2.9869359654425574,21.165502429638792,-0.5033005883647812,0.7467339913606393,5.291375607409698,28.533107625979135,7.133276906494784,,,
12366,0.005656621158555398,0.23764388430260816,0.8493833493448956,26,0.930161896260874,0.19640919986736052,8.251470950755161,29.492288655953466,0.04910229996684013,2.0628677376887903,7.3730721639883665,32.297081361970065,8.074270340492516,,,
12376,-0.006704981211231845,0.07862575436740085,0.49426155357541274,23,0.5795517596739546,-0.23281035761639213,2.7300434431448926,17.16174966324548,-0.05820258940409803,0.6825108607862231,4.29043741581137,20.12319619939905,5.030799049849763,,,
12385,-0.008287536290404653,0.0118941744494981,0.36824370177314625,71,0.4735096398717528,-0.2877598350754304,0.41298952523547305,12.786157812967184,-0.0719399587688576,0.10324738130886826,3.196539453241796,16.441201715627002,4.110300428906751,,,
12393,0.3243447591881691,0.3573982406726579,1.0938069972938387,33,1.2927162671285766,11.261898728531607,12.409581712636028,37.97916656003667,2.8154746821329018,3.102395428159007,9.494791640009167,44.88569422723844,11.22142355680961,,,
12399,-0.02062723365282164,-0.009225680829524881,0.6543143220093891,26,0.771410076141983,-0.716218806893273,-0.32033408976276295,22.71910188881001,-0.17905470172331825,-0.08008352244069074,5.679775472202502,26.784900663801935,6.696225165950484,,,
12406,0.15018864721441197,0.07006736359530717,1.0069726297870807,26,1.2207453054563786,5.214850208578812,2.4328789987562556,34.96410365146701,1.303712552144703,0.6082197496890639,8.741025912866753,42.38671849605638,10.596679624014095,,,
12407,0.07529296302656861,0.03999100025898563,0.4866541868727721,88,0.6262025737471651,2.6143222622085154,1.388567510992499,16.897606676596393,0.6535805655521288,0.34714187774812477,4.224401669149098,21.74300576564907,5.435751441412267,,,
12408,-0.012358753461018068,0.19233221842243609,0.9489516288470933,20,1.1903208036619388,-0.42912063767346936,6.678159288063826,32.94949845682877,-0.10728015941836734,1.6695398220159565,8.237374614207193,41.33031894474984,10.33257973618746,,,
12412,0.1441389776580119,0.13109647528191426,0.913753705491058,42,1.0859881011509827,5.004793582241489,4.551931814738627,31.72735616206052,1.2511983955603723,1.1379829536846569,7.93183904051513,37.70767884816442,9.426919712041105,,,
12417,0.07671327141808888,0.26995157406561693,0.8745692358640116,165,1.0000520067921639,2.6636382101788825,9.373258554706352,30.36679300767021,0.6659095525447206,2.343314638676588,7.591698251917553,34.72380577983751,8.680951444959378,,,
12427,0.066935996576349,-0.008672154289460167,0.5682458913426959,63,0.7049977394625663,2.32415167312399,-0.30111454123863596,19.730633839201086,0.5810379182809975,-0.07527863530965899,4.932658459800272,24.478931509619226,6.1197328774048065,,,
12434,-0.0011456448543185616,0.12938484741184497,1.8559853672806579,38,2.4126159891975085,-0.039779080631649096,4.492500671834081,64.44352392271901,-0.009944770157912274,1.1231251679585204,16.110880980679752,83.7708523769159,20.942713094228974,,,
12435,0.07809218276851985,0.2901093169657799,0.6852521194453783,31,0.727329211256983,2.7115167700885463,10.073175703685811,23.793324091382427,0.6778791925221366,2.5182939259214527,5.948331022845607,25.254324873264967,6.313581218316242,,,
12438,0.15878080724103158,0.18987239162779537,0.6706658566432661,23,0.7871995562616924,5.513187189023099,6.592749182100311,23.286859874367487,1.3782967972557747,1.6481872955250778,5.821714968591872,27.333142992518482,6.8332857481296205,,,
12444,0.13100718773955577,0.29062931567663125,0.6533280655777722,31,0.7843925014657723,4.548831572692856,10.091231098923991,22.684857092991408,1.137207893173214,2.522807774730998,5.671214273247852,27.235676435894547,6.808919108973637,,,
12452,0.10592301106444779,0.16984171359035904,0.7482100806855123,36,0.88517250460695,3.6778587901797564,5.897243979284447,25.97935042156236,0.9194646975449391,1.4743109948211117,6.49483760539059,30.734959704962517,7.683739926240629,,,
12471,0.07942130617790813,0.08413822080411393,1.4630322421797681,28,1.6392999782242308,2.757666593109326,2.921447302760444,50.79940551296591,0.6894166482773315,0.730361825690111,12.699851378241478,56.919773843901744,14.229943460975436,,,
12472,0.11664173086658448,0.02458685104909002,0.6544699485969018,110,0.7581778616906061,4.050034179149547,0.8537046421265037,22.724505555181626,1.0125085447873867,0.2134261605316259,5.681126388795406,26.325451713621224,6.581362928405306,,,
12476,0.0774605985380719,-0.03352014595957611,1.0126146757172017,19,1.3371107931045922,2.6895869024389327,-1.1638865080084015,35.16000677025268,0.6723967256097332,-0.2909716270021004,8.79000169256317,46.42716095817765,11.606790239544413,,,
12480,0.05015565340486025,0.03034343916349078,1.2569426801373966,62,1.5998030546752822,1.7415045975235577,1.0535848946347268,43.64356373973069,0.4353761493808894,0.2633962236586817,10.910890934932672,55.54836166443515,13.887090416108787,,,
12482,-0.0016735825948168376,0.2911009331196891,0.9215973993062739,28,1.0759435204223042,-0.05811013485723024,10.107606599781846,31.999704898712444,-0.01452753371430756,2.5269016499454615,7.999926224678111,37.35891091610325,9.339727729025812,,,
12519,-0.001976486165952728,-0.06632202335271258,0.8824459983639819,113,1.3081940063037816,-0.06862755265421062,-2.3028332948528862,30.64028995519418,-0.017156888163552656,-0.5757083237132216,7.660072488798545,45.423112286879906,11.355778071719977,,,
12520,0.12947708345225664,0.060826876882791224,0.9458823278414711,20,1.168606063214426,4.495703291629256,2.112030819124277,32.84292618731156,1.123925822907314,0.5280077047810693,8.21073154682789,40.5763397269313,10.144084931732825,,,
12542,0.020560912713508513,0.011028335245939616,0.4915186520719657,25,0.625672762659652,0.7139160112384426,0.3829258564095154,17.066510637242793,0.17847900280961065,0.09573146410237884,4.266627659310698,21.72460966506844,5.43115241626711,,,
12557,0.15735243376721947,0.24125819632022122,0.5615350284203343,21,0.6156949871792936,5.463591205265395,8.376967092630721,19.49761925681085,1.3658978013163487,2.0942417731576803,4.8744048142027125,21.378161344839434,5.3445403362098585,,,
12583,0.24260246931314441,0.18003184640468817,0.7586606750126402,25,1.0054993574854825,8.423642939491002,6.251065770863582,26.342215957788895,2.1059107348727504,1.5627664427158956,6.585553989447224,34.912948690610925,8.728237172652731,,,
12592,0.10250554338956791,0.00517419675394221,0.7367381251595039,51,0.9128261709906244,3.559197477572577,0.1796584596903814,25.581021181788294,0.8897993693931443,0.04491461492259535,6.395255295447074,31.69515030913646,7.923787577284115,,,
12596,0.0024796178524923826,0.0011154632311409336,0.8055716091873965,395,1.2090178289600173,0.08609729107424051,0.038731114311675495,27.97105741420478,0.021524322768560127,0.009682778577918874,6.992764353551195,41.97951705714972,10.49487926428743,,,
12597,0.12366526047455732,0.1185818780783304,0.7334207901808969,39,0.8903301512102698,4.2939051741975796,4.117399970635788,25.4658366766611,1.0734762935493949,1.029349992658947,6.366459169165275,30.91404351032299,7.728510877580748,,,
12616,0.11185181728958511,0.009465037181150314,0.5495991830249567,27,0.6262875224179842,3.8837187999289746,0.32864502100390125,19.08318283299255,0.9709296999822437,0.08216125525097531,4.770795708248137,21.74595535339725,5.436488838349312,,,
12632,0.031101679686956138,0.006328584360067231,0.5631894578649037,107,0.8337163437458133,1.079912522090491,0.2197411061502544,19.555064355985188,0.26997813052262276,0.0549352765375636,4.888766088996297,28.94829888754213,7.2370747218855325,,,
12633,0.023134205735704603,0.1172915447529451,0.7025668491682384,45,1.125080757127496,0.8032658915551353,4.07259701691176,24.394526136819575,0.20081647288878382,1.01814925422794,6.098631534204894,39.06505404898091,9.766263512245228,,,
12645,0.165964603616734,0.18220590684262908,0.7525845265049613,82,0.8760463318602248,5.762622966780238,6.326553497389767,26.131239929305266,1.4406557416950596,1.5816383743474418,6.532809982326317,30.41808073485073,7.604520183712682,,,
12649,0.10486610286208313,0.016707589243262527,0.5415105826096702,19,0.6204112244485299,3.6411608235772506,0.5801209137045614,18.80233044937297,0.9102902058943126,0.14503022842614036,4.700582612343243,21.541918535301857,5.385479633825464,,,
12666,-0.05821755872451397,0.19093974862869087,0.7155377555896231,22,0.8573874928526856,-2.0214300740325744,6.629809951885405,24.844901949582894,-0.5053575185081436,1.6574524879713513,6.2112254873957236,29.77020852683095,7.442552131707737,,,
12669,0.17953343847020106,0.1448341251413221,0.5616820068954478,49,0.6125081091242062,6.233760050562322,5.028930493156986,19.502722643423738,1.5584400126405804,1.2572326232892466,4.875680660855934,21.267506565010688,5.316876641252672,,,
12674,0.09441462974481851,0.10206731249184096,0.7556566620829752,520,0.8739064665239692,3.2782647739995885,3.543981224341702,26.237910620845067,0.8195661934998971,0.8859953060854255,6.559477655211267,30.34378033064526,7.585945082661315,,,
12682,0.06579975069706476,0.10511006429645162,0.7074805522204962,44,0.7937012973803487,2.2846989437034826,3.649631652501393,24.56513973420007,0.5711747359258706,0.9124079131253483,6.1412849335500175,27.558896447640468,6.889724111910117,,,
12698,0.11763909147571666,0.10335976201079802,0.5846274951894729,25,0.7004702500172953,4.084664534219834,3.588857656538929,20.29943588796888,1.0211661335549584,0.8972144141347322,5.07485897199222,24.32172802110053,6.080432005275132,,,
12718,-0.0032026886951939558,0.008876439088601652,0.6450730959016441,150,0.7913555600101962,-0.11120375687452454,0.3082077180344266,22.398228035896885,-0.027800939218631134,0.07705192950860665,5.599557008974221,27.477447754674035,6.869361938668509,,,
12721,0.11880563780509021,0.09105457566732085,0.5499410792553244,20,0.6334224776313868,4.125169355868342,3.161596976320715,19.095054153903376,1.0312923389670856,0.7903992440801787,4.773763538475844,21.993695268317015,5.498423817079254,,,
12725,0.04700262042235538,0.0056055864806315485,0.339178755301132,21,0.4553493523181705,1.6320249863050236,0.19463717378048864,11.776964741565905,0.4080062465762559,0.04865929344512216,2.9442411853914763,15.810640211191515,3.952660052797879,,,
12756,0.0808345263450901,0.0708150515958312,0.7486109859089348,98,0.8770707975461159,2.8067364237542187,2.458840221510451,25.993270652730036,0.7016841059385547,0.6147100553776127,6.498317663182509,30.453652232396237,7.613413058099059,,,
12760,0.20570877815476152,0.11993619625372176,0.721927803930488,48,0.8407600630595136,7.14262019508963,4.164424606321727,25.066777208074406,1.7856550487724074,1.0411061515804318,6.2666943020186014,29.192870909552433,7.298217727388108,,,
12771,-0.03673922441514949,0.1400625427304562,0.6135359197367851,86,0.7301712676199618,-1.2756593501428206,4.863251608686901,21.303194205100652,-0.31891483753570515,1.2158129021717252,5.325798551275163,25.353006754300313,6.338251688575078,,,
12789,0.12365072817267343,0.2158835511135062,0.6490245132659066,66,0.7971045021061629,4.293400583611567,7.495908661763163,22.53542914961881,1.0733501459028918,1.8739771654407908,5.633857287404703,27.67706252213019,6.919265630532547,,,
12831,0.187418583360044,0.06671049703569897,0.634575566612005,23,0.7046379115422143,6.507548051427448,2.3163218780735395,22.03373282390204,1.626887012856862,0.5790804695183849,5.50843320597551,24.466437564568768,6.116609391142192,,,
12855,-0.09369288765151396,-0.04492351280225107,1.1779319729419742,21,1.4506716143374045,-3.253204445035868,-1.5598342115197616,40.90015396449123,-0.813301111258967,-0.3899585528799404,10.225038491122808,50.37021979302336,12.59255494825584,,,
12859,-0.06829390940090778,0.1990811496208759,0.4884857998663424,48,0.5917350623894837,-2.37130112221832,6.912495677136053,16.96120394295914,-0.59282528055458,1.7281239192840132,4.240300985739785,20.546224836287653,5.136556209071913,,,
12860,0.07548468475623135,0.14970797990350856,0.68749652650451,42,0.7724003655067938,2.620979224105865,5.1981604782096245,23.871254393289597,0.6552448060264663,1.2995401195524061,5.967813598322399,26.819285491126895,6.704821372781724,,,
12871,0.16328723700067257,-0.009141656132967454,0.9320464787247725,25,1.125635769644159,5.669659443137354,-0.31741658424889596,32.362517834281554,1.4174148607843384,-0.07935414606222399,8.090629458570389,39.08432519358449,9.771081298396123,,,
12873,0.002194515240402906,0.0030806664074303817,0.7056168448863515,485,0.8805392291260221,0.07619795817726971,0.10696689899879772,24.500428088143895,0.019049489544317427,0.02674172474969943,6.125107022035974,30.57408311371374,7.643520778428435,,,
12893,0.001806031609375428,0.0030577385439974998,0.27021042311825344,70,0.3331608825223587,0.06270902954073361,0.10617079772468119,9.382246311511997,0.015677257385183403,0.026542699431170297,2.3455615778779992,11.56801216294134,2.892003040735335,,,
12909,0.06408867063522194,-0.018440827650815485,0.7590795280741192,102,1.1452790680142655,2.2252868217961765,-0.6403024176916153,26.356759373789565,0.5563217054490441,-0.16007560442290383,6.589189843447391,39.76637979959133,9.941594949897832,,,
12926,0.005561499212242601,-0.006805766634021444,0.4072374686117046,107,0.538372555274981,0.19310637564748762,-0.2363098290664926,14.140099385135608,0.048276593911871904,-0.05907745726662315,3.535024846283902,18.69337186425789,4.673342966064473,,,
12945,0.07832990857413538,0.1806258997845643,0.6098940263657712,21,0.6815325133810173,2.719771085511129,6.271692492319642,21.176740383472307,0.6799427713777823,1.5679231230799104,5.294185095868077,23.664171929615684,5.916042982403921,,,
12948,0.058852665531364895,-0.005662459663894879,0.7967616994413721,25,1.00699318884693,2.043482252580052,-0.196611924449758,27.665159728003324,0.510870563145013,-0.0491529811124395,6.916289932000831,34.9648175031431,8.741204375785776,,,
12961,0.07330862603780823,0.09956016012386687,0.49082094694526623,46,0.5528775707591362,2.5454221132847774,3.4569278798209058,17.042284919833534,0.6363555283211944,0.8642319699552264,4.2605712299583836,19.197015011898728,4.799253752974682,,,
12964,0.025533027523506138,0.0697546053096078,0.7165221643169545,56,0.9915078957858309,0.8865577816711802,2.422019405560202,24.879082589413294,0.22163944541779504,0.6055048513900505,6.219770647353323,34.42713715747562,8.606784289368905,,,
12999,0.11084113552643185,0.11310005211265907,0.6996876112721365,486,0.8283420269010461,3.848625907748767,3.927060009455748,24.294553238591124,0.9621564769371918,0.981765002363937,6.073638309647781,28.76169185805812,7.19042296451453,,,
13009,0.04766424661193014,0.09945911596939423,0.28548894771440103,37,0.31470343404319717,1.6549979708594384,3.4534194246893066,9.912747242539433,0.4137494927148596,0.8633548561723267,2.4781868106348584,10.927132636847892,2.731783159211973,,,
13050,0.08538505493781941,0.24558202903908924,0.8396645702723018,65,0.9848055924060579,2.9647398775509655,8.527099212295257,29.154833208994862,0.7411849693877414,2.131774803073814,7.288708302248716,34.194419779523145,8.548604944880786,,,
13054,0.032126391896887506,0.014107048598108659,0.4691088166512922,121,0.5600417684925495,1.115492579443728,0.48982494142352884,16.28839633176617,0.278873144860932,0.12245623535588221,4.072099082941542,19.445770285598304,4.861442571399576,,,
13058,0.06427043403176401,0.10516910726198005,0.6697322311770838,19,0.7510558550675127,2.23159801045091,3.6516817423504713,23.254442530930703,0.5578995026127275,0.9129204355876178,5.813610632732676,26.078161399654178,6.5195403499135445,,,
13063,0.1895215087355046,0.13977517627479197,0.6853866917725945,22,0.7354514603078076,6.580565826314191,4.853273670613327,23.797996711728025,1.6451414565785478,1.2133184176533318,5.949499177932006,25.536345604807696,6.384086401201924,,,
13067,0.06753432806270834,0.38230942439962456,1.0527463056136444,19,1.3727968551604237,2.344926938993359,13.274547834003764,36.55345722351696,0.5862317347483398,3.318636958500941,9.13836430587924,47.66625240488023,11.916563101220058,,,
13078,0.16872262254942372,0.018068091354630268,0.8546074245307448,25,0.9816229972136757,5.858386900161091,0.6273602680154722,29.67367899455652,1.4645967250402727,0.15684006700386804,7.41841974863913,34.08391370925325,8.520978427313313,,,
13081,-0.029473022258657607,0.02678730968844118,0.5824790853645131,81,0.6911660694455891,-1.0233622788651096,0.9301089670020547,20.224838802026625,-0.2558405697162774,0.23252724175051367,5.056209700506656,23.998668263289748,5.999667065822437,,,
13082,0.03327195038899232,-0.013315729587241825,0.5080886986419951,28,0.5953642279075432,1.1552686614065912,-0.4623487627282107,17.641855794247356,0.2888171653516478,-0.11558719068205267,4.410463948561839,20.672236721405714,5.168059180351428,,,
13087,0.015243950504237219,-0.012038075056661676,0.5844103417952563,39,0.7261602888230677,0.5293004494081247,-0.4179860421174067,20.29189588781489,0.13232511235203118,-0.10449651052935167,5.072973971953722,25.21373754851456,6.30343438712864,,,
13112,0.027392921208517912,0.024559219562224278,0.6545621912154821,58,0.8240078704685594,0.951137010202159,0.8527452216395514,22.72770840338397,0.23778425255053975,0.21318630540988784,5.681927100845993,28.61120127840932,7.15280031960233,,,
13126,0.11715968916899348,0.02357936356509944,0.6599365730162149,202,0.7509917754372076,4.068018727325792,0.8187226617073827,22.914317688269016,1.017004681831448,0.20468066542684568,5.728579422067254,26.075936426730724,6.518984106682681,,,
13135,0.08090470547833206,0.15995601053727623,1.1824434621198603,88,1.4230413087219478,2.809173183618646,5.553992597875306,41.05680189172579,0.7022932959046615,1.3884981494688264,10.264200472931448,49.41084032144347,12.352710080360868,,,
13142,0.1440931801055231,0.11090957728497604,0.721010672233257,21,0.9102566832820952,5.003203399623973,3.8510023424889384,25.03493256128315,1.2508008499059933,0.9627505856222346,6.258733140320787,31.605932556920912,7.901483139230228,,,
13147,0.02917740198218801,0.02578714697301879,0.6353476738154851,44,0.7816731092704028,1.0130977516255322,0.8953813171971585,22.060541930221273,0.25327443790638304,0.22384532929928963,5.515135482555318,27.141253700086928,6.785313425021732,,,
13156,-0.012928581363254431,0.007021772498693861,0.5868509322880124,29,0.7494350212913845,-0.4489062020949204,0.24380998469964826,20.37663807090437,-0.1122265505237301,0.060952496174912066,5.0941595177260925,26.021882809279454,6.5054707023198635,,,
13170,0.011340524850245884,0.11720132542919065,0.7743131086307582,33,0.9197631549083494,0.39376570385023757,4.069464421552358,26.885699757877187,0.09844142596255939,1.0173661053880896,6.721424939469297,31.93601626472771,7.984004066181927,,,
13184,-0.01565561678718627,0.010993338783658888,1.4627301059857702,19,1.763037320994215,-0.5435943260846817,0.3817107092462039,50.78891474003792,-0.13589858152117043,0.09542767731155098,12.69722868500948,61.21618185956113,15.304045464890283,,,
13185,0.09495536203421238,-0.0076245124583093115,0.6566965226363953,100,0.7518243898876799,3.2970400805519224,-0.26473832157741595,22.80181665898092,0.8242600201379806,-0.06618458039435399,5.70045416474523,26.10484646568002,6.526211616420005,,,
13190,0.15540560850610063,0.011212274278541441,0.5673713335679553,33,0.6687812732127196,5.395993538548827,0.3893125874995159,19.700267444146547,1.3489983846372067,0.09732814687487898,4.925066861036637,23.22142336849205,5.805355842123013,,,
13194,-0.008900485128489954,-0.017647864957229586,1.1036009894768781,48,1.3456509476111171,-0.3090426446314282,-0.6127691670449257,38.31923355661616,-0.07726066115785706,-0.15319229176123142,9.57980838915404,46.72369220295321,11.680923050738302,,,
13228,0.3447987390885276,0.4008029233253188,0.9773343157496125,21,1.3617910875476613,11.972101818631856,13.91667910370172,33.93500211145805,2.993025454657964,3.47916977592543,8.483750527864512,47.2841101418299,11.821027535457475,,,
13250,0.12468063518967357,0.061965633244267536,0.6478242811596926,43,0.7376072578425079,4.3291610150558455,2.1515707175074574,22.493754690426847,1.0822902537639614,0.5378926793768644,5.623438672606712,25.611199206807562,6.402799801701891,,,
13286,-0.03808909212917347,0.05550027830454522,0.5845852306271836,212,0.7415277303005119,-1.3225294569091612,1.9270806632904194,20.29796837783707,-0.3306323642272903,0.48177016582260485,5.074492094459267,25.747325851494374,6.436831462873593,,,
13303,0.07313559089272526,0.029655849107127454,0.5949673506312864,168,0.7181129813186363,2.5394139869772063,1.0297103926976796,20.658456348619527,0.6348534967443016,0.2574275981744199,5.164614087154882,24.93431893734569,6.2335797343364225,,,
13304,0.07092424361919697,0.04123080989028379,0.6090834077577906,122,0.7035409521035207,2.4626315869457573,1.4316161810104338,21.148594084166007,0.6156578967364393,0.35790404525260844,5.287148521041502,24.42834893893845,6.107087234734612,,,
13311,-0.04873954789950286,-0.08603389420725659,1.7892261778774028,34,2.2888342780677657,-1.6923345821665385,-2.9872688746643634,62.12551134825918,-0.42308364554163463,-0.7468172186660909,15.531377837064795,79.47290380306896,19.86822595076724,,,
13312,-0.0772204618042886,-0.007790967448402973,0.9541659628143178,34,1.2426992718088041,-2.681248874768509,-0.27051797174344805,33.13055056083874,-0.6703122186921272,-0.06762949293586201,8.282637640209686,43.1490041157453,10.787251028936325,,,
13329,0.08487203260406824,0.0381426194025194,0.6226592785926447,55,0.7632942744786246,2.9469267160784574,1.3243880308942788,21.61997547129381,0.7367316790196143,0.3310970077235697,5.404993867823452,26.503103798446805,6.625775949611701,,,
13346,0.04659504830055775,-0.011641526981177847,0.5124357995810978,65,0.6035283322912486,1.6178732670919664,-0.40421709984045723,17.79279583305488,0.4044683167729916,-0.10105427496011431,4.44819895826372,20.955710753816735,5.238927688454184,,,
13372,0.11742708067762404,0.12799446379254392,0.7903975736050224,464,0.9202013250155928,4.077303095288462,4.44422377180471,27.444184550713587,1.0193257738221155,1.1110559429511775,6.861046137678397,31.951230407191414,7.987807601797853,,,
13383,0.06862677295159693,0.15356249106561423,0.696695241008236,90,0.8045711602875293,2.3828588104253488,5.331996814780258,24.19065215828797,0.5957147026063372,1.3329992036950644,6.047663039571993,27.936319827503592,6.984079956875898,,,
13410,0.009561357818188298,-0.016771339013907892,0.7563802684381068,25,0.8650493920524653,0.3319894661631341,-0.5823344332409098,26.263035680707944,0.08299736654078352,-0.14558360831022746,6.565758920176986,30.036244990845702,7.509061247711426,,,
13422,0.0738975163669416,0.16891529161557628,0.9155487042224184,39,1.1942599214880059,2.5658695632929462,5.86507675547604,31.789682108010812,0.6414673908232366,1.46626918886901,7.947420527002703,41.46709299390654,10.366773248476635,,,
13443,-0.06496339688834196,0.3998001704395799,0.9173631698982634,19,1.0404177916512671,-2.25565906675701,13.881861518003094,31.852683985207502,-0.5639147666892524,3.4704653795007734,7.9631709963018755,36.125386561715295,9.031346640428824,,,
13450,0.2594468783235526,-0.001813232706489224,0.7580996255205916,37,0.8405467725465685,9.008514509150395,-0.06295906603471883,26.322735197325983,2.2521286272875987,-0.015739766508679708,6.580683799331496,29.185465036361954,7.2963662590904885,,,
13470,-0.12154005301509187,0.32841626296661447,0.6319845326647247,25,0.7287922173118347,-4.22011372079002,11.403269482726788,21.94376694318457,-1.055028430197505,2.850817370681697,5.485941735796143,25.305123369501526,6.326280842375382,,,
13500,0.0007770605089013388,-0.006341411364577493,0.3537063650233895,302,0.4623741409358826,0.02698109499007229,-0.22018648540085972,12.28139240634213,0.006745273747518072,-0.05504662135021493,3.0703481015855325,16.054554921575715,4.013638730393929,,,
13514,-0.05531605375022813,-0.05422673923339775,1.7213093907226253,28,2.3540719499492,-1.920684018315421,-1.8828608396620368,59.767304664671,-0.48017100457885525,-0.4707152099155092,14.94182616616775,81.73808624613612,20.43452156153403,,,
13526,0.019845989478118106,0.010550816687949924,0.672525065645739,161,0.9444712372655947,0.6890924466592169,0.3663454570389973,23.35141532935135,0.17227311166480422,0.09158636425974932,5.837853832337838,32.79393030033598,8.198482575083995,,,
13535,0.07241141942091872,0.01243695199148912,0.3490089845117809,75,0.5262514563503397,2.5142693051331397,0.4318358470484852,12.118289960218057,0.6285673262832849,0.1079589617621213,3.0295724900545142,18.272503067396492,4.568125766849123,,,
13542,0.080956780869539,0.08135818958841265,0.6367540707234789,29,0.7408417813152921,2.8109813453521335,2.824919058888864,22.109374843660635,0.7027453363380334,0.706229764722216,5.527343710915159,25.723508330829574,6.4308770827073936,,,
13547,0.0930666849050762,0.1085051194646661,0.6772232560845988,49,0.7488086630581566,3.231461433274056,3.7675147580521364,23.51454589776944,0.807865358318514,0.9418786895130341,5.87863647444236,26.000134398705317,6.500033599676329,,,
13554,0.008903019376131874,0.11473105170359704,0.6533814683410522,42,0.7322974951883116,0.3091306387780509,3.9836915772522965,22.686711343738015,0.07728265969451273,0.9959228943130741,5.671677835934504,25.426833627928556,6.356708406982139,,,
13562,0.027218478726755535,0.04146808581814785,0.6931315040513277,40,0.8927564995378826,0.9450800183504057,1.4398548757777296,24.066912083670204,0.23627000458760142,0.3599637189444324,6.016728020917551,30.99829117695436,7.74957279423859,,,
13581,0.0742507337528435,0.11848497314201581,0.6477538861691886,280,0.7355408795599342,2.5781339773662317,4.114035237437073,22.491310435566568,0.6445334943415579,1.0285088093592683,5.622827608891642,25.539450420080037,6.384862605020009,,,
13587,0.023484888963096223,0.006222191793683494,0.4644314570163979,27,0.5975175284176611,0.8154423145766271,0.21604694346027828,16.12598905052337,0.20386057864415677,0.05401173586506957,4.031497262630842,20.747003621718033,5.186750905429508,,,
13612,-0.080716932018886,0.09186462321995574,1.1663721036067551,61,1.5274060719037776,-2.8026533135597598,3.189723447443303,40.49877218143375,-0.7006633283899399,0.7974308618608258,10.124693045358438,53.034593628642966,13.258648407160742,,,
13620,0.07764751468643226,0.04178831219446124,0.9270895110343094,50,1.0791098381876927,2.696077004942301,1.4509737760160832,32.19040200213329,0.6740192512355753,0.3627434440040208,8.047600500533322,37.468851801553065,9.367212950388266,,,
13637,0.11972780910936787,0.20704527863228434,1.012473414164778,74,1.4267113655263857,4.157188987895471,7.189026164670177,35.155101886629424,1.0392972469738677,1.7972565411675443,8.788775471657356,49.53827203380717,12.384568008451792,,,
13640,0.12175619381079443,0.009177308991374556,0.6825946637808653,170,0.7847600427500914,4.227618561498405,0.3186545227985073,23.701051915799205,1.0569046403746012,0.07966363069962683,5.925262978949801,27.248438204368675,6.812109551092169,,,
13642,-0.016622486532975763,0.05322420034577843,0.6773936467722913,44,0.8569008483365188,-0.5771659773979845,1.8480506844061189,23.5204622032275,-0.14429149434949612,0.4620126711015297,5.880115550806875,29.753311255940606,7.438327813985151,,,
13649,0.16134045780319056,-0.022957804329677048,0.8040496717302642,45,1.2325179861027546,5.602063375842383,-0.7971408819350465,27.918212701818234,1.4005158439605958,-0.19928522048376163,6.9795531754545586,42.79548951345985,10.698872378364962,,,
13663,-0.04471321387972878,0.10891254164155703,0.9320435975995531,21,1.0583487135399405,-1.5525322123319427,3.781661270878143,32.362417795851684,-0.3881330530829857,0.9454153177195358,8.090604448962921,36.74798403153382,9.186996007883454,,,
13666,-0.012320296761540324,0.027347359837267503,1.0192913655720752,30,1.2235402808854603,-0.4277853441542031,0.9495550282696023,35.3918347953936,-0.10694633603855078,0.23738875706740056,8.8479586988484,42.483765632904955,10.620941408226239,,,
13699,0.07898276959817344,0.06750530528339344,0.7929677701766699,45,0.9625182837284978,2.742439725987778,2.343919210049987,27.533426916074333,0.6856099314969445,0.5859798025124967,6.883356729018583,33.4205598476209,8.355139961905225,,,
13713,-0.0511166709824301,0.03677852577554733,1.147087152522429,36,1.4778599133210408,-1.774873049851938,1.2770239719785543,39.82916010988379,-0.4437182624629845,0.3192559929946386,9.957290027470947,51.314251910333184,12.828562977583296,,,
13719,0.07345157643180061,0.07299830536391894,0.8527711047646501,164,1.020716580423238,2.550385636864981,2.5346471588459933,29.60991829963818,0.6375964092162453,0.6336617897114983,7.402479574909545,35.44132110545567,8.860330276363918,,,
13740,-0.0020824282491432155,0.008487447071635118,2.088922227672188,307,2.640859181564671,-0.07230607366675074,0.2947011372213146,72.53155758923371,-0.018076518416687684,0.07367528430532864,18.13288939730843,91.69591250228852,22.92397812557213,,,
13746,0.03091665040758092,0.24814835096063348,0.5771028692637039,24,0.6484905571800285,1.0734879354520248,8.616207042055116,20.03816582657433,0.2683719838630062,2.154051760513779,5.009541456643582,22.516889126404948,5.629222281601237,,,
13753,-0.00359450334457979,-0.005290189863637806,0.296035016608783,175,0.3790242428733465,-0.12480834513049946,-0.1836859724452319,10.278927846690165,-0.031202086282624865,-0.04592149311130798,2.569731961672541,13.160479761048338,3.2901199402620844,,,
13756,-0.006634227159807064,0.0012830321599451328,2.1044108768701064,76,2.648845052544889,-0.23035363544282086,0.0445494426576149,73.06935446668383,-0.057588408860705216,0.011137360664403725,18.26733861667096,91.97319791446364,22.99329947861591,,,
13758,-0.026284994124947704,0.0301135263696455,0.7921143961397974,39,0.903441691431396,-0.9126675660064342,1.045601862606831,27.503796062766046,-0.22816689150160854,0.26140046565170777,6.8759490156915115,31.36930240988093,7.842325602470233,,,
13761,0.07250534848496558,0.07261082466283238,0.8158664987443973,89,1.021552221508662,2.517530710094975,2.521193053942866,28.328516569402964,0.6293826775237438,0.6302982634857165,7.082129142350741,35.47033623522377,8.867584058805942,,,
13791,0.08309997974483324,0.10818809401358684,0.8354296343347778,26,0.9796517624134571,2.8853974967001,3.7565070003397625,29.007787763372157,0.721349374175025,0.9391267500849406,7.251946940843039,34.01546849452006,8.503867123630014,,,
13805,0.03582599263632925,0.15800991789311586,0.7959504356454632,33,0.8943594219137854,1.2439501163186242,5.486420369084769,27.636991026481773,0.31098752907965604,1.3716050922711922,6.909247756620443,31.053947847690456,7.763486961922614,,,
13839,-0.01551900751194254,0.2532665604370599,0.6972734947013899,23,0.7991241181179485,-0.5388509788296689,8.793921511495595,24.21073028302166,-0.13471274470741723,2.198480377873899,6.052682570755415,27.747187629291407,6.936796907322852,,,
13845,0.06983046270399502,0.16706521314732628,0.7129421783225335,144,0.8797222852398795,2.4246533260081153,5.800838330901463,24.754778315715008,0.6061633315020288,1.4502095827253658,6.188694578928752,30.545717188099097,7.636429297024774,,,
13852,-0.04470530890171667,0.11457422967755576,0.6870791142486561,81,0.9036295789796202,-1.5522577356854064,3.9782464028640914,23.856761004941838,-0.3880644339213516,0.9945616007160228,5.964190251235459,31.375826241330373,7.843956560332593,,,
13859,-0.013862569409509433,0.02070255758885878,0.23308126842559038,25,0.2950456839489836,-0.4813361350369866,0.7188342046003546,8.093047802273349,-0.12033403375924664,0.17970855115008866,2.023261950568337,10.24457623807661,2.5611440595191524,,,
13860,0.015677735799079072,0.003390815531025737,0.6431065963004513,20,1.1373005570289834,0.5443623424156235,0.11773589686827564,22.32994723674427,0.13609058560390588,0.02943397421706891,5.582486809186068,39.48934994116036,9.87233748529009,,,
13872,-0.007771102502377809,0.12367276486205421,0.7131902331321948,35,0.8264000642187423,-0.26982822108756227,4.2941657415402466,24.76339127481607,-0.06745705527189057,1.0735414353850616,6.190847818704017,28.694263029803174,7.173565757450794,,,
13888,0.051057726892740234,-0.03615476207764733,0.6611323026170518,44,0.7403913430594109,1.7728263931697266,-1.2553656488600708,22.955835811469274,0.44320659829243164,-0.3138414122150177,5.738958952867319,25.707868213708867,6.426967053427217,,,
13911,0.10715353657769383,0.04595800492146142,0.9229512120909371,226,1.1397425997134445,3.7205850970506855,1.5957538468829835,32.04671198622152,0.9301462742626714,0.3989384617207459,8.01167799655538,39.57414254725022,9.893535636812555,,,
13913,0.17549073465009324,0.0709515626517998,1.0517515810427165,22,1.339691268216298,6.093389288520537,2.463580158395793,36.518918396965205,1.5233473221301344,0.6158950395989482,9.129729599241301,46.5167602150063,11.629190053751575,,,
13923,0.06695192670739114,0.1424664004280579,0.6144816074292992,34,0.6836112235098681,2.3247047991340355,4.946718355663026,21.336030373160128,0.5811761997835089,1.2366795889157565,5.334007593290032,23.736348902709643,5.934087225677411,,,
13928,-0.06895727975631402,0.028752320106206035,2.3170863276256237,97,2.9676497890334503,-2.3943346676987356,0.998338058727686,80.45387146781691,-0.5985836669246839,0.2495845146819215,20.113467866954228,103.04273597481946,25.760683993704866,,,
13944,0.047033491013949325,0.18861570574625497,0.5741206325056756,51,0.6501601086729003,1.6330968749863486,6.549114534921466,19.934616601862068,0.40827421874658715,1.6372786337303664,4.983654150465517,22.574859293340445,5.643714823335111,,,
13946,0.0237106205613302,0.24378581164343754,0.5745710153959294,42,0.6636123903532739,0.8232801671305072,8.464730951883439,19.95025479657746,0.2058200417826268,2.1161827379708598,4.987563699144365,23.04194941784638,5.760487354461595,,,
13956,-0.05429099782919653,-0.09015582302599537,1.1164759573581708,57,1.3455455292496088,-1.8850920266253621,-3.1303904871086115,38.76627819139041,-0.47127300665634053,-0.7825976217771529,9.691569547847603,46.72003186660492,11.68000796665123,,,
13958,0.005797446340102991,0.02736479981011872,0.8602745747482168,172,1.2071693256840668,0.20129893182105607,0.9501605790069423,29.870453784407584,0.05032473295526402,0.23754014475173557,7.467613446101896,41.91533332640217,10.478833331600542,,,
13969,0.17566836999167448,0.21814948386727306,0.6675951746302502,19,0.7501649618008203,6.099557142850921,7.574586378839456,23.18023965351155,1.5248892857127303,1.893646594709864,5.795059913377887,26.04722780364808,6.51180695091202,,,
13988,0.1781939976576109,0.22736659681702107,0.9153279728092194,50,1.0535684648771642,6.187251986667566,7.894622974680606,31.782017871881717,1.5468129966668915,1.9736557436701514,7.945504467970429,36.58200423746489,9.145501059366223,,,
14020,0.19589556890473536,-0.06550982790324414,0.39889647581337667,22,0.45441527072224613,6.8018859435102215,-2.274632244456443,13.850483433192066,1.7004714858775554,-0.5686580611141108,3.4626208582980165,15.77820703001783,3.9445517575044575,,,
14049,0.005373034980829383,-0.010132228548690385,0.7904334397849461,106,1.115724634462708,0.18656252060435782,-0.35181123966762756,27.445429896212897,0.046640630151089456,-0.08795280991690689,6.861357474053224,38.740190757814155,9.685047689453539,,,
14050,0.043428405552153514,0.08635664651969772,2.1075656487991243,24,2.6812289262309417,1.5079210975818744,2.9984754804569445,73.17889445760319,0.3769802743954686,0.7496188701142361,18.294723614400798,93.09763077659076,23.27440769414769,,,
14073,0.14614749334770258,0.0762471696437667,1.156508593229338,24,1.4457214590071137,5.074533264018929,2.6474542243708674,40.156291374109074,1.2686333160047323,0.6618635560927169,10.039072843527268,50.198340499645006,12.549585124911252,,,
14102,-0.014514200552804403,0.0465899341991751,1.1607122666263765,83,1.4621098619423032,-0.5039620715944745,1.6176956952637578,40.302251321801045,-0.12599051789861862,0.40442392381593945,10.075562830450261,50.76737862636065,12.691844656590163,,,
14103,0.1236573453100743,0.04633559040869826,0.6375215882699,31,0.7609653535430178,4.2936303438564,1.608864370170821,22.13602458790747,1.0734075859641,0.40221609254270524,5.534006146976868,26.422239005720662,6.605559751430166,,,
14111,0.07962669463730013,0.22017280352427196,0.6310278149597423,28,0.7311188334737713,2.7647980911963352,7.644840083969771,21.910547791032172,0.6911995227990838,1.9112100209924427,5.477636947758043,25.38590813587629,6.346477033969072,,,
14127,0.06207389528822159,0.03995587457929025,0.6755555397461027,312,0.8372862842366876,2.15532979219763,1.3873478771421162,23.45663945106418,0.5388324480494076,0.34683696928552904,5.864159862766045,29.072254361266268,7.268063590316567,,,
14132,0.026679917960997272,-0.0159775596599718,0.6884958368494574,25,0.796886017318087,0.9263801114417474,-0.5547728265135409,23.90595244708686,0.23159502786043684,-0.13869320662838522,5.976488111771715,27.669476293318617,6.917369073329654,,,
14153,0.12302575487057045,0.2689890545488077,0.7594467359823242,29,1.0851670840680323,4.2717002606159475,9.339837952043702,26.36950956677826,1.0679250651539869,2.3349594880109255,6.592377391694565,37.679171493010216,9.419792873252554,,,
14154,-0.008011144913939202,0.3235932226881149,1.0946323008048902,44,1.684736473090596,-0.278162973701797,11.235803878176727,38.0078227485474,-0.06954074342544925,2.8089509695441817,9.50195568713685,58.49741981865168,14.62435495466292,,,
14158,0.12575021370959288,-0.022664815574037787,0.6145103511105539,40,0.7690726313451498,4.366298920424485,-0.7869677263617401,21.33702841126065,1.0915747301061212,-0.19674193159043502,5.334257102815163,26.70373990556629,6.675934976391573,,,
14160,0.034490039768104455,0.056119200521744975,0.9147543814842211,60,1.1076514332476455,1.197563160828123,1.9485708805160291,31.762101633895124,0.29939079020703074,0.4871427201290073,7.940525408473781,38.45987306522475,9.614968266306187,,,
14167,-0.002610918880794971,0.004033764792888619,0.568999903020388,34,0.8143294776681684,-0.090656325378963,0.14006038113867864,19.756814632673915,-0.02266408134474075,0.03501509528466966,4.939203658168479,28.275148123594146,7.0687870308985365,,,
14176,0.016383096406436103,0.002699536151206561,0.5227761754276277,59,0.6784247686687159,0.5688538734242744,0.09373329424219422,18.151834363198088,0.1422134683560686,0.023433323560548554,4.537958590799522,23.556264817715157,5.889066204428789,,,
14197,0.19446707536593436,0.1201215844708262,0.7737645759224377,67,0.8792930576718067,6.752285790855973,4.170861655996028,26.866653605178886,1.6880714477139933,1.042715413999007,6.7166634012947215,30.53081354848047,7.6327033871201175,,,
14201,-0.05896669544336458,0.06742749633386201,0.43724441821939525,23,0.5304793704862482,-2.047441599184505,2.341217527704357,15.182000689413842,-0.5118603997961263,0.5853043819260892,3.7955001723534605,18.41930470202351,4.6048261755058775,,,
14204,-0.007218014925404266,0.0951493830738001,1.246423109406478,24,1.7018973902088967,-0.25062391423988695,3.303776879088487,43.27830320481173,-0.06265597855997174,0.8259442197721217,10.819575801202932,59.093281182833316,14.773320295708329,,,
14211,-0.014538751300794413,0.09754344956146865,0.6315615910028238,71,0.7801764233996349,-0.5048145226661837,3.3869036556733145,21.92908156280005,-0.1262036306665459,0.8467259139183286,5.4822703907000125,27.089285773282125,6.772321443320531,,,
14220,0.048884210039603186,0.046308246400920315,0.90754261557894,389,1.2363985822321033,1.6973575409951018,1.6079149315327552,31.511694698131954,0.42433938524877546,0.4019787328831888,7.877923674532989,42.93023157226309,10.732557893065772,,,
14221,0.11107082657829966,0.05431563951716192,0.48040502153545317,39,0.5960878094260025,3.8566012404517207,1.8859476353148963,16.680623157754006,0.9641503101129302,0.47148690882872407,4.1701557894385015,20.697360918889657,5.174340229722414,,,
14244,0.13899207457970122,0.10631331410509466,0.806592721243342,364,0.9444713500454831,4.826082813556386,3.691410892357097,28.006512467011323,1.2065207033890966,0.9228527230892742,7.001628116752831,32.79393421627927,8.198483554069817,,,
14253,0.06029894853531462,0.11229252410577314,1.6097377401654536,44,2.3036427450927306,2.0937000910431944,3.8990210220006554,55.89331381402488,0.5234250227607986,0.9747552555001638,13.97332845350622,79.98708339510979,19.996770848777448,,,
14256,0.09896590362281324,0.12736429172970806,0.9395000596281733,84,1.2909390866317525,3.4362941055913216,4.422342937438923,32.62132107040944,0.8590735263978304,1.1055857343597308,8.15533026760236,44.82398696602771,11.205996741506928,,,
14273,0.0688074519351563,0.1805584138457553,0.7684699834112727,27,0.8990391447631589,2.3891323460924974,6.269349245552315,26.682814764006213,0.5972830865231243,1.5673373113880789,6.670703691001553,31.216437184466407,7.804109296116602,,,
14279,-0.03975064824193027,0.005413651332014524,0.7038345240087079,20,0.8365319351411022,-1.3802220082563028,0.1879728015502083,24.43854234263036,-0.3450555020640757,0.04699320038755207,6.10963558565759,29.046061851969352,7.261515462992338,,,
14290,0.014600299502674993,0.044706405859916726,0.7493303866504396,348,0.921016495023636,0.5069515993318812,1.5522958242680287,26.018249685276565,0.1267378998329703,0.3880739560670072,6.504562421319141,31.979534740210692,7.994883685052673,,,
14322,0.005996657063288272,0.0072195672988495324,0.22071016679121017,35,0.2775733758541257,0.2082159265514954,0.25067781575065345,7.6634984113244,0.05205398163787385,0.06266945393766336,1.9158746028311,9.637902756406953,2.4094756891017384,,,
14323,0.24018388001373733,0.06313086211008455,0.647356680605575,28,0.7081131924823325,8.339664681836988,2.1920297941863556,22.47751866398678,2.084916170459247,0.5480074485465889,5.619379665996695,24.58710626937155,6.146776567342887,,,
14344,0.1663908987289299,0.03437269722670303,1.9589332065681508,48,2.38742875371059,5.777424785665904,1.1934887931055826,68.01807879845934,1.444356196416476,0.29837219827639566,17.004519699614836,82.8963011863391,20.724075296584775,,,
14399,-0.02297142195716488,-0.011928851025441712,1.671599432816339,22,2.4441803691353057,-0.7976137131966791,-0.41419356530538715,58.04127550624893,-0.19940342829916977,-0.10354839132634679,14.510318876562232,84.86683077711609,21.216707694279023,,,
14400,0.0882058192255073,-0.1220745599317586,0.7295850472275834,24,0.8605001588163232,3.0626824551480647,-4.2386728699505225,25.332652009836153,0.7656706137870162,-1.0596682174876306,6.333163002459038,29.878286514420378,7.469571628605094,,,
14410,0.005324615641207016,0.004719768679338489,0.7747865578951187,66,1.0368832840491329,0.18488130429399002,0.16387980808399102,26.902138863234313,0.046220326073497506,0.040969952020997756,6.725534715808578,36.00266138875399,9.000665347188498,,,
14417,0.08474886398546547,0.019772781522925345,0.5741326044392187,339,0.701637895096801,2.942650055303332,0.6865505200390138,19.93503229133855,0.735662513825833,0.17163763000975346,4.983758072834638,24.362270993551125,6.090567748387781,,,
14419,0.00048337000575879947,0.007891217654321091,0.3607151787692533,359,0.44275712868183953,0.016783573339957034,0.27399885939333696,12.524752437226013,0.004195893334989259,0.06849971484833424,3.1311881093065033,15.373413022090833,3.8433532555227083,,,
14427,0.11301788330175636,0.11760701300155012,0.8534673190617276,377,1.0101763541428368,3.9242069440035845,4.083550705439824,29.634092252461304,0.9810517360008961,1.020887676359956,7.408523063115326,35.07534336854758,8.768835842136895,,,
14429,0.0022312558742980625,0.0005971476487540207,0.4018051636791499,374,0.5159951736127629,0.07747366646737733,0.020734160660037106,13.951478893267444,0.019368416616844332,0.005183540165009277,3.487869723316861,17.916384418182353,4.479096104545588,,,
14441,0.04835881617178825,0.056466316523915,0.6426034377434239,234,0.7868168320442147,1.6791148151168316,1.9606234423433766,22.312476565327163,0.4197787037792079,0.49015586058584415,5.578119141331791,27.319854042239225,6.829963510559806,,,
14451,-0.017142239550794865,0.0564925300459281,0.6604358211322021,34,0.85192243210131,-0.5952128416826993,1.9615336282547156,22.931652581352324,-0.14880321042067482,0.4903834070636789,5.732913145338081,29.58045068742169,7.395112671855422,,,
14452,0.008064872934787038,0.00674580993501988,0.3288926137358893,43,0.4534385643384362,0.28002851804167556,0.2342280125637603,11.419809334137549,0.07000712951041889,0.058557003140940075,2.854952333534387,15.744293830959183,3.9360734577397958,,,
14459,0.03211915251881692,-0.041416141118133874,0.9153050063294134,19,1.2090165246876814,1.1152412137583612,-1.4380512519038444,31.781220429769892,0.2788103034395903,-0.3595128129759611,7.945305107442473,41.97947177020568,10.49486794255142,,,
14462,0.1905690730038419,0.12182349978145374,1.6355009105265519,27,2.1104044451321675,6.616939352839399,4.2299555594116365,56.787862615302934,1.6542348382098497,1.0574888898529091,14.196965653825734,73.27746314387912,18.31936578596978,,,
14467,-0.10429044776592285,0.02540690470560798,1.5527045380937414,51,2.0876050883925164,-3.6211729273283733,0.8821785451881203,53.91300697169089,-0.9052932318320933,0.22054463629703008,13.478251742922723,72.48582387916495,18.12145596979124,,,
14492,0.011659595891048738,-0.02666092728974542,1.155490486892836,53,1.449648693547058,0.4048444885289943,-0.9257207173545405,40.12094068589305,0.10121112213224857,-0.23143017933863513,10.030235171473263,50.33470193734095,12.583675484335238,,,
14517,0.0898991338907149,0.1544371950205391,0.6284366985859572,25,0.745820015625116,3.121477726953403,5.362368285503159,21.820579048301607,0.7803694317383507,1.3405920713757897,5.455144762075402,25.89636258253528,6.47409064563382,,,
14533,0.18564261226552461,0.24412602082844503,0.5810167439118842,51,0.6926196846357451,6.445882783083546,8.476543695205269,20.174063382108443,1.6114706957708864,2.119135923801317,5.043515845527111,24.049140689922343,6.012285172480586,,,
14546,0.06891148317047807,0.06442983713541371,0.5851331359794912,364,0.6640224981666802,2.3927445186453395,2.237132805015835,20.316992747479894,0.5981861296613349,0.5592832012539587,5.0792481868699735,23.056189181343473,5.764047295335868,,,
14549,0.09890337039957203,0.10083850658958828,0.9776774973057826,312,1.2142951605372552,3.4341228270139403,3.5013146258036842,33.946918061451385,0.8585307067534851,0.8753286564509211,8.486729515362846,42.16275656417458,10.540689141043645,,,
14552,0.008749819615564156,-0.011805438063662861,0.7415716760170591,47,0.8790192729963624,0.30381123669161864,-0.4099084204465019,25.748851734664328,0.07595280917290466,-0.10247710511162547,6.437212933666082,30.521307196979695,7.630326799244924,,,
14560,0.2772556046312935,0.27418737561040646,1.0011571590954713,21,1.2867397283660564,9.626869104007774,9.520334055944533,34.762178878112955,2.4067172760019435,2.380083513986133,8.690544719528239,44.67817684832621,11.169544212081552,,,
14563,0.1406217900067605,0.025170005634562526,1.1200327659415,37,1.4968469221880893,4.882669792614738,0.87395293564328,38.88977769902076,1.2206674481536846,0.21848823391082,9.72244442475519,51.97351883221484,12.99337970805371,,,
14569,0.11456841082263675,-0.280576280722887,0.5925956205700019,22,0.7529630474825688,3.9780443605835933,-9.742169619260082,20.576105137431608,0.9945110901458983,-2.4355424048150205,5.144026284357902,26.144382934689755,6.536095733672439,,,
14572,-0.0004703982287679532,-6.565637070565577e-05,0.8733350369140076,367,1.4036144362364622,-0.016333167299280874,-0.0022797205036417796,30.323939151728172,-0.004083291824820218,-0.0005699301259104449,7.580984787932043,48.73630045500244,12.18407511375061,,,
14589,-0.00211640334674712,0.004690647024673922,0.10098441798444313,20,0.150880997083839,-0.07348575700575351,0.16286864599072792,3.5063809612558345,-0.018371439251438377,0.04071716149768198,0.8765952403139586,5.238889980745058,1.3097224951862645,,,
14604,0.1191265123897541,0.10388626626225088,0.6729383835594541,218,0.8303804406291241,4.1363107631970415,3.6071389371578753,23.365766553951367,1.0340776907992604,0.9017847342894688,5.841441638487842,28.83246965952445,7.208117414881112,,,
14634,-0.1827038057155361,0.024781600524272984,0.6023193010733231,27,0.6817410435904094,-6.343841542054845,0.8604667334038065,20.913730771867925,-1.5859603855137112,0.21511668335095163,5.228432692966981,23.671412515546198,5.9178531288865495,,,
14662,0.017695464432000863,0.09036783380251061,1.7002221470264876,19,1.9958053767559285,0.6144219160079339,3.1377519252907735,59.035113389053706,0.15360547900198349,0.7844379813226934,14.758778347263426,69.29835429171935,17.324588572929837,,,
14683,-0.005498449887120293,0.0003071881558153997,0.5466807775241637,169,0.8320555940869324,-0.19091717698059082,0.01066618714622231,18.98184995719401,-0.047729294245147706,0.0026665467865555773,4.745462489298503,28.890634337886468,7.222658584471617,,,
14730,0.1100843020947435,0.11861288157290491,0.7209571649384012,351,0.8275909026385422,3.822347137333684,4.118476473974404,25.03307468099117,0.955586784333421,1.029619118493601,6.2582686702477925,28.735611321415462,7.1839028303538655,,,
14775,-0.029629640433862535,0.07419807044293236,0.6681711404138436,44,0.7752476330004696,-1.028800375144575,2.5763054019194978,23.20023833744948,-0.2572000937861437,0.6440763504798744,5.80005958436237,26.918148313042305,6.729537078260576,,,
14778,0.22525315413465227,0.23253030591813229,0.9323845069285697,19,0.9971893636887967,7.8212400178633965,8.07391728208939,32.374254849573795,1.9553100044658491,2.0184793205223475,8.093563712393449,34.6244090860024,8.6561022715006,,,
14785,0.11747611233863442,0.11816185456422591,0.6651754531919982,68,0.7529375105521326,4.079005572622065,4.102815914179052,23.096222085732563,1.0197513931555162,1.025703978544763,5.774055521433141,26.14349624139115,6.535874060347788,,,
14788,0.005690232011661296,-0.013180942440099156,0.6089361225849403,27,0.7526063305139067,0.19757623590890352,-0.4576686834051229,21.1434800483943,0.04939405897722588,-0.11441717085128073,5.285870012098575,26.13199700810387,6.532999252025967,,,
14799,0.2118674006379029,0.15734668078036296,1.1299744837716963,76,1.476000439985676,7.356459884949265,5.463391450055763,39.23497402552084,1.8391149712373163,1.3658478625139407,9.80874350638021,51.249687277182645,12.812421819295661,,,
14812,0.1313494095290231,0.1269652769881667,0.8546329999463302,101,0.9769109161175649,4.560714197666741,4.408488347583124,29.67456702413648,1.1401785494166852,1.102122086895781,7.41864175603412,33.92030082943409,8.480075207358523,,,
14815,-0.023792237366986876,0.0032479025164887485,0.49964586352759677,66,0.6315109364408211,-0.8261140658565184,0.11277367117752232,17.348703673405215,-0.2065285164641296,0.02819341779438058,4.337175918351304,21.92732273509819,5.481830683774548,,,
14816,-0.07638723700167459,0.06551661150986174,0.6420078168391852,28,0.7443169205147413,-2.6523176431721454,2.2748677848454193,22.29179541629019,-0.6630794107930363,0.5687169462113548,5.572948854072547,25.844172114112848,6.461043028528212,,,
14836,0.012100647220898035,0.022605919748999646,1.6005079405529992,101,2.1747412419881242,0.4201586728040216,0.7849227455247657,55.57283671188124,0.1050396682010054,0.19623068638119143,13.89320917797031,75.51136540431165,18.87784135107791,,,
14862,-0.013258717681004346,0.020101639166015234,0.56114945361153,54,0.6460577733249645,-0.46036919531983295,0.697969115122381,19.484231328299547,-0.11509229882995824,0.17449227878059526,4.871057832074887,22.43241800538942,5.608104501347355,,,
14867,-0.007482955518032451,-0.016306142071015602,0.15517889573053784,68,0.2135865283183039,-0.25982318149712275,-0.5661818649898037,5.388121617555735,-0.06495579537428069,-0.14154546624745093,1.3470304043889338,7.416151436268149,1.8540378590670372,,,
14908,0.02354067492379954,0.2638218463847807,0.6862625424541489,35,0.7657585001423434,0.8173793147041677,9.160422150172355,23.828407999092956,0.20434482867604192,2.2901055375430888,5.957101999773239,26.588666641942446,6.6471666604856114,,,
14914,0.07573416712086127,0.0994455651101218,0.9072699749295392,59,1.084779488183098,2.629641750770545,3.452948911753649,31.502228069503463,0.6574104376926363,0.8632372279384123,7.875557017375866,37.66571338869353,9.416428347173383,,,
14923,0.009812866765715302,-0.026022684804189566,0.7741567380645803,132,1.0089102884088934,0.3407223598391667,-0.9035596617710702,26.880270259078358,0.08518058995979168,-0.22588991544276754,6.7200675647695896,35.0313830341336,8.7578457585334,,,
14954,-0.005306624966181062,-0.01852648850592957,0.28041393516644336,21,0.3480587139646793,-0.18425663207573884,-0.6432767339028865,9.736532656849247,-0.04606415801893471,-0.16081918347572163,2.434133164212312,12.085294666281595,3.0213236665703986,,,
14989,0.03036923739860337,0.08121242020886636,1.0065267273950895,90,1.3275545378457632,1.0544806609543063,2.819857654492258,34.9486210286123,0.26362016523857656,0.7049644136230645,8.737155257153075,46.09534866308059,11.523837165770148,,,
15002,0.0015298509322507691,0.0017204910966815608,0.0759241457879858,66,0.12932003947710857,0.05311948406961121,0.059738891858977156,2.636238190050443,0.013279871017402802,0.014934722964744289,0.6590595475126108,4.490250410724164,1.122562602681041,,,
15013,0.03116718051667249,0.07432139458443467,0.6781919767673456,85,0.8116056269823162,1.082186841899902,2.5805874627607404,23.548181817315772,0.2705467104749755,0.6451468656901851,5.887045454328943,28.180570580079984,7.045142645019996,,,
15016,-0.07482117336866355,0.05783135512032269,0.5138850607667194,91,0.6399262721971953,-2.5979407817067357,2.0080203124878446,17.84311707994203,-0.6494851954266839,0.5020050781219612,4.460779269985507,22.219520023231016,5.554880005807754,,,
15019,0.1173442047768202,0.08567620994406248,0.6267972793002283,23,0.7409332824684608,4.074425478260751,2.974849361677738,21.763655131862528,1.0186063695651877,0.7437123404194345,5.440913782965632,25.726685433869896,6.431671358467474,,,
15026,0.048114256130722476,0.056972928694007156,0.8625949777478915,34,0.9834927748922394,1.6706232013709459,1.9782140301133166,29.95102281736229,0.41765580034273647,0.49455350752832916,7.4877557043405725,34.14883612980834,8.537209032452084,,,
15044,0.05501288324594332,0.06843075989914572,2.6623994225640004,30,3.261707438019741,1.910157332065644,2.3760528452181378,92.44383275026722,0.477539333016411,0.5940132113045344,23.110958187566805,113.25300566292144,28.31325141573036,,,
15073,-0.010665747939931804,0.009002603725386889,0.7530433911430793,63,0.861298285534462,-0.37033609997031214,0.31258840655288356,26.14717262727,-0.09258402499257803,0.07814710163822089,6.5367931568175,29.90599907032759,7.476499767581897,,,
15123,0.07269707515729067,-0.047536079647684915,1.5278094493417784,20,1.9732956991597952,2.5241878436114464,-1.6505477575269156,53.04859970004523,0.6310469609028616,-0.4126369393817289,13.262149925011308,68.51677326622641,17.129193316556602,,,
15131,0.09608360978570149,0.25327335248471294,1.4260069281875039,23,1.948359458886864,3.3362150989791273,8.794157344974202,49.51381256052651,0.8340537747447818,2.1985393362435506,12.378453140131628,67.65093713146969,16.912734282867422,,,
15132,0.09222784004913072,0.08518471000208831,0.6486646219818027,272,0.7840803312013374,3.202335062185917,2.9577835006925106,22.522933004452156,0.8005837655464793,0.7394458751731277,5.630733251113039,27.224837259972837,6.806209314993209,,,
15144,-0.07477533728733761,0.07830921660323895,0.8360410187886103,20,1.3198145453505739,-2.5963492612909365,2.719052618897663,29.029016254378128,-0.6490873153227341,0.6797631547244157,7.257254063594532,45.82660064366263,11.456650160915657,,,
15195,-0.0843028152822343,0.3819356541635638,1.5666154140188342,49,2.035278419498953,-2.927162352229739,13.261569783867262,54.39602040556196,-0.7317905880574348,3.3153924459668156,13.59900510139049,70.66893728184264,17.66723432046066,,,
15208,-0.008552177121256463,0.003436852255995335,2.2961368900561645,103,2.8691290433083037,-0.2969486940042669,0.11933438403267002,79.72646509653015,-0.07423717350106672,0.029833596008167505,19.931616274132537,99.62189864175092,24.90547466043773,,,
15218,0.024913937549098306,0.058880483493234034,1.1449885914632956,289,1.587665026174514,0.8650617395797914,2.0444481478520724,39.756293872788554,0.21626543489494784,0.5111120369630181,9.939073468197138,55.126905038831474,13.781726259707868,,,
15243,-0.10229487027237098,-0.09675854065860393,0.6002193532949706,20,0.7123277700945407,-3.5518824855972655,-3.3596500487480454,20.840816385107967,-0.8879706213993164,-0.8399125121870114,5.210204096276992,24.733444833222645,6.183361208305661,,,
15247,0.06497075230704451,0.031376245214345594,1.0588033759552227,66,1.3435346866644073,2.2559144616051996,1.0894459863325077,36.76377081991724,0.5639786154012999,0.2723614965831269,9.19094270497931,46.650211390361555,11.662552847590389,,,
15263,0.06259814779550447,-0.018885045273697023,1.630611961970815,103,1.9937782439174256,2.1735328877555062,-0.655726541993308,56.61810854355064,0.5433832219388766,-0.163931635498327,14.15452713588766,69.22796818530085,17.306992046325213,,,
15273,0.06322901901003157,0.011346934608702026,1.210053221783806,23,1.7573562179383537,2.1954379980663163,0.39398826348335175,42.015467966777315,0.5488594995165791,0.09849706587083794,10.503866991694329,61.01892259925552,15.25473064981388,,,
15275,0.07163810228876712,0.15372131214214702,1.0142167127569717,19,1.179291618009661,2.487418187670572,5.337511400199629,35.21563270034757,0.621854546917643,1.3343778500499073,8.803908175086892,40.94736356053146,10.236840890132864,,,
15277,0.009437552268199426,0.01748023846329811,0.3079411643960065,31,0.3867483272613935,0.32769068985642047,0.606948839922637,10.692333110158138,0.08192267246410512,0.15173720998065926,2.6730832775395346,13.428675419170107,3.3571688547925267,,,
15281,0.02561570091664341,-0.11178063518865855,0.9095371690213091,48,1.2392979106574344,0.8894283672276925,-3.8812472150206023,31.580949582757896,0.22235709180692312,-0.9703118037551506,7.895237395689474,43.03090205384744,10.75772551346186,,,
15326,0.10479646547514135,0.14456995202418793,0.9044294655940952,42,1.2742060039020273,3.6387428742278582,5.0197578741838536,31.403599904358174,0.9096857185569646,1.2549394685459634,7.8508999760895435,44.242980867486196,11.060745216871549,,,
15340,0.04786557528150193,-0.0026647112393574563,0.46023972338046215,33,0.5859193543176223,1.6619885049243102,-0.0925241036529696,15.980443675216408,0.41549712623107754,-0.0231310259132424,3.995110918804102,20.344291820616483,5.086072955154121,,,
15342,0.001474062576639108,0.01976207546180171,0.7259354521407818,153,0.9649598733358474,0.051182400786063106,0.6861787841846789,25.20593076923223,0.012795600196515777,0.17154469604616973,6.301482692308057,33.505336721967296,8.376334180491824,,,
15360,0.02787189135918914,0.006325547583250769,0.9485601509477839,99,1.2403285580373782,0.9677678117737654,0.2196356631856332,32.935905561208955,0.24194195294344134,0.0549089157964083,8.233976390302239,43.06668819217385,10.766672048043462,,,
15365,0.023245034476455356,0.1219422694909032,0.7334158701273317,33,0.8295953971038293,0.8071140870914829,4.234079481263141,25.46566584256121,0.20177852177287073,1.0585198703157852,6.366416460640303,28.805211378239164,7.201302844559791,,,
15370,-0.005436148203679428,0.01014696600904724,0.3444806272174706,41,0.4411861901127061,-0.18875393792815712,0.3523229537661383,11.961056338245013,-0.04718848448203928,0.08808073844153458,2.9902640845612534,15.318866893093382,3.8297167232733456,,,
15371,-0.0010866701178540797,0.049038649202579165,0.4090416316895877,56,0.4721452190989301,-0.03773135983212936,1.702719977611954,14.202743535525864,-0.00943283995803234,0.4256799944029885,3.550685883881466,16.39382629755305,4.098456574388263,,,
15372,0.007741906364388804,-0.008130803590094743,0.6360265985287537,134,0.8829564870990769,0.26881447278430803,-0.28231776225526967,22.084115554115385,0.06720361819607701,-0.07057944056381742,5.521028888528846,30.65801514505415,7.664503786263538,,,
15374,0.05152380916920606,0.143949989229302,0.7971646589207017,50,0.9370483070136885,1.789009701973173,4.998231526019824,27.679151287044604,0.44725242549329325,1.249557881504956,6.919787821761151,32.53619131612929,8.134047829032323,,,
15426,0.12156525656564802,0.15384615950046843,0.8067715516012368,137,1.0474039992661608,4.220988838472431,5.341846350175265,28.012721814698146,1.0552472096181078,1.3354615875438163,7.003180453674537,36.36796166251963,9.091990415629908,,,
15437,0.023646642355069296,-0.024673640422871058,0.9532756794751837,82,1.1634621411420458,0.8210587158527162,-0.8567181427629289,33.09963814273733,0.20526467896317904,-0.21417953569073223,8.274909535684332,40.39773246473412,10.09943311618353,,,
15461,0.1626149826788858,0.0021495555602344067,0.43771302602985346,27,0.5418339407168603,5.646317428576273,0.07463686816245907,15.198271689808573,1.4115793571440682,0.018659217040614767,3.7995679224521433,18.813558089570826,4.7033895223927065,,,
15466,0.0025746247537651954,-0.03065362035499525,2.2347251131092762,19,2.857910597747538,0.08939612070023512,-1.064355005966145,77.5941253773803,0.02234903017505878,-0.26608875149153627,19.398531344345074,99.23237177499001,24.808092943747504,,,
15472,0.12847828816825818,0.07862177736636669,0.5985558869268989,45,0.6908549227710882,4.46102312177826,2.7299053537149844,20.783057505875785,1.115255780444565,0.6824763384287461,5.195764376468946,23.987864628457725,5.996966157114431,,,
15482,0.004579006282750697,0.19346503890463537,0.5599499332088176,20,0.6340324789905393,0.15899225614966972,6.71749308084675,19.442581580876563,0.03974806403741743,1.6793732702116875,4.860645395219141,22.014875735509506,5.503718933877376,,,
15502,0.021679324653948995,0.0318149033761326,0.4782670591836818,46,0.6019852334278779,0.7527495106344171,1.1046770750260764,16.6063888289758,0.18818737765860427,0.2761692687565191,4.15159720724395,20.902131275082777,5.225532818770694,,,
15512,0.06110077507685901,0.17847605165208166,0.6158582779671137,50,0.7112451778209417,2.1215411122186985,6.19704546546358,21.383831127574123,0.5303852780546746,1.549261366365895,5.345957781893531,24.695855064298737,6.173963766074684,,,
15514,0.009883620154428825,-0.016509110577201638,0.5874932570376299,272,0.9000662604709602,0.3431790590020777,-0.5732293374615953,20.398940870860585,0.08579476475051942,-0.14330733436539883,5.099735217715146,31.25210069607268,7.81302517401817,,,
15552,-0.03486230056020042,0.004574127697479167,0.9766850848365753,33,1.130047268983415,-1.210488800051279,0.15882286191187164,33.91245951569557,-0.30262220001281975,0.03970571547796791,8.478114878923893,39.23750127364213,9.809375318410533,,,
15569,0.07804879974817283,0.10146472369176536,0.5581133884054084,20,0.6531693245468709,2.710010424856057,3.523058136025477,19.37881307221259,0.6775026062140143,0.8807645340063692,4.844703268053148,22.679345286916455,5.669836321729114,,,
15601,0.09884524804706582,0.1123237280022392,0.6492050873942955,282,0.7556424431958365,3.4321047026902196,3.9001044836937497,22.54169904450473,0.8580261756725549,0.9750261209234374,5.635424761126182,26.237416912645838,6.559354228161459,,,
15606,0.08877382870225858,0.04764726370794392,0.6676058478845681,144,0.7575563644249733,3.0824048801998227,1.6544082904672288,23.180610250247977,0.7706012200499557,0.4136020726168072,5.795152562561994,26.303872085563924,6.575968021390981,,,
15612,0.09356003855151268,0.13447955550445637,0.6784146616643596,157,0.7615975833198101,3.2485916585856236,4.669399126225734,23.555913882309895,0.8121479146464059,1.1673497815564335,5.888978470577474,26.444191288030446,6.611047822007611,,,
15627,-0.08976273519380602,-0.023783524604729125,2.4609409172906167,36,2.9915684406856333,-3.1167416913993327,-0.8258115413254047,85.4487905301648,-0.7791854228498332,-0.20645288533135117,21.3621976325412,103.87323939748656,25.96830984937164,,,
15629,0.012553129564404292,0.068664341821026,0.6251967611907981,22,0.7339168162547811,0.43586976473524586,2.384163276709665,21.708081942066894,0.10896744118381146,0.5960408191774162,5.4270204855167234,25.48305969399851,6.370764923499627,,,
15647,0.02185142698125506,0.12980956922414358,0.6216156301582633,19,0.7555097888754965,0.7587252476431382,4.507247862600713,21.583737910355218,0.18968131191078455,1.1268119656501783,5.3959344775888045,26.23281088933499,6.558202722333747,,,
15675,0.13803903876986545,0.36314095431377225,0.59453914864109,23,0.6032420884427611,4.792991504167269,12.6089802156828,20.643588319115928,1.1982478760418172,3.1522450539207,5.160897079778982,20.94577179490955,5.236442948727388,,,
15690,0.060006741939054,0.009135459968759136,0.7033973356853768,102,0.8080319244393882,2.083554093607833,0.3172014410352547,24.423362289667654,0.5208885234019582,0.07930036025881368,6.105840572416914,28.056484480384437,7.014121120096109,,,
15691,0.004359485220673301,-0.058935696489800196,0.42386707623673586,30,0.5356712239427991,0.1513700458322184,-2.0463652535188426,14.717512621091943,0.0378425114580546,-0.5115913133797106,3.679378155272986,18.59957623774187,4.649894059435468,,,
15709,0.021927751677155813,0.13371110432944192,0.7563843937087377,50,0.9103602147023793,0.7613753937342042,4.642716964526882,26.26317891835479,0.19034384843355104,1.1606792411317206,6.565794729588697,31.609527374896015,7.902381843724004,,,
15723,0.06759807161462025,0.06443268481929741,0.7480083657325208,77,0.8876747414127022,2.3471402426028445,2.237231682295645,25.97234647496459,0.5867850606507111,0.5593079205739112,6.493086618741147,30.821842371331847,7.705460592832962,,,
15728,0.10477169452797433,-0.021799513507206623,0.5115337238839601,39,0.6553719706207627,3.637882777400325,-0.7569227079972284,17.761473960698865,0.9094706943500812,-0.1892306769993071,4.440368490174716,22.755825563894124,5.688956390973531,,,
15756,0.05192498200548727,0.09068496609913777,2.236176277592623,67,2.9097560478792674,1.802939225194529,3.1487633928942618,77.64451271057106,0.4507348062986323,0.7871908482235654,19.411128177642766,101.03254949446392,25.25813737361598,,,
15796,0.06869367100750601,0.20562518486541725,0.870657222856592,41,1.00534639780168,2.3851816447226235,7.139717668897018,30.23096009202659,0.5962954111806559,1.7849294172242545,7.557740023006647,34.90763762446993,8.726909406117482,,,
15806,0.14140107444295374,0.2240074569553044,0.67746037480761,29,0.7736289090824201,4.90972810680824,7.77798692040208,23.522779134069836,1.22743202670206,1.94449673010052,5.880694783517459,26.861942981159793,6.715485745289948,,,
15817,-0.03729281855376362,0.012814128026674254,0.436244868413086,48,0.6055823103507231,-1.2948812458237804,0.44493215334218345,15.147294321039173,-0.3237203114559451,0.11123303833554586,3.786823580259793,21.02702897999781,5.256757244999452,,,
15857,0.09364779964960745,0.14533823890953246,1.1029086752513073,89,1.353510637026086,3.25163889943367,5.046434331416786,38.295195022075895,0.8129097248584175,1.2616085828541965,9.573798755518974,46.996596338819764,11.749149084704941,,,
15859,0.04783977828359936,-0.010472699350397253,1.2203186266733022,26,1.5214236669367391,1.6610927815631369,-0.3636330668444934,42.3719033553504,0.4152731953907842,-0.09090826671112336,10.5929758388376,52.82687256337746,13.206718140844364,,,
15862,0.04971755455359493,0.059787863980512536,0.6427246040206169,41,0.7946922204461775,1.7262929292099232,2.0759542131313564,22.31668370080386,0.4315732323024808,0.5189885532828391,5.579170925200965,27.593303278332176,6.898325819583044,,,
15869,0.00932466020533873,0.066280487655672,0.9907335999876807,40,1.2555594040882578,0.32377085164977143,2.301391092380243,34.40025205877225,0.08094271291244286,0.5753477730950608,8.600063014693063,43.59553362875249,10.898883407188123,,,
15882,-0.01238135438169572,-0.08166877593969896,2.2068443926777164,22,2.6305454703698894,-0.42990538684123886,-2.8357032381782274,76.62605100255567,-0.10747634671030971,-0.7089258095445569,19.156512750638917,91.3377998221833,22.834449955545825,,,
15909,0.2156563901611212,0.11281339880176518,0.7846761838782588,60,0.8648848068003988,7.488021179174451,3.917106833194891,27.2455264566209,1.8720052947936128,0.9792767082987227,6.811381614155225,30.03053026172345,7.507632565430862,,,
15921,-0.006498176209913383,0.032068072832139784,0.6764231683681788,240,0.8226656887143886,-0.2256296743606125,1.1134676248775577,23.486765252079906,-0.05640741859015312,0.2783669062193894,5.871691313019976,28.564598043541004,7.141149510885251,,,
15922,0.00032627031172154374,0.022022129404255963,0.21159621801851447,20,0.25473815383843523,0.011328757763595442,0.7646523771745756,7.34704388203886,0.0028321894408988605,0.1911630942936439,1.836760970509715,8.84501817757815,2.2112545443945373,,,
15924,0.07281666918901031,0.015354101345658686,0.5008832632807669,127,0.5938791599255936,2.528340387580816,0.5331251069239609,17.39166866763479,0.632085096895204,0.13328127673099022,4.347917166908697,20.62067219093646,5.155168047734115,,,
15952,0.03814931922894143,0.03562428714793293,0.7408878271857258,254,0.9603419197108841,1.3246206622673045,1.2369464983505272,25.72510713554277,0.3311551655668261,0.3092366245876318,6.431276783885693,33.34499213620132,8.33624803405033,,,
15964,0.11229744914146404,0.07285803526881789,0.616999515014738,24,0.6706698404928795,3.8991920290899147,2.529776700603895,21.423457160341734,0.9747980072724787,0.6324441751509737,5.355864290085433,23.28699820159376,5.82174955039844,,,
15966,0.13989418996862615,0.15680451242713778,0.7433916242221734,74,1.00207340822519,4.857406064090638,5.444566280495078,25.812043976242308,1.2143515160226594,1.3611415701237695,6.453010994060577,34.79399288039505,8.698498220098763,,,
15967,0.09441074917008979,0.12554564503629645,0.658130024884081,23,0.7469330119375569,3.278130032683858,4.359195886950285,22.851590724025062,0.8195325081709645,1.0897989717375713,5.7128976810062655,25.935008040495852,6.483752010123963,,,
15969,-0.021896403651242503,0.03720624400306626,0.6830074063128538,33,0.8191206677797409,-0.7602869275784422,1.2918752042744668,23.71538316199491,-0.19007173189461055,0.3229688010686167,5.928845790498728,28.441507826648166,7.110376956662042,,,
15974,0.05333125384064902,0.019354284940863713,0.6705135074097742,217,0.9040303659409975,1.8517677958550152,0.6720194817166698,23.28157000428218,0.4629419489637538,0.16800487042916745,5.820392501070545,31.389742366203315,7.847435591550829,,,
15997,0.07942793430957569,0.1300588078393107,0.6788207503608849,96,0.7907773764452185,2.7578967350970873,4.5159019257965465,23.570014094030643,0.6894741837742718,1.1289754814491366,5.892503523507661,27.45737206493088,6.86434301623272,,,
16003,-0.014073447724873905,-0.03084414345776481,0.5409184525281002,29,0.6502042778179378,-0.48865825190307177,-1.0709703491405098,18.781770508680697,-0.12216456297576794,-0.26774258728512745,4.695442627170174,22.576392934394438,5.644098233598609,,,
16009,0.07685191360934596,0.05431336103384348,0.5780142286124197,22,0.7475718995086736,2.6684521443437106,1.8858685218171134,20.069810045880438,0.6671130360859276,0.47146713045427835,5.017452511470109,25.95719149474017,6.489297873685042,,,
16027,0.04577388235571717,0.15526506020946446,0.6604313739988823,134,0.7630748718965591,1.5893607431552117,5.391113420593025,22.931498167989194,0.3973401857888029,1.3477783551482563,5.732874541997298,26.495485701992326,6.6238714254980815,,,
16050,0.14991410159286878,0.12305627071190438,0.7638827894578942,210,0.8928039441357679,5.20531743550759,4.272759831658744,26.523538215557004,1.3013293588768975,1.068189957914686,6.630884553889251,30.999938548282135,7.749984637070534,,,
16060,0.00320813211827131,0.00202326721994941,0.2864712320352307,245,0.36795622431290687,0.11139276341061644,0.07025188441108342,9.946854118727282,0.02784819085265411,0.017562971102770854,2.4867135296818206,12.776176020592752,3.194044005148188,,,
16079,0.09249204821493351,0.13896037592280236,0.79892206011734,239,0.9247126470618996,3.2115088981189213,4.824982172791544,27.74017177139428,0.8028772245297303,1.206245543197886,6.93504294284857,32.10787253128328,8.02696813282082,,,
16082,0.08587969566475333,-0.18037482758203208,0.7605272161087616,30,1.1865803943169113,2.981914792871565,-6.262974763303318,26.40702599772842,0.7454786982178913,-1.5657436908258295,6.601756499432105,41.200444451471796,10.300111112867949,,,
16086,0.007575301892327641,-0.06772661036697356,0.5626316242122021,36,0.6947333789210596,0.2630296323054004,-2.351603365162056,19.535695255896083,0.0657574080763501,-0.587900841290514,4.883923813974021,24.12253238289703,6.030633095724258,,,
16092,-0.0024335413852786983,-0.01300201336965509,0.6039194789953075,23,0.6911511213485135,-0.08449742397964696,-0.45145590822116405,20.96929214967507,-0.02112435599491174,-0.11286397705529101,5.2423230374187675,23.99814923546309,5.999537308865772,,,
16095,0.0069403557847586535,0.06264840661351974,0.6578129305596936,23,0.7568422170991399,0.24098303355839,2.1752779744346324,22.840580574893682,0.0602457583895975,0.5438194936086581,5.7101451437234205,26.279075462116335,6.569768865529084,,,
16115,0.03508136044918631,0.09804985539459703,0.7225714132110649,71,0.822331248615868,1.218094997516647,3.404487079011198,25.089124609514595,0.30452374937916177,0.8511217697527995,6.272281152378649,28.55298561444017,7.138246403610043,,,
16118,-0.00927956321374583,-0.018048338868098243,1.7967532193313338,203,2.3940005663707873,-0.3222049939076827,-0.6266744221781072,62.386865281622576,-0.08055124847692068,-0.1566686055445268,15.596716320405644,83.12448766552647,20.78112191638162,,,
16131,0.033311478590937325,0.17300157299825294,0.7910404349311821,20,0.9349290801921519,1.1566411596345259,6.006960617645339,27.46650598168051,0.28916028990863146,1.5017401544113347,6.866626495420127,32.4626075224319,8.115651880607976,,,
16147,0.03730256888476623,0.1370166748246883,0.6933411152436812,102,0.8262843732669181,1.295219796816853,4.757492983262827,24.074190203491103,0.32380494920421327,1.1893732458157067,6.018547550872776,28.69024600857393,7.172561502143482,,,
16148,-0.10129033426751861,0.1670588185599513,0.7167798896705739,22,0.7800647890089324,-3.5170029864367813,5.800616298038629,24.88803132914167,-0.8792507466091953,1.4501540745096573,6.222007832285417,27.085409603968152,6.771352400992038,,,
16155,0.16133529243819839,0.11331425263139006,0.7390206868556713,21,0.8738698189568017,5.6018840240391246,3.9344974798671255,25.66027628900262,1.4004710060097811,0.9836243699667814,6.415069072250655,30.34250785381807,7.5856269634545175,,,
16166,0.03927069002463427,0.11599688683486438,0.848025252067861,118,0.997849273465202,1.3635568990353513,4.027643904680161,29.445132802300268,0.3408892247588378,1.0069109761700403,7.361283200575067,34.64732247325875,8.661830618314687,,,
16168,-0.09877246819915735,0.23605046830208395,1.7435617534833718,23,2.3774121805488915,-3.4295776408111416,8.19614436038496,60.539951204449636,-0.8573944102027854,2.04903609009624,15.134987801112409,82.54850573301862,20.637126433254654,,,
16177,0.14686182702834114,-0.15605446719333266,0.6190659814051119,28,0.7399661163953021,5.0993363580780615,-5.418523209886897,21.495209006348297,1.2748340895195154,-1.3546308024717242,5.373802251587074,25.69310349347768,6.42327587336942,,,
16194,0.022704757151540633,0.02745593472885738,0.8628070054037101,48,1.0549816224852433,0.7883545778157939,0.9533249656553859,29.958384841627623,0.19708864445394847,0.23833124141384648,7.489596210406906,36.63107189593262,9.157767973983155,,,
16215,-0.015488189128019393,0.09047960288363675,0.8801856494250673,87,1.0752674076133724,-0.5377809029030894,3.1416327713256353,30.561806119337188,-0.13444522572577236,0.7854081928314088,7.640451529834297,37.33543492715152,9.33385873178788,,,
16226,0.004128615766146891,0.0002504656370700539,0.3735096596040311,115,0.4798593372336393,0.14335379663215236,0.008696667850346411,12.969002400771169,0.03583844915803809,0.002174166962586603,3.242250600192792,16.661675907426424,4.165418976856606,,,
16227,-0.04119510763784717,0.052510351705587745,0.6111325286406696,24,0.7238787633699556,-1.4303765274013296,1.8232644319214177,21.21974365946133,-0.3575941318503324,0.45581610798035443,5.304935914865332,25.1345184217316,6.2836296054329,,,
16230,-0.0331396599946055,0.08377642181780914,1.1829875497201316,100,1.591452557100308,-1.150675274332692,2.9088849183579693,41.07569370138241,-0.287668818583173,0.7272212295894923,10.268923425345603,55.2584156876369,13.814603921909224,,,
16244,0.18245438816485682,0.2499605533835021,0.6203696150499345,67,0.8044193906293041,6.335181265860158,8.67913033458196,21.540473773763825,1.5837953164650396,2.16978258364549,5.385118443440956,27.931050081430698,6.982762520357674,,,
16252,0.057398586386841484,0.00738406753273046,0.45319996026274273,92,0.5380555795225077,1.99299371652391,0.256389592871467,15.736009020242953,0.4982484291309775,0.06409739821786675,3.9340022550607383,18.682365832180512,4.670591458045128,,,
16254,0.09035357812680689,0.01004200483827457,0.6109273390325287,54,0.6838416157231623,3.137256939718989,0.34867849199456963,21.212619065887463,0.7843142349297473,0.08716962299864241,5.303154766471866,23.74434858113964,5.93608714528491,,,
16262,0.02384664752257634,0.038918808958683306,1.307894685609061,191,1.6792458741643106,0.8280032952788956,1.3513388846634018,45.41271927371782,0.2070008238197239,0.33783472116585045,11.353179818429455,58.306775242733195,14.576693810683299,,,
16277,0.17272524748924903,-0.04563135812193764,0.910294288663192,36,1.0906877965069488,5.997366043321705,-1.5844120167099187,31.607238290963352,1.4993415108304262,-0.3961030041774797,7.901809572740838,37.87086167031428,9.46771541757857,,,
16279,0.12766250892672512,0.17723521309407222,0.6350839855551283,30,0.6729373545213096,4.43269763495375,6.153961069052376,22.051386146445168,1.1081744087384375,1.538490267263094,5.512846536611292,23.365730823688914,5.841432705922228,,,
16283,0.04675280432512691,0.04098654261941549,0.5941889581456653,21,0.7323940575341321,1.6233508717770566,1.4231347328313448,20.631429004733793,0.40583771794426415,0.3557836832078362,5.157857251183448,25.430186465700135,6.357546616425034,,,
16306,-0.0032273265624157012,-0.0011002226054138157,0.7951868101775008,117,1.0351313141694503,-0.11205923290019798,-0.03820192930517851,27.610476422983183,-0.028014808225049495,-0.009550482326294627,6.902619105745796,35.94182949059165,8.985457372647913,,,
16307,0.002707938359034077,0.010010919441256132,0.9120188275463913,113,1.201754804282938,0.09402503570238122,0.34759914483929544,31.6671177300658,0.023506258925595304,0.08689978620982386,7.91677943251645,41.72733031431218,10.431832578578044,,,
16308,0.008425918582275009,-0.001955607475523383,0.31928200390282885,31,0.39611361916235743,0.29256474501375285,-0.06790260276512292,11.086109739514024,0.07314118625343821,-0.01697565069128073,2.771527434878506,13.753857084555376,3.438464271138844,,,
16319,-0.002205481637129029,0.0025820257490570837,0.49524225951460954,217,0.5942252223071964,-0.07657873340439414,0.08965309805876007,17.195801734866272,-0.019144683351098535,0.022413274514690017,4.298950433716568,20.632688168950477,5.158172042237619,,,
16365,0.012007148073256044,0.010071028673348251,0.15392146564297746,42,0.2303498541809953,0.4169121953995964,0.349686257595998,5.344461130055463,0.1042280488498991,0.0874215643989995,1.3361152825138658,7.998207636872519,1.9995519092181298,,,
16371,0.0337786687079137,0.11427744917928312,0.7983589611619506,74,1.0366513971089069,1.1728629348761794,3.967941590403069,27.72061984946525,0.29321573371904486,0.9919853976007672,6.930154962366313,35.99460981041547,8.998652452603867,,,
16379,-0.09035921492606347,0.02428350142284358,0.7173293061346091,103,1.027444712931719,-3.1374526606627757,0.8431717364039748,24.907108167605898,-0.7843631651656939,0.2107929341009937,6.2267770419014745,35.67493532241515,8.918733830603788,,,
16397,-0.010618764187543976,0.03827416819813878,1.1736883474159419,180,1.4892720081058437,-0.36870473011990196,1.3289556681757748,40.75280679897634,-0.09217618252997549,0.3322389170439437,10.188201699744084,51.71050266545111,12.927625666362777,,,
16420,0.00556872920317292,0.0069397380569440545,0.877504377404691,21,1.429277600188843,0.19335741539257015,0.24096158481321148,30.468706992245682,0.04833935384814254,0.06024039620330287,7.6171767480614205,49.627376833757005,12.406844208439251,,,
16435,0.0459774560751904,-0.04129148176210395,0.5389394405068532,70,0.6285954480876829,1.5964292298427611,-1.4337228297437734,18.713055253278956,0.3991073074606903,-0.35843070743594335,4.678263813319739,21.826091148500524,5.456522787125131,,,
16455,0.037420544262621494,-0.013198890222329134,0.8610658338355058,107,1.0320060529353365,1.2993161378867435,-0.4582918662997122,29.897927882436434,0.3248290344716859,-0.11457296657492805,7.474481970609109,35.833314170020756,8.958328542505189,,,
16480,0.13980996269389012,0.19283312365240982,0.8284281224892158,49,0.9403436898975686,4.854481524657253,6.695551719458974,28.764681269070554,1.2136203811643131,1.6738879298647436,7.1911703172676384,32.65061360062337,8.162653400155843,,,
16533,0.12038228057386391,0.09786462568724834,1.2947872962718177,136,1.6019310757033636,4.179913546085703,3.398055533112637,44.95760450115005,1.0449783865214257,0.8495138832781592,11.239401125287513,55.62225081057219,13.905562702643048,,,
16536,0.03896884890303909,-0.021369040764482178,0.3951609865671385,25,0.5045880080339192,1.3530763716113232,-0.7419758334243503,13.720779775584184,0.3382690929028308,-0.18549395835608756,3.430194943896046,17.520304814953743,4.380076203738436,,,
16537,-0.0035272672753242193,0.0010110243160207028,2.4707111910605115,181,3.078339369788891,-0.12247377433380754,0.03510478630087084,85.78803397600308,-0.030618443583451886,0.00877619657521771,21.44700849400077,106.88609959780987,26.72152489945247,,,
16552,0.015592644461413556,-0.09701461941648404,0.6464414756104578,25,0.72264469719239,0.5414078009892015,-3.3685416153791587,22.445740916146317,0.13535195024730037,-0.8421354038447897,5.611435229036579,25.091669175914166,6.272917293978542,,,
16556,0.005090233117562093,-0.002177164460937757,0.2567539411749039,65,0.325666693838075,0.17674307430799102,-0.0755955044126808,8.915010345475014,0.044185768576997755,-0.0188988761031702,2.2287525863687536,11.307798943445642,2.8269497358614104,,,
16564,-0.018415637861640112,-0.0029761484655243574,0.6181287165692074,39,0.8250986583200874,-0.639427777831868,-0.10333782701993674,21.462665296716022,-0.159856944457967,-0.025834456754984185,5.3656663241790055,28.649075614190078,7.1622689035475195,,,
16572,0.26698110324863156,0.07406757996749941,0.9315104608797994,22,1.2972966567630007,9.270117866998985,2.5717745116315145,32.343906222668394,2.3175294667497464,0.6429436279078786,8.085976555667099,45.04473451612491,11.261183629031228,,,
16581,0.023388199209947155,-0.00770127998471641,1.5747589966040512,205,2.0167871386323943,0.8120850529677851,-0.2674038436293232,54.678781880085864,0.20302126324194628,-0.0668509609073308,13.669695470021466,70.026883027594,17.5067207568985,,,
16614,0.02851045416975682,0.1478115266167632,0.7294429101544722,57,0.7971003584889623,0.9899399896822964,5.132311827187252,25.327716726383585,0.2474849974205741,1.283077956796813,6.331929181595896,27.67691864745375,6.9192296618634375,,,
16629,0.008404342987876411,0.005113490339122026,0.46652218547235896,82,0.579829875057847,0.29181559722504474,0.177550611554995,16.19858332397125,0.07295389930626119,0.04438765288874875,4.049645830992812,20.132852921758563,5.033213230439641,,,
16688,0.22888291932934254,0.1307284103181199,0.7526703638830121,34,0.8188203692397223,7.947272724953432,4.53915186306576,26.134220374745947,1.986818181238358,1.13478796576644,6.533555093686487,28.43108086074164,7.10777021518541,,,
16708,0.04002617870106037,0.15265926266318092,0.8174087047258903,21,1.1225843960977515,1.3897889768582183,5.300634918190968,28.382065045492364,0.3474472442145546,1.325158729547742,7.095516261373091,38.97837540130613,9.744593850326533,,,
16709,0.03672999666366786,-0.009421816530990227,1.2143604537367552,73,1.6049542796406344,1.2753389441558753,-0.32714431358904267,42.165023674647614,0.31883473603896884,-0.08178607839726067,10.541255918661903,55.727222497682114,13.931805624420528,,,
16719,0.0883756232177698,0.03271105158132249,0.6512883534937193,97,0.7671402546769902,3.0685783893674032,1.1357931330066795,22.61403421000892,0.7671445973418508,0.2839482832516699,5.65350855250223,26.636643922894454,6.659160980723613,,,
16720,0.051809727658730466,0.11393638979362042,0.8524232748454119,34,0.9408430801788644,1.7989373637664392,3.9560993264140882,29.597840949182395,0.4497343409416098,0.9890248316035221,7.399460237295599,32.66795342997053,8.166988357492633,,,
16724,0.0003658746053763669,0.02596106203729939,2.165727131552958,27,2.745722888903637,0.012703898047878212,0.9014199960591094,75.1983774617818,0.003175974511969553,0.22535499901477735,18.79959436544545,95.33699014851209,23.83424753712802,,,
16780,0.003796342585848785,0.004677478040995275,0.33670872865731943,192,0.42738803304249884,0.13181660726584152,0.16241139253943795,11.691200476439446,0.03295415181646038,0.04060284813485949,2.9228001191098616,14.839767283301645,3.7099418208254114,,,
16784,0.05043595501527762,0.059823023919434164,0.7366316907010296,175,0.9880761550514773,1.7512372300404695,2.077175036530593,25.577325564521153,0.4378093075101174,0.5192937591326483,6.394331391130288,34.307980255697395,8.576995063924349,,,
16789,-0.08204835212671924,-0.0511740105251461,1.4896479430227656,22,1.8043626080802475,-2.8488828825439456,-1.7768639934541228,51.72355587763647,-0.7122207206359864,-0.4442159983635307,12.930888969409118,62.651078477762354,15.662769619440589,,,
16849,0.126430058260033,0.13607550655790204,0.6275210881168077,103,0.7730802219143077,4.389904482904866,4.7248137387034745,21.7887872215918,1.0974761207262165,1.1812034346758686,5.44719680539795,26.842891465308593,6.710722866327148,,,
16868,0.03682608385863701,0.009573729946489957,0.3821264486418761,54,0.47434717908940693,1.2786752837395943,0.3324190512020243,13.268194549743223,0.31966882093489857,0.08310476280050608,3.3170486374358057,16.47028275234239,4.117570688085597,,,
16873,0.14373499837011158,0.003816246965957504,0.6933249095622852,48,0.8073069488510087,4.990766613407015,0.13250772715197645,24.07362750982167,1.2476916533517537,0.03312693178799411,6.018406877455417,28.031311878004725,7.007827969501181,,,
16937,0.16319035548471356,0.16983208898332922,0.755221546693557,138,0.8643915514398739,5.666295523140224,5.896909793679157,26.22280254429369,1.416573880785056,1.4742274484197893,6.555700636073422,30.013403449095303,7.503350862273826,,,
16960,0.0014917367041950057,0.0005377556261737482,0.27627396039849544,25,0.3647442127832836,0.05179608184305899,0.018671950852004883,9.59278445295656,0.012949020460764748,0.004667987713001221,2.39819611323914,12.664648556261174,3.1661621390652934,,,
16964,0.1761814731404758,0.07585200162846845,0.7446805560424832,49,0.8524608303869444,6.117373110383601,2.6337332005436815,25.856798266907102,1.5293432775959002,0.6584333001359204,6.4641995667267755,29.599144952695486,7.3997862381738715,,,
16974,-0.04973915405986102,0.03443435877470494,0.8532545642469549,36,1.0097289150623483,-1.7270429072664943,1.195629805375305,29.62670497978277,-0.4317607268166236,0.29890745134382624,7.406676244945692,35.05980738879486,8.764951847198715,,,
17055,0.012252465406394304,0.0057809998498794864,0.6136156062539084,67,0.8723170511905417,0.425430103840823,0.20072787678751552,21.305961080348208,0.10635752596020576,0.05018196919687888,5.326490270087052,30.28859265143799,7.572148162859498,,,
17056,-0.2211544750612061,-0.033787240705286804,1.2153395820850912,29,2.073448823136226,-7.678925683075199,-1.1731605717689684,42.19902096915854,-1.9197314207687997,-0.2932901429422421,10.549755242289635,71.99429003693604,17.99857250923401,,,
17059,-0.0006144898574666512,-0.0016039811616269618,0.14853259596304144,25,0.20419417579699817,-0.021336316830957065,-0.05569343389401137,5.1573487970287255,-0.005334079207739266,-0.013923358473502843,1.2893371992571814,7.09003017202337,1.7725075430058426,,,
17062,-0.12450384668821322,-0.1649217613059505,1.895656408869701,41,2.3771490872452143,-4.32302256470814,-5.726413396065213,65.82098182877375,-1.080755641177035,-1.4316033490163032,16.45524545719344,82.53937060732834,20.634842651832084,,,
17073,0.032420875396106094,0.11087853387126426,0.7348488115858839,47,0.8376212811240668,1.1257176355035958,3.849924453078038,25.515420435885062,0.28142940887589896,0.9624811132695095,6.3788551089712655,29.083886123189846,7.270971530797461,,,
17090,0.016993919248006428,0.005900508986883324,0.4249040896858948,45,0.6209726004325284,0.5900628641292792,0.2048774730425628,14.75351980207364,0.1475157160323198,0.0512193682606407,3.68837995051841,21.561410632218255,5.390352658054564,,,
17135,-0.004680569647920198,0.018880346421445225,0.553924571154786,34,0.6753139314818704,-0.16251873931508512,0.6555633884454212,19.23336895963648,-0.04062968482877128,0.1638908471113553,4.80834223990912,23.448250328913502,5.862062582228376,,,
17143,0.052795534560365974,0.08623140148820178,1.2208425029031835,34,1.502688031199598,1.8331665510050275,2.9941267224733426,42.39009338580434,0.45829163775125686,0.7485316806183356,10.597523346451085,52.17633381931245,13.044083454828112,,,
17161,-0.03210125982051026,0.17535586892787897,0.6644543486151561,38,0.7323438498734943,-1.1146199434877573,6.088706480913814,23.07118389261545,-0.2786549858719393,1.5221766202284535,5.767795973153863,25.42844315530747,6.357110788826867,,,
17174,0.02228483333231098,-0.0887736279389081,0.5643779494967384,107,0.6758126018224458,0.773773982964502,-3.082397909294767,19.59633116242575,0.1934434957411255,-0.7705994773236917,4.899082790606437,23.465565160478967,5.866391290119742,,,
17183,0.08532855346556545,0.08866876594679038,1.1381908924503785,112,1.3690570165401903,2.9627780334313636,3.078756891204456,39.52026416766204,0.7406945083578409,0.769689222801114,9.88006604191551,47.536397728308486,11.884099432077122,,,
17218,0.07574844096752997,0.05047605999808673,0.5992596306430737,22,0.6608362870797743,2.630137367274576,1.7526297552535675,20.80749289518881,0.657534341818644,0.43815743881339186,5.201873223797202,22.94555755998392,5.73638938999598,,,
17230,-0.030466766359772975,-0.07724191323969383,0.463296485109597,21,0.590602788377956,-1.0578670615440373,-2.681993711508649,16.086580555975427,-0.26446676538600933,-0.6704984278771623,4.021645138993857,20.50691001805939,5.1267275045148475,,,
17238,0.15579864935716614,0.09245493243294595,0.705410017384743,49,0.8692717190110436,5.409640702979523,3.210220163936749,24.493246623633045,1.3524101757448808,0.8025550409841873,6.123311655908261,30.182852627501457,7.545713156875364,,,
17247,0.06513144254404324,-0.07479195482553071,0.9118311604480955,58,1.1338605043855599,2.2614939480142695,-2.596926255452077,31.660601553078774,0.5653734870035674,-0.6492315638630193,7.915150388269693,39.36990443327541,9.842476108318852,,,
17255,0.18347388589680408,0.09196668392834624,0.8296353222960228,83,1.2328632536450306,6.370580266108831,3.1932671993600383,28.806597660762502,1.5926450665272078,0.7983167998400096,7.201649415190626,42.80747789306275,10.701869473265688,,,
17321,-0.03512558279839576,0.023487206667686184,1.5320235981065171,24,1.915125802892098,-1.2196304859258977,0.8155227899153997,53.194923373454486,-0.30490762148147443,0.20388069747884993,13.298730843363622,66.49699812801943,16.624249532004857,,,
17324,-0.005006255311233957,0.0014685500660073525,0.22098812169037654,27,0.3222202168614007,-0.17382719691666548,0.050990995391907296,7.673149561333255,-0.04345679922916637,0.012747748847976824,1.9182873903333137,11.188130369861554,2.7970325924653885,,,
17325,0.19210395654966467,0.15709406898381886,0.6244820507205714,83,0.6876115537017621,6.670233579317457,5.4546202632561585,21.683265765119682,1.6675583948293642,1.3636550658140396,5.4208164412799205,23.875248367632583,5.968812091908146,,,
17337,0.005086728420607756,-0.00827630681379432,0.9554708145816491,32,1.2027452495594437,0.1766213842203425,-0.2873699251885664,33.17585762390402,0.04415534605508562,-0.0718424812971416,8.293964405976006,41.761720555203006,10.440430138800751,,,
17339,0.1015627225833197,0.12303974211574326,0.8885284269605712,41,0.9967339404735186,3.526460853538027,4.272185925742837,30.851484040924955,0.8816152133845068,1.0680464814357093,7.712871010231239,34.608595881121516,8.652148970280379,,,
17344,0.1807476323318974,0.15919305890169957,0.7197521354233019,91,0.845164941086342,6.275919289828141,5.5275013911848125,24.99123364616789,1.5689798224570353,1.3818753477962031,6.247808411541972,29.345817084399968,7.336454271099992,,,
17346,-0.02939907621504719,0.06271087892948111,0.9385680706514089,43,1.175131913949917,-1.0207947243388686,2.1774471381894434,32.58896054915822,-0.25519868108471716,0.5443617845473608,8.147240137289556,40.80293031616902,10.200732579042254,,,
17360,0.04675285067338853,-0.0035737267733805048,1.0024604041225438,59,1.3516050960912978,1.6233524810813966,-0.12408694102531789,34.80743015194297,0.40583812027034916,-0.031021735256329473,8.701857537985742,46.93043214648204,11.73260803662051,,,
17384,0.08695572550737558,0.020091036150029214,0.5971055017262432,76,0.7370855625272129,3.019276701067095,0.6976009572013144,20.73269723093862,0.7548191752667738,0.1744002393003286,5.183174307734655,25.593084902069887,6.398271225517472,,,
17427,0.022080697337078268,0.054997002437977664,0.5639050976010334,87,0.6531008442534239,0.7666859729380316,1.9096059186514605,19.57991279890308,0.1916714932345079,0.4774014796628651,4.89497819972577,22.676967514167384,5.669241878541846,,,
17450,0.17060866549864906,0.14090141469919137,1.1271223979937817,70,1.3681596730323815,5.923874083444093,4.8923789211853235,39.13594390314009,1.4809685208610233,1.2230947302963309,9.783985975785022,47.50524016703035,11.876310041757588,,,
17498,0.1898473425182719,-0.005069672039751451,0.5390786043597227,27,0.6755912811219696,6.591879426919437,-0.1760291525642499,18.71788730057829,1.6479698567298593,-0.04400728814106247,4.679471825144573,23.457880463117032,5.864470115779258,,,
17526,0.11214041871676679,0.15911328583158127,0.6183586786489521,112,0.8105528873448332,3.8937396186835764,5.524731510644165,21.470650040048916,0.9734349046708941,1.3811828776610413,5.367662510012229,28.1440173543873,7.036004338596825,,,
17565,0.07177908911495479,-0.016468407012381118,0.7417503298980174,19,0.8577224981072641,2.4923135322494603,-0.5718160282838972,25.75505495471896,0.6230783830623651,-0.1429540070709743,6.43876373867974,29.781840579280423,7.445460144820106,,,
17574,0.05133829443580851,0.11189038719943716,0.6878721097716184,28,0.7776488142460672,1.782568259400143,3.885058024338857,23.884295395490135,0.44564206485003577,0.9712645060847143,5.971073848872534,27.00152212825195,6.750380532062987,,,
17578,-0.32862737734298947,-0.060760521202800635,1.0781008345829801,27,1.6819526059526546,-11.41059979610328,-2.1097268172036436,37.433817178390235,-2.85264994902582,-0.5274317043009109,9.358454294597559,58.400758383888075,14.600189595972019,,,
17580,0.1939498774129286,0.07713370152587255,1.0682692755660883,24,1.238818473062471,6.734327643531707,2.678236384381347,37.09244578620572,1.6835819108829269,0.6695590960953367,9.27311144655143,43.01425502167512,10.75356375541878,,,
17584,0.07464374379308537,0.09022456960801606,0.688557266565644,25,0.8250857840753486,2.5917800719835102,3.1327775059295337,23.90808540969229,0.6479450179958776,0.7831943764823834,5.977021352423073,28.648628594664256,7.162157148666064,,,
17598,-0.0035982820704468094,-0.06056070291968354,0.697366700693816,75,0.8198446380709585,-0.12493955005005412,-2.102788726777252,24.21396658149068,-0.03123488751251353,-0.525697181694313,6.05349164537267,28.466645523099825,7.116661380774956,,,
17609,0.06664652316284479,0.01251668189075826,0.5367298080418539,124,0.6204983623067235,2.314100577260297,0.43460422861090836,18.63633239482925,0.5785251443150743,0.10865105715272709,4.659083098707312,21.544944136014056,5.386236034003514,,,
17613,-0.024545088520845866,0.026519070404042396,0.5359559593342038,25,0.5829145150519521,-0.8522545636208102,0.92079516256916,18.609462820002225,-0.21306364090520255,0.23019879064229,4.652365705000556,20.239957791633884,5.059989447908471,,,
17614,-0.03605471232384433,-0.12321622427052789,0.9302249053303638,31,1.1199345584491487,-1.2518917213085228,-4.27831373912127,32.2992691628809,-0.3129729303271307,-1.0695784347803174,8.074817290720224,38.88636773847134,9.721591934617836,,,
17617,0.004931373701727243,0.012877583861451136,0.1237565960523221,23,0.16898947530388173,0.17122715767137334,0.4471354668373064,4.297076528128728,0.042806789417843334,0.1117838667093266,1.074269132032182,5.867652561501382,1.4669131403753455,,,
17634,-0.07769501502665577,0.10657647482832289,0.5247521423407236,24,0.641228164036258,-2.6977263117555417,3.7005483589890273,18.22044388635461,-0.6744315779388854,0.9251370897472568,4.555110971588652,22.264724311666953,5.566181077916738,,,
17652,0.007230334019371229,0.0021030322993817727,0.8006400102775556,123,1.2986201322746653,0.25105165782060784,0.07302148749913391,27.799822436857287,0.06276291445515196,0.018255371874783478,6.949955609214322,45.09068823284093,11.272672058210233,,,
17659,-0.006556696276735577,0.0009975121840000156,0.4492472346468442,118,0.5386859393027863,-0.2276616081208127,0.034635618052848545,15.598762481407725,-0.05691540203020318,0.008658904513212136,3.8996906203519313,18.704253184471348,4.676063296117837,,,
17660,0.08291546493451259,-0.15411054721893538,1.6866358044887166,56,2.1751339355422803,2.878990773456146,-5.351026420535875,58.56336840345722,0.7197476933640365,-1.3377566051339687,14.640842100864305,75.52500050989906,18.881250127474765,,,
17674,-0.007490072978642475,0.011515701547373814,0.39395860133006383,111,0.5075839269458252,-0.26007031396442404,0.3998481891279136,13.679030555382477,-0.06501757849110601,0.0999620472819784,3.4197576388456192,17.624329111412944,4.406082277853236,,,
17684,-0.0046392207919879885,-0.007453801210174742,2.079101226025305,117,2.6999239524940877,-0.16108302433940694,-0.2588108856196874,72.19055277005063,-0.040270756084851735,-0.06470272140492185,18.047638192512657,93.74675947849971,23.436689869624928,,,
17693,0.23927741166113786,0.08213522750608114,0.5688240852795654,29,0.603615894087107,8.308190287698029,2.8518993694661496,19.750709889077072,2.077047571924507,0.7129748423665374,4.937677472269268,20.958751074492532,5.239687768623133,,,
17708,0.030978333118414844,0.039229097389276525,0.5709778356466261,21,0.6724847177574775,1.0756296825376002,1.3621127195504596,19.825492409322152,0.26890742063440004,0.3405281798876149,4.956373102330538,23.350014369975135,5.837503592493784,,,
17710,0.09030018935726145,0.16915142012490442,0.9251784217461562,111,1.2208871892693067,3.135403174862832,5.873275609576932,32.124045159870036,0.783850793715708,1.468318902394233,8.031011289967509,42.39164498580887,10.597911246452217,,,
17763,0.39374625668938085,0.2532616236621422,0.6213958404362693,58,0.6541181243529475,13.671657524768682,8.793750096796902,21.576106371628143,3.4179143811921704,2.1984375241992256,5.394026592907036,22.712289513783045,5.678072378445761,,,
17772,-0.0041693735323488626,-0.049534801889749625,1.6478079925153921,102,2.1342927773008937,-0.1447689877902172,-1.7199473912158865,57.21518911611945,-0.0361922469475543,-0.4299868478039716,14.303797279029862,74.10691381344164,18.52672845336041,,,
17789,0.17773798123508266,0.07599589749170928,0.658128709686279,89,0.777589185545734,6.171418184444541,2.6387295527071295,22.85154505772698,1.5428545461111351,0.6596823881767824,5.712886264431745,26.999451700518975,6.749862925129744,,,
17799,-0.023572454203840607,0.09133778808339343,0.4132163419792819,25,0.461643711180522,-0.8184827548657536,3.171430677831587,14.347697826204627,-0.2046206887164384,0.7928576694578967,3.5869244565511567,16.029192939610084,4.007298234902521,,,
17817,-0.014156030621543324,0.00945073208018357,0.5637921002232583,25,0.6966072928132989,-0.4915256952412273,0.3281483192881339,19.575989303951975,-0.12288142381030683,0.08203707982203348,4.893997325987994,24.187598421063367,6.046899605265842,,,
17820,0.38098737940920796,0.21054644517614024,0.9241238083397618,27,1.0979820028970362,13.228643787846519,7.310593669405942,32.087426873173214,3.3071609469616297,1.8276484173514855,8.021856718293304,38.124131104590894,9.531032776147724,,,
17821,0.02726681783938871,-0.0366384278368983,0.6421663443608918,44,0.8255382277605114,0.9467584490192549,-1.272159491352783,22.297299808898888,0.23668961225481372,-0.31803987283819574,5.574324952224722,28.66433834430048,7.16608458607512,,,
17825,0.0013232948309549585,0.0025139575422621495,0.22454325721800364,109,0.35574020663707184,0.04594744312041807,0.08728963378242637,7.796590977123523,0.011486860780104517,0.02182240844560659,1.9491477442808807,12.35201145485241,3.0880028637131023,,,
17832,0.09377710135013473,0.057315482628858945,0.5949034489788696,50,0.6808618583066306,3.256128513079378,1.9901081878392404,20.65623755544431,0.8140321282698445,0.4975270469598101,5.1640593888610775,23.64088544412283,5.9102213610307075,,,
17840,0.0024146011169603235,-0.0034826278164197103,0.4616807179583844,29,0.6436342549460417,0.08383977998309636,-0.12092380304172519,16.030477888951022,0.02095994499577409,-0.030230950760431297,4.007619472237756,22.34826860023646,5.587067150059115,,,
17841,0.05712011943899195,0.06707174863295874,0.47385866233166807,108,0.5992784252618991,1.9833247871606785,2.3288652560335934,16.45332047348018,0.4958311967901696,0.5822163140083984,4.113330118370045,20.80814548194366,5.202036370485915,,,
17847,0.32222828490817884,0.21038726651956854,1.0653396574809448,30,1.1952150870806493,11.188410508581786,7.30506666809246,36.99072358705337,2.7971026271454464,1.826266667023115,9.247680896763342,41.500258253614305,10.375064563403576,,,
17856,-0.008686228390021594,-0.02868837202442805,0.7380952536762229,73,1.1361679859651328,-0.3016032221583298,-0.9961176534321908,25.628143398145813,-0.07540080553958245,-0.2490294133580477,6.407035849536453,39.45002480868134,9.862506202170335,,,
17862,0.049516371141753744,0.15828577124630291,0.8054854755041867,24,0.9024809246343011,1.7193074387839735,5.49599854921413,27.96806668045637,0.4298268596959934,1.3739996373035326,6.992016670114093,31.335942665152203,7.833985666288051,,,
17869,-0.06490010991222717,0.11459213330254825,0.5337722165752277,19,0.6568234069049779,-2.2534616163723515,3.9788680525310807,18.533638903925056,-0.5633654040930879,0.9947170131327702,4.633409725981264,22.806222334554644,5.701555583638661,,,
17870,-0.005541606535856166,-0.0038860772162119103,0.805070969263343,60,1.0955093721973284,-0.1924156621379978,-0.13493237310130995,27.953674194761795,-0.04810391553449945,-0.03373309327532749,6.988418548690449,38.03827642143564,9.50956910535891,,,
17902,0.10642071302975581,0.11152471530365472,0.9908064740603777,77,1.2292268804504738,3.6951399978191812,3.8723611647734995,34.40278239232443,0.9237849994547953,0.9680902911933749,8.600695598081108,42.68121574300135,10.670303935750338,,,
17910,0.032117206337862365,0.03503722968443656,0.6443401427636244,35,0.7114261398259587,1.1151736384632571,1.2165626891030064,22.372778437038566,0.2787934096158143,0.3041406722757516,5.593194609259641,24.70213842703694,6.175534606759235,,,
17925,0.21508039597021633,0.1251978542873801,0.49225093442233075,29,0.5397208717242407,7.468021508877852,4.3471198965664115,17.09193694501217,1.867005377219463,1.0867799741416029,4.272984236253042,18.740188108009086,4.6850470270022715,,,
17937,-0.057373500274606054,0.11329873275641102,0.666678582300532,27,0.7645689787742612,-1.9921226765348714,3.9339585987681036,23.148413734639075,-0.49803066913371785,0.9834896496920259,5.787103433659769,26.5473640809999,6.636841020249975,,,
17948,0.02691611270982046,-0.09046872355685234,1.0089338872941997,38,1.2911925995760103,0.934581265510386,-3.141255019341027,35.032202434629205,0.2336453163775965,-0.7853137548352568,8.758050608657301,44.83278944247823,11.208197360619558,,,
17953,-0.0026176488226073683,0.004148021010292539,0.3275794064122159,94,0.4299961983455157,-0.09089000241857305,0.14402758551937755,11.374212149444961,-0.022722500604643262,0.03600689637984439,2.8435530373612403,14.930327998952997,3.7325819997382492,,,
17957,0.05436178174174157,0.19380672712916397,0.6742382885153606,55,0.8089054349167988,1.887549785636751,6.729357179378831,23.410901853830353,0.4718874464091877,1.6823392948447078,5.852725463457588,28.08681451118109,7.021703627795272,,,
17972,0.09695666141116711,0.06386134309914625,0.5648632313744706,67,0.7246074648317462,3.3665291975185445,2.217393555088556,19.613181119784368,0.8416322993796361,0.554348388772139,4.903295279946092,25.15982039388789,6.289955098471973,,,
17998,0.21131672777384228,-0.025598193047796616,0.527889825048795,21,0.6271380542089822,7.337339421763351,-0.8888204590055941,18.32939050534426,1.8343348554408379,-0.22220511475139854,4.582347626336065,21.77548751824428,5.44387187956107,,,
18000,0.08245984899413884,0.05723178799940767,0.8477185873691082,97,1.0647929482174459,2.8631708767744892,1.9872021429154332,29.434484790630176,0.7157927191936223,0.4968005357288583,7.358621197657544,36.971740748006155,9.242935187001539,,,
18005,0.21312574706854548,0.11341592717909889,0.5943600655788805,22,0.66499977531563,7.400152189714037,3.9380278235126718,20.63737019702989,1.8500380474285092,0.9845069558781679,5.159342549257473,23.090122198509306,5.7725305496273265,,,
18025,0.12671467354121696,-0.0028680958315937077,0.6787982866307403,95,0.9918903218438653,4.399786894698136,-0.09958602346459672,23.569234108392564,1.099946723674534,-0.02489650586614918,5.892308527098141,34.440415755062695,8.610103938765674,,,
18042,-0.06293197876400289,0.0909276589260895,0.571013931530019,33,0.7906148887880569,-2.1851241666437082,3.15719017323168,19.82674573058532,-0.5462810416609271,0.78929754330792,4.95668643264633,27.451730168498912,6.862932542124728,,,
18053,-0.006928299351026605,-0.04237784384403789,1.0501756264437316,21,1.3418911883316835,-0.2405644100663458,-1.4714434939526835,36.46419810137925,-0.06014110251658645,-0.36786087348817087,9.116049525344813,46.59314584125272,11.64828646031318,,,
18072,0.22440826161890232,0.15865521942701538,0.7721283113770246,89,0.9138647691472301,7.791903659931527,5.508826528944828,26.809839227633052,1.9479759149828817,1.377206632236207,6.702459806908263,31.731212514330124,7.932803128582531,,,
18073,0.003563347294447651,-0.004318866822113944,0.47529078838498917,38,0.7352300907540171,0.12372654475781134,-0.14995969379744037,16.503046754303593,0.030931636189452834,-0.03748992344936009,4.125761688575898,25.528659211160985,6.382164802790246,,,
18080,0.15140792569213313,0.10610175032259338,0.6024931908459857,42,0.6637311381352808,5.257185995882247,3.684064974701087,20.919768572554318,1.3142964989705617,0.9210162436752718,5.2299421431385795,23.046072578333224,5.761518144583306,,,
18097,0.07544358078507211,0.10159263108335843,0.5923001283411106,24,0.6895543570572003,2.619552012019274,3.527499336476372,20.56584505626004,0.6548880030048185,0.881874834119093,5.14146126406501,23.94270638574011,5.985676596435027,,,
18124,0.11282447916330383,0.12294188319000175,0.6087042536876857,62,0.6968494551519421,3.917491565508236,4.268788068123241,21.135429096543824,0.979372891377059,1.0671970170308103,5.283857274135956,24.196006781785734,6.049001695446433,,,
18125,0.028422061788657617,0.08242479302374024,0.7178830622605477,83,0.8725047348396079,0.9868708294257698,2.8619536633703087,24.926335687810738,0.24671770735644244,0.7154884158425772,6.2315839219526845,30.295109403100867,7.573777350775217,,,
18135,0.037172376981240964,-0.005868201710894171,0.16762261911679568,19,0.2499190376646812,1.2906992735426488,-0.2037556998056674,5.82019258097338,0.3226748183856622,-0.05093892495141685,1.455048145243345,8.67768882579306,2.169422206448265,,,
18139,0.03734309008269807,0.05259907786270751,0.7702828439477297,19,0.8551777076987875,1.2966267738514425,1.8263451815489302,26.745760907553073,0.32415669346286063,0.45658629538723255,6.686440226888268,29.693480366717303,7.423370091679326,,,
18140,0.20988341976635638,-0.02259461511193338,1.0594667123831731,38,1.5291272723677714,7.287572101127426,-0.7845302259165509,36.78680318736854,1.8218930252818566,-0.19613255647913772,9.196700796842135,53.09435715115376,13.27358928778844,,,
18173,0.01256313616838855,0.0023704068113496028,0.27062108020812436,61,0.3382617034220331,0.43621721403878727,0.08230526530368092,9.396505146986495,0.10905430350969682,0.02057631632592023,2.349126286746624,11.745122866219834,2.9362807165549585,,,
18185,0.0538641878230839,-0.0008399876689268507,0.7096662218935023,85,1.1105858199560386,1.8702723295931192,-0.029166051840478113,24.641030556586188,0.4675680823982798,-0.007291512960119528,6.160257639146547,38.56176084051357,9.640440210128393,,,
18188,0.05130725075379108,0.036982899162667525,0.4677257470031829,84,0.879695193215029,1.7814903606731338,1.2841202247261418,16.240373387444517,0.44537259016828346,0.32103005618153546,4.060093346861129,30.544776498812237,7.636194124703059,,,
18190,-0.05188612313382955,-0.034168588397770074,0.8886974300238026,31,1.257649223551401,-1.8015899674528297,-1.1864017263473725,30.857352165286475,-0.45039749186320743,-0.2966004315868431,7.714338041321619,43.66809634015175,10.917024085037937,,,
18196,-0.010602538248502722,-0.00034612744646673424,0.1313852042388952,28,0.18488048597575707,-0.3681413330645115,-0.012018237196217947,4.561957061582919,-0.09203533326612788,-0.003004559299054487,1.1404892653957297,6.4194202340502375,1.6048550585125594,,,
18217,0.014326952400252098,0.04778527667612567,0.9040558573169531,44,1.1935068034623508,0.49746044124155336,1.6592003767484356,31.39062747775925,0.12436511031038834,0.4148000941871089,7.847656869439812,41.440943229819744,10.360235807454936,,,
18237,0.0006471308588153137,0.001897585890064681,0.5119806347211566,47,0.6312824868775121,0.022469677679785322,0.06588797727482586,17.776991598788,0.0056174194199463305,0.016471994318706464,4.444247899697,21.919390509360976,5.479847627340244,,,
18238,-0.19418211599317203,-0.15806270832967492,1.1768947192501176,24,1.617605825078734,-6.742391431514919,-5.4882533586229725,40.86413844180258,-1.6855978578787298,-1.3720633396557431,10.216034610450645,56.1665094583838,14.04162736459595,,,
18240,0.016212087755366866,0.018256127967351432,1.1217636829505415,32,1.3265628382457344,0.5629161110418484,0.6338892752823765,38.949878599408706,0.1407290277604621,0.15847231882059412,9.737469649852176,46.06091486956839,11.515228717392098,,,
18273,0.018754747197245555,0.09208346272818725,0.5231113788927203,30,0.608168772595763,0.6512023321827602,3.197321992848118,18.163473297913036,0.16280058304569006,0.7993304982120295,4.540868324478259,21.116836122070083,5.279209030517521,,,
18286,0.1296847617804491,0.056020917038514806,0.9518522912525141,75,1.3790640067583564,4.5029142985407535,1.945158281411311,33.0502152568698,1.1257285746351884,0.48628957035282777,8.26255381421745,47.883860442663654,11.970965110665913,,,
18300,0.04947591866003936,0.08626060594283223,0.5256960530126227,72,0.5841754850417352,1.7179028477138867,2.995140759547021,18.253218352704284,0.42947571192847167,0.7487851898867552,4.563304588176071,20.283741191619132,5.070935297904783,,,
18303,0.0966602930876877,0.05679852092193869,0.595302921502205,25,0.653033030134704,3.3562386965906925,1.9721582434515552,20.670108040399562,0.8390596741476731,0.4930395608628888,5.1675270100998905,22.674612872337196,5.668653218084299,,,
18305,0.10308292443261885,-0.04793317206983684,0.6985602907788366,47,0.8853983734493323,3.579245302149392,-1.6643356006088748,24.255410416422766,0.894811325537348,-0.4160839001522187,6.0638526041056915,30.742802322907714,7.6857005807269285,,,
18310,0.011006089326519941,0.04197613460397633,0.6358308627910957,25,0.9029860027641684,0.3821534335954254,1.4574953457192663,22.077319217832425,0.09553835839885635,0.3643738364298166,5.519329804458106,31.353479987977458,7.8383699969943645,,,
18311,0.2257499892617349,0.12415234226067778,0.7222424294877838,55,0.8192872530457658,7.838491127145959,4.310817627975254,25.07770163667483,1.9596227817864897,1.0777044069938135,6.269425409168708,28.44729200025508,7.11182300006377,,,
18331,0.03149553840258011,-0.02064290297263622,0.5937036073730733,63,0.7218761828508722,1.0935880844143866,-0.7167628770158748,20.614576655207852,0.27339702110359665,-0.1791907192539687,5.153644163801963,25.064984820947984,6.266246205236996,,,
18332,0.021783762616985315,0.021500600101705913,0.5828992370344774,20,0.6496688809885964,0.7563758055869642,0.7465438367314328,20.239427308311125,0.18909395139674104,0.1866359591828582,5.059856827077781,22.557802885686048,5.639450721421512,,,
18353,0.24169855577087007,0.25314552824646724,0.6925903530198767,71,0.7829854123423664,8.392257253476151,8.789719031773837,24.04812223755616,2.0980643133690378,2.197429757943459,6.01203055938904,27.18681948735165,6.796704871837912,,,
18363,0.2566301329843234,0.18229587628315702,0.8073866433857756,71,0.9412507254456518,8.910711477481678,6.329677416303778,28.0340790316409,2.2276778693704196,1.5824193540759446,7.008519757910225,32.68210768892392,8.17052692223098,,,
18373,0.030775998767027253,0.010425251812334765,0.43385552299774977,23,0.5148912957956939,1.0686042291887203,0.3619855934278877,15.064331469527868,0.2671510572971801,0.09049639835697193,3.766082867381967,17.878055572618084,4.469513893154521,,,
18395,0.07506907328048225,0.0022585974777170896,0.5613573900918716,67,0.6652116029458173,2.606548362444905,0.07842302162129279,19.491451298769967,0.6516370906112262,0.019605755405323198,4.872862824692492,23.097477277484668,5.774369319371167,,,
18399,0.21495722483682583,0.09494504018059402,0.7568391794144682,40,0.8574479140025778,7.463744760784267,3.2966816851505856,26.278969987629168,1.8659361901960667,0.8241704212876464,6.569742496907292,29.772306469997506,7.4430766174993765,,,
18414,-0.020277475661945328,0.1425056550977561,0.7177916146517399,67,0.8607712966040643,-0.7040745099340657,4.948081356304288,24.923160443937714,-0.17601862748351643,1.237020339076072,6.230790110984429,29.88770096068632,7.47192524017158,,,
18418,0.08835846085692754,-0.340423535455704,2.107961183087863,22,2.4724328425869415,3.067982477874238,-11.820185998092954,73.19262819917678,0.7669956194685595,-2.9550464995232386,18.298157049794195,85.84781316030379,21.461953290075947,,,
18429,0.09534961056177997,0.061482545447569675,0.6312210484311755,65,0.7178933358687701,3.3107291779261243,2.1347969430305143,21.91725724362728,0.8276822944815311,0.5336992357576286,5.47931431090682,24.926692408035436,6.231673102008859,,,
18436,-0.03277883299646974,0.010252883341672807,0.9050743481697054,61,1.087650787738488,-1.1381466393034223,0.35600061538956324,31.425991517148514,-0.2845366598258556,0.08900015384739081,7.8564978792871285,37.76541065185578,9.441352662963945,,,
18456,0.15753856602204744,0.26490094282631194,0.8482326440432497,35,1.1859510774198925,5.470054089417531,9.197890536815203,29.45233386646972,1.3675135223543828,2.2994726342038008,7.36308346661743,41.17859331017351,10.294648327543378,,,
18468,-0.0017115980330654817,0.17173288083592264,0.5855808367730722,54,0.6497675646622851,-0.05943010690409966,5.962909088384906,20.332537814434612,-0.014857526726024915,1.4907272720962266,5.083134453608653,22.561229380203866,5.640307345050966,,,
18473,0.22472097168772434,0.013882075447618776,0.6796899139083432,62,0.8217883272743978,7.802761578941165,0.48201342369221917,23.600193190725495,1.9506903947352912,0.12050335592305479,5.900048297681374,28.53413429962164,7.13353357490541,,,
18474,0.2412632668308485,0.08564304812834625,0.5252499230318081,27,0.5799642367483437,8.377143150900721,2.9736979171124385,18.23772782751044,2.0942857877251804,0.7434244792781096,4.55943195687761,20.137518228375992,5.034379557093998,,,
18509,-0.011231001219090072,0.0048007989344153075,0.7431548057680477,44,1.0873378144996417,-0.3899628243292455,0.16669334060076832,25.803821165878155,-0.09749070608231138,0.04167333515019208,6.450955291469539,37.75454359505656,9.43863589876414,,,
18530,0.13733314172516486,0.09670028766644141,0.5530685214360015,24,0.6416107220278213,4.768481346981175,3.357627388354179,19.203645201300844,1.1921203367452937,0.8394068470885447,4.800911300325211,22.278007490250012,5.569501872562503,,,
18540,0.13263212038986655,0.2151318713760209,0.5398327076762791,23,0.6260357770224518,4.605252484176947,7.469808837918198,18.744071275935763,1.1513131210442367,1.8674522094795496,4.686017818983941,21.737214249773572,5.434303562443393,,,
18542,-0.031437706025650526,9.424191506134188e-06,1.2667744358691415,51,1.7307231850565257,-1.0915800286226376,0.00032722677747599126,43.984941962248335,-0.2728950071556594,8.180669436899782e-05,10.996235490562084,60.09417043153269,15.023542607883172,,,
18565,-0.0360811506258767,0.0014100131892854618,1.0620149519294872,51,1.4202487239795987,-1.2528097120316908,0.04895847795836981,36.875283160895655,-0.3132024280079227,0.012239619489592452,9.218820790223914,49.31387619401963,12.328469048504907,,,
18576,0.08582505020335501,0.08841535490353515,0.652850758845946,51,0.7411706748367335,2.980017393160893,3.0699579529605474,22.66828404864894,0.7450043482902232,0.7674894882401369,5.667071012162235,25.734928171681062,6.433732042920266,,,
18597,0.04212079033399618,-0.14465066907629537,1.004979392088806,20,1.253809473428706,1.4625180819770156,-5.022560531667128,34.89489445210752,0.3656295204942539,-1.255640132916782,8.72372361302688,43.53477253639153,10.883693134097882,,,
18598,-0.007763330121235867,-0.01651223530313272,0.391789246729738,26,0.5458244767769488,-0.2695583484695518,-0.5733378341953743,13.603706224949965,-0.06738958711738795,-0.14333445854884358,3.4009265562374913,18.952117482649218,4.7380293706623045,,,
18618,0.009907017487600674,-0.06105766194641022,0.5996713761800732,26,0.7328560594987629,0.3439914612044706,-2.1200441381032555,20.8217895237245,0.08599786530111765,-0.5300110345258139,5.205447380931125,25.446228097916045,6.361557024479011,,,
18635,0.15550655001750605,0.05498278276573836,0.6551895315793436,19,0.7138945159703439,5.399498429707845,1.9091121831919675,22.74949091549797,1.3498746074269612,0.4772780457979919,5.687372728874492,24.78784538352228,6.19696134588057,,,
18670,0.06927372515612908,0.043100148574869095,0.643617941792246,44,0.7112840215845585,2.4053222848711138,1.4965233588166047,22.347702174910363,0.6013305712177784,0.3741308397041512,5.586925543727591,24.697203797459043,6.174300949364761,,,
18673,0.06055773321280902,0.2120485669374021,0.8198637084018012,26,0.9617757296672679,2.102685612615155,7.362750341200476,28.467307683127345,0.5256714031537888,1.840687585300119,7.116826920781836,33.39477688550688,8.34869422137672,,,
18677,0.1285393687953175,0.03185549958693219,1.0851313923183104,39,1.4924776390327814,4.463143963311015,1.1060866566574596,37.67793220407637,1.1157859908277536,0.2765216641643649,9.419483051019093,51.82180858249624,12.95545214562406,,,
18680,0.029119782114479117,0.01653049424380844,0.7142992145203301,31,0.8775311485301586,1.011097074578944,0.5739718211335166,24.801897326574903,0.252774268644736,0.14349295528337916,6.200474331643726,30.469636539264165,7.617409134816041,,,
18699,-0.01076283532076834,0.04095928334320762,0.5246069813413632,38,0.6973208260401427,-0.37370716800771836,1.422188236242855,18.215403606134814,-0.09342679200192959,0.35554705906071377,4.553850901533703,24.212373721765836,6.053093430441459,,,
18700,-0.039304936007707826,0.10606724602415668,0.9479275138488789,26,1.0988943970524463,-1.364745988059631,3.6828669164507684,32.91393913586077,-0.3411864970149078,0.9207167291126921,8.228484783965193,38.15581125445504,9.53895281361376,,,
18704,0.08404447443846408,-0.08052557143470836,0.5266036312413561,20,0.6240850944231959,2.91819224145235,-2.7960088913559438,18.28473128396237,0.7295480603630875,-0.6990022228389859,4.571182820990592,21.66948264856221,5.417370662140552,,,
18711,0.09352981415863108,0.17557876148127288,0.6721437964887101,36,0.706574932016249,3.2475422072159885,6.096445756152757,23.338176901680995,0.8118855518039971,1.5241114390381894,5.834544225420249,24.5336947894682,6.13342369736705,,,
18717,-0.014342396766750198,0.04595942866041014,0.4021218610947452,40,0.46795155085677015,-0.4979967005351004,1.595803281946761,13.962475260931743,-0.1244991751337751,0.3989508204866902,3.490618815232936,16.248213748848773,4.062053437212193,,,
18720,0.003663780563204,-0.0023731705554784544,0.9042888304904191,40,1.20349071988123,0.1272137887155693,-0.0824012280273229,31.39871677228833,0.03180344717889232,-0.020600307006830725,7.849679193072083,41.78760477571607,10.446901193929017,,,
18753,0.0514778567355888,0.11376979106028752,0.8418965738411583,35,1.0049719445959437,1.7874141415731144,3.9503146851953033,29.2323328369127,0.4468535353932786,0.9875786712988258,7.308083209228175,34.89463586026036,8.72365896506509,,,
18757,0.2460684264564653,0.0016719340970149747,0.9341258699142455,24,1.045368714698441,8.543987903421389,0.058052895716553955,32.43471845516243,2.135996975855347,0.014513223929138489,8.108679613790608,36.29729251175927,9.074323127939817,,,
18759,0.24109124148337963,0.03203051173888356,0.8488842255981405,31,0.9887467329828995,8.371170086785908,1.112163428597515,29.474958081218634,2.092792521696477,0.27804085714937876,7.368739520304659,34.331264062632236,8.582816015658059,,,
18776,0.20975805298001113,0.3520771407808772,0.9036321097944503,34,1.0383118049831175,7.283219115571947,12.224822482193618,31.375914116282903,1.8208047788929866,3.0562056205484045,7.843978529070726,36.052262492623804,9.013065623155951,,,
18783,-0.02908558042808229,-0.0012582303552459706,0.5570630771900708,32,0.7078567506098897,-1.0099095236238733,-0.043688274394850596,19.342344166193637,-0.25247738090596833,-0.010922068598712649,4.835586041548409,24.57820209467659,6.144550523669148,,,
18790,0.15620815858246165,0.17876117831423072,0.4629614321710607,33,0.5301996345226808,5.423859682300233,6.206945633426719,16.07494684784357,1.3559649205750584,1.5517364083566798,4.0187367119608925,18.409591709896524,4.602397927474131,,,
18795,0.2583459070270058,-0.028698878447485754,2.044554533681694,32,2.6158582067117213,8.970286583791696,-0.9964824574536004,70.99102251849578,2.242571645947924,-0.2491206143634001,17.747755629623946,90.82782865344439,22.706957163361096,,,
18815,-0.06435160529519024,0.07023082551645388,0.589903730018203,32,0.6567697671869315,-2.2344164390595957,2.4385547235823117,20.482637313692045,-0.5586041097648989,0.6096386808955779,5.120659328423011,22.804359856264636,5.701089964066159,,,
18818,0.12613116226494014,0.08599760069501526,0.474630099006522,28,0.6040132292123943,4.379526216163252,2.98600869133232,16.480106297704456,1.094881554040813,0.74650217283308,4.120026574426114,20.972547344712755,5.243136836178189,,,
18827,0.03589197704161222,-0.03145595483186791,1.3681789033389034,30,2.029171098866828,1.2462412268388596,-1.0922136636721176,47.50590788173341,0.3115603067097149,-0.2730534159180294,11.876476970433352,70.456878894854,17.6142197237135,,,
18842,0.04007123010819214,0.10373985027597882,0.8600765635937357,25,1.6660174931155758,1.3913532518166476,3.6020550812825367,29.863578441101694,0.3478383129541619,0.9005137703206342,7.465894610275424,57.84745939595903,14.461864848989757,,,
18843,0.06585145531291879,0.04250330552417248,0.6273665824472979,29,0.6995236708888756,2.2864942313751664,1.4757997744103168,21.78342247573508,0.5716235578437916,0.3689499436025792,5.44585561893377,24.288860900603538,6.0722152251508845,,,
18845,-0.07123246346886365,-0.05004515637951055,2.1574498047059025,19,2.7845593020828088,-2.473333596565884,-1.7376679198093654,74.91097211899834,-0.618333399141471,-0.43441697995234135,18.727743029749586,96.68546808691929,24.17136702172982,,,
18872,0.17978830617567432,0.007482465232642342,0.8285475498999376,27,1.367012444331977,6.242609567031764,0.2598061578078074,28.768828027625634,1.560652391757941,0.06495153945195185,7.192207006906409,47.46540609209491,11.866351523023727,,,
18879,0.020833519398742933,0.023856830092287378,0.4831587865497607,24,0.7087105965919087,0.7233814605631521,0.8283568544644023,16.77623938658079,0.18084536514078803,0.20708921361610058,4.194059846645198,24.607849334864255,6.151962333716064,,,
18884,0.3184104446099897,0.09128514670518666,0.8491469324007255,26,0.981210587850983,11.055847457748062,3.169602863897491,29.48407978681799,2.7639618644370154,0.7924007159743728,7.3710199467044974,34.06959403136183,8.517398507840458,,,
18918,0.04178494174250664,0.13860831348818406,0.6246843991589264,23,0.6711119986320344,1.4508567471833156,4.812757860936727,21.69029170759624,0.3627141867958289,1.2031894652341817,5.42257292689906,23.302350816501498,5.8255877041253745,,,
18927,0.21888593305662535,0.14108692047500426,0.7603189901305446,23,0.8707766394664482,7.600157367592145,4.8988200527330985,26.39979597531277,1.9000393418980364,1.2247050131832746,6.599948993828193,30.235106475554016,7.558776618888504,,,
18941,0.07206227154209381,0.08404364056370825,0.48699149355443244,23,0.5544766360969452,2.5021461924845814,2.918163287653078,16.909318639197004,0.6255365481211453,0.7295408219132695,4.227329659799251,19.25253775855813,4.813134439639533,,,
18944,-0.009913858902316199,-0.04051652585366645,0.7622803381984512,22,0.873802591969038,-0.34422900880622304,-1.4068148106910066,26.467897902926623,-0.08605725220155576,-0.35170370267275164,6.616974475731656,30.340173598348937,7.585043399587234,,,
18952,0.3106410263319991,0.10475927779758162,0.8826801920841693,21,1.0731238630788038,10.786077716299673,3.6374516436876294,30.648421629546526,2.696519429074918,0.9093629109219074,7.6621054073866315,37.261006773822224,9.315251693455556,,,
18956,-0.06013343524684193,0.011109271471422658,0.9462102411165193,21,1.4745606618578693,-2.0879531386408456,0.38573612403073754,32.85431199204778,-0.5219882846602114,0.09643403100768438,8.213577998011946,51.19969530102894,12.799923825257235,,,
18961,0.16072826385008712,0.054372536424550255,0.5749357904228085,19,0.6774557796538934,5.580806777402725,1.8879232097332341,19.96292051506076,1.3952016943506813,0.47198080243330853,4.99073012876519,23.522619581142486,5.8806548952856215,,,
18986,0.1994540100434841,0.12091106590413633,0.6969531309928768,19,0.7959024433220523,6.925442136729855,4.198274030323422,24.19960661433467,1.7313605341824638,1.0495685075808554,6.049901653583667,27.6353246370283,6.908831159257075,,,
weighted_mean,0.058631254272810164,0.07600724541913115,0.09599336088400569,219301,0.885083278253816,2.0357944108605146,2.639123575443072,3.3330814766144456,0.5089486027151287,0.659780893860768,0.8332703691536114,30.731861587529004,7.682965396882251,4.2500401251144835e-13,1.352547172161557e-23,0.9796459289519328
