particle,mean_vx_px_per_frame,mean_vy_px_per_frame,mean_speed_px_per_frame,n_steps,rms_residual_speed_px_per_frame,mean_vx_px_per_s,mean_vy_px_per_s,mean_speed_px_per_s,mean_vx_um_per_s,mean_vy_um_per_s,mean_speed_um_per_s,rms_residual_speed_px_per_s,rms_residual_speed_um_per_s,D_m2_per_s,k_B_est_J_per_K,k_B_ratio_to_accepted
0,4.518698550478297e-05,-1.7335808414381588e-06,0.33398955837213534,1227,0.4995834736206815,0.0015689825106970743,-6.019339397641575e-05,11.596785445797284,0.00039224562767426857,-1.5048348494103938e-05,2.899196361449321,17.346537371057305,4.336634342764326,,,
1,-0.004940221923627544,0.007124694594964157,0.2159113084167914,385,0.3649488541080978,-0.17153438563219559,0.24738364572634547,7.496872450847832,-0.042883596408048896,0.06184591143158637,1.874218112711958,12.671754112341372,3.167938528085343,,,
2,0.0008786858005329011,0.0032581156119554657,0.7122498093867723,228,1.0245308001525228,0.03050972836610339,0.11312829027831768,24.73073788152751,0.007627432091525848,0.02828207256957942,6.1826844703818775,35.5737584428959,8.893439610723975,,,
3,0.10593850752737018,0.1537450548114842,0.6905638656978738,69,0.8033097182179222,3.6783968583653475,5.3383357931643545,23.977758544761574,0.9195992145913369,1.3345839482910886,5.9944396361903935,27.892520035962693,6.973130008990673,,,
4,0.11255963785494214,0.022532745313256237,0.6463850581427849,69,0.7790193840560702,3.908295745599301,0.7823819827668831,22.443781988833777,0.9770739363998252,0.19559549569172077,5.610945497208444,27.04911105319487,6.762277763298718,,,
5,-0.0007338024380431084,4.508693509664301e-05,1.408369763593068,1225,1.8114209865809237,-0.02547908825373281,0.0015655085604256386,48.90141493147851,-0.006369772063433202,0.00039137714010640965,12.225353732869628,62.896159496062836,15.724039874015709,,,
6,0.032550422701533424,-0.001446983576443934,1.2196414988435345,31,1.7661817742585622,1.1302157770426435,-0.05024216374128628,42.348392122845205,0.2825539442606609,-0.01256054093532157,10.587098030711301,61.325363565805795,15.331340891451449,,,
7,0.14397955730287856,0.1300080122066292,0.7627268074917267,339,0.8774097444533052,4.99925818867055,4.514138199838579,26.483400209727737,1.2498145471676374,1.1285345499596446,6.620850052431934,30.465421146907666,7.616355286726916,,,
8,-0.017286455217017598,0.005386819428537755,0.35324249104837296,46,0.43796088387904447,-0.6002202980452851,0.18704114419768794,12.265285774181606,-0.15005507451132127,0.046760286049421985,3.0663214435454016,15.206877810048182,3.8017194525120455,,,
9,0.20149173191497208,0.23251878604508747,0.8125608746803664,399,0.9494548888085179,6.99619591555166,8.073517289057527,28.213738690651684,1.749048978887915,2.0183793222643818,7.053434672662921,32.96697264920936,8.24174316230234,,,
10,0.0010285895348249123,0.0003790220564283686,0.16081665455871846,48,0.19415712492333262,0.03571468582819061,0.013160403843305815,5.583875879587823,0.008928671457047652,0.003290100960826454,1.3959689698969557,6.741523691587956,1.685380922896989,,,
11,0.17598053530751637,0.1566137972116397,0.7202061140374479,71,0.8303361107463804,6.110396146947584,5.437944266782554,25.00699669160827,1.527599036736896,1.3594860666956385,6.251749172902067,28.83093043733582,7.207732609333955,,,
12,0.10599489525978575,0.08251223203698015,1.573586455307336,26,1.8859048723721672,3.680354753210281,2.864989720788025,54.63806890118132,0.9200886883025703,0.7162474301970062,13.65951722529533,65.48238897850639,16.370597244626598,,,
13,-0.00012754849015387152,-1.890914606580884e-05,1.2411631035372725,992,1.5675141801490071,-0.004428738675122727,-0.0006565633696970145,43.095665281021176,-0.0011071846687806816,-0.00016414084242425363,10.773916320255294,54.427227363133824,13.606806840783456,,,
14,-0.00033080022943239823,0.0013714462473689503,0.4319233662520911,283,0.5746651575765198,-0.011486045566351731,0.0476193566011447,14.997243123005108,-0.002871511391587933,0.011904839150286175,3.749310780751277,19.953523601371923,4.988380900342981,,,
16,0.00025646135320253654,8.249576867566652e-05,0.4092954885960175,422,0.5898832859040448,0.008904851105898474,0.0028644180799564933,14.21155795503092,0.0022262127764746185,0.0007161045199891233,3.55288948875773,20.481927453160246,5.1204818632900615,,,
18,2.9894980386928377e-05,1.253178986631361e-05,0.40663810960628066,1226,0.5184735708099603,0.0010380135089949271,0.0004351288077381412,14.119288441749278,0.0002595033772487318,0.0001087822019345353,3.5298221104373195,18.002439325663442,4.5006098314158605,,,
21,0.05770155374952327,0.13538222264195027,1.5340778095551675,118,1.867559548226646,2.003513349290947,4.7007415345737975,53.26624970337453,0.5008783373227368,1.1751853836434494,13.316562425843632,64.84540263352561,16.211350658381402,,,
25,-0.00017832897646879165,0.0003339766604262454,0.3519854064176441,1226,0.42249800900612217,-0.006191938720949384,0.011596337603320094,12.221637281633438,-0.001547984680237346,0.0028990844008300234,3.0554093204083594,14.669975868710575,3.6674939671776436,,,
26,0.19316680590364804,-0.08765190754664738,0.5686338130228796,21,0.7899483250099786,6.707137834586468,-3.0434495338346905,19.744103255780427,1.676784458646617,-0.7608623834586726,4.936025813945107,27.42858574099648,6.85714643524912,,,
27,2.7654176440522677e-05,0.0004660766044341272,0.27375465314844427,1227,0.34923852656589044,0.0009602083143678285,0.016183111859161766,9.505309066620283,0.00024005207859195712,0.0040457779647904415,2.3763272666550708,12.126260119420849,3.031565029855212,,,
29,0.0002022074464077523,0.0005230884758076604,0.3829231573460594,1037,0.501500317802077,0.007021046954169975,0.018162678056993585,13.295857869369875,0.0017552617385424938,0.004540669514248396,3.323964467342469,17.41309403472372,4.35327350868093,,,
30,4.5430239138109675e-05,-7.153733261493687e-05,0.2082315252906371,1223,0.24852070761483566,0.0015774287633534441,-0.002483919263055838,7.230215021141501,0.00039435719083836103,-0.0006209798157639595,1.8075537552853753,8.629136009802323,2.157284002450581,,,
31,0.17882237120539232,0.2788322759306769,0.7783473854669922,284,0.8928133189981318,6.209070372993632,9.681614284864963,27.025777918184904,1.552267593248408,2.420403571216241,6.756444479546226,31.000264062253134,7.7500660155632835,,,
33,0.028961632302846076,0.04109154808359763,0.5685408869774915,165,0.6564129462695065,1.0056057968194214,1.4267807325586768,19.74087667763246,0.25140144920485535,0.3566951831396692,4.935219169408115,22.791970320369806,5.697992580092452,,,
35,0.100169225942756,0.16319111347711765,0.7365687554666549,133,0.8459406212435802,3.478075863184374,5.666321842152479,25.575140327313193,0.8695189657960934,1.4165804605381198,6.393785081828298,29.372750250819593,7.343187562704898,,,
37,0.03547075617449201,0.005885008168108361,0.664062888018412,137,0.769463841832091,1.2316155958907116,0.20433925361305852,23.0575915977753,0.3079038989726779,0.05108481340326463,5.764397899443825,26.717323516093867,6.679330879023467,,,
38,-5.668429383604605e-05,0.0006284192143399535,0.5808549469265948,1227,0.7528242743178242,-0.0019681920505751913,0.021819971960311865,20.168445467185226,-0.0004920480126437978,0.005454992990077966,5.0421113667963064,26.139564452863493,6.534891113215873,,,
39,0.0799764081873294,0.25124220069823455,0.6525932525028342,52,0.7205616837359956,2.7769408450804516,8.723631692644101,22.65934291340341,0.6942352112701129,2.1809079231610253,5.664835728350853,25.01934278268124,6.25483569567031,,,
40,-0.0007542422442534442,0.0009062974734148257,0.1891404917473454,225,0.25608951181170936,-0.02618879920496809,0.031468460871909576,6.567336154451327,-0.0065471998012420225,0.007867115217977394,1.6418340386128318,8.891940029126173,2.2229850072815434,,,
41,0.09804884940494402,0.15087934083170235,0.6527630194452948,653,0.7463114481879622,3.404452149038466,5.238832472358369,22.665237561179527,0.8511130372596165,1.3097081180895922,5.666309390294882,25.913426103982427,6.478356525995607,,,
42,0.023367467172192846,-0.008578955236663629,2.8052809428110534,29,3.33229403682879,0.8113651951528801,-0.29787848372743453,97.4049648962854,0.20284129878822002,-0.07446962093185863,24.35124122407135,115.70391354676924,28.92597838669231,,,
43,-0.002973258235041006,-0.009751620493362003,1.897464636147227,195,2.437960923414186,-0.10323747243709382,-0.3385957667705155,65.88376709630401,-0.025809368109273454,-0.08464894169262888,16.470941774076003,84.65087918278736,21.16271979569684,,,
44,-0.0016297023147329216,-0.000988252593675569,0.38907934347655493,394,0.47580065550847944,-0.056586523772156505,-0.034314106557603107,13.509612964192941,-0.014146630943039126,-0.008578526639400777,3.3774032410482353,16.520750360565422,4.130187590141356,,,
45,0.04735714936551479,0.0011498316606616214,1.0936948018500037,42,1.3251372157278156,1.6443349402694047,0.03992445492149282,37.97527090983583,0.4110837350673512,0.009981113730373204,9.493817727458957,46.01141440450122,11.502853601125304,,,
48,0.3519769400832585,0.32896493529860377,0.7659418923907889,19,1.073224390838016,12.221343313570904,11.42232048343812,26.595034387592975,3.055335828392726,2.85558012085953,6.648758596898244,37.26449729867759,9.316124324669397,,,
50,0.005089410389051737,0.0020180483810056803,0.4385790408085288,334,0.5231999773582303,0.17671450752865442,0.07007067588527924,15.228341454953737,0.044178626882163605,0.01751766897131981,3.8070853637384343,18.166549613832473,4.541637403458118,,,
51,0.004247462894503197,-0.0044150468718977195,0.3646047746452849,89,0.4476038716770219,0.14748040662294,-0.15329925748603263,12.659806985233583,0.036870101655735,-0.038324814371508156,3.164951746308396,15.541701632369556,3.885425408092389,,,
53,-0.00023673812572002452,-0.00028847894396795664,1.6872277876214279,315,2.137953891828509,-0.00822002120125069,-0.01001656589245539,58.58392324179122,-0.0020550053003126727,-0.0025041414731138477,14.645980810447805,74.23403503206949,18.55850875801737,,,
56,0.11816780930337245,0.12567683304037336,0.6343225853217512,43,0.7259395704987308,4.103022674631698,4.363750996827844,22.024948807541847,1.0257556686579246,1.090937749206961,5.506237201885462,25.20607376685693,6.301518441714233,,,
58,0.08214642353827845,0.15681197535723154,0.680346632765235,769,0.7674056708274369,2.852288118096104,5.444825408353794,23.62299578287449,0.713072029524026,1.3612063520884485,5.9057489457186225,26.645859702470265,6.661464925617566,,,
59,-0.04573933813689531,0.011538867542051483,0.6038739243021559,28,0.7820860073302046,-1.588161298789279,0.40065255879511164,20.96771039961946,-0.39704032469731976,0.10016313969877791,5.241927599904865,27.155590346519364,6.788897586629841,,,
69,0.060904504653604856,0.23255885715873983,0.6635526572886117,60,0.7488035371728375,2.114726210582468,8.074908638265764,23.039875366375174,0.528681552645617,2.018727159566441,5.7599688415937935,25.999956417715268,6.499989104428817,,,
70,0.21790671325395902,0.1783749505113844,0.8955007778227693,105,1.0124843310386948,7.566156897603966,6.19353503165629,31.093578007562197,1.8915392244009914,1.5483837579140725,7.773394501890549,35.15548094232556,8.78887023558139,,,
71,6.18147360164544e-05,-1.1388401995355777e-05,0.2736280971853444,1226,0.36595515226262926,0.0021463312639633295,-0.0003954280940827433,9.50091479046953,0.0005365828159908324,-9.885702352068583e-05,2.3752286976173824,12.706694796863014,3.1766736992157534,,,
72,0.061135951276744226,0.24946593954251944,0.7019378236488478,55,0.8469544515417483,2.1227625002311132,8.661956352795361,24.372685112735294,0.5306906250577783,2.1654890881988402,6.093171278183823,29.407952466432587,7.351988116608147,,,
73,0.027793817713583586,0.08386071402009365,0.7854894658706315,19,0.9008672765775397,0.9650569386510494,2.911811712205692,27.27376523396007,0.24126423466276234,0.727952928051423,6.8184413084900175,31.279913577325335,7.819978394331334,,,
74,0.13893243453929005,0.22905207970022393,0.547065278550387,27,0.6364027315227649,4.824011992073229,7.953146311351175,18.99520060182654,1.2060029980183073,1.9882865778377938,4.748800150456635,22.097175643933443,5.524293910983361,,,
75,0.009637565407263288,0.0066349824291788324,0.7818323348544459,387,0.9669150857927993,0.3346355460709959,0.23037985990594742,27.146782330816073,0.08365888651774897,0.057594964976486855,6.786695582704018,33.57322560889758,8.393306402224395,,,
76,-0.0014134383398451105,0.0025191325802108736,0.6832512158993841,67,0.8300062328048442,-0.04907740603610193,0.08746932145008196,23.723848718458417,-0.012269351509025483,0.02186733036252049,5.930962179614604,28.819476415449802,7.204869103862451,,,
78,0.0007663385634953284,-0.001286185895091974,0.5815103482339276,1181,0.7693177450032166,0.026608807601684794,-0.044658946649383524,20.191202311378433,0.0066522019004211985,-0.011164736662345881,5.047800577844608,26.712250742001686,6.6780626855004215,,,
80,-0.0036533958167069614,0.0006271213273407739,0.5566418520391319,20,0.7229909051919476,-0.12685320954769913,0.02177490672792635,19.327718386502738,-0.03171330238692478,0.005443726681981588,4.8319295966256846,25.103690210074806,6.2759225525187015,,,
82,0.03982487799151117,-0.009545014653015119,1.6226751304418745,133,2.0723423769823257,1.382799413621251,-0.33142199878199097,56.34252587920277,0.34569985340531273,-0.08285549969549774,14.085631469800692,71.95587201358032,17.98896800339508,,,
86,0.1136612396320585,0.19552155587656062,0.7699598261245381,192,0.8864070836452989,3.9465455625043355,6.788899463145938,26.73454508269621,0.9866363906260839,1.6972248657864846,6.683636270674053,30.77782675833207,7.694456689583017,,,
87,0.18057622464454248,0.27220936870606754,0.8189245299035953,575,0.9340735416461491,6.269967672107804,9.451653700212077,28.434697527312636,1.567491918026951,2.3629134250530193,7.108674381828159,32.43290151303759,8.108225378259398,,,
88,0.0010328620274007037,0.0008156462577425533,0.4142360767185676,667,0.4986963886930116,0.035863035315407236,0.028320869361336935,14.383105055822105,0.008965758828851809,0.007080217340334234,3.595776263955526,17.315736008198748,4.328934002049687,,,
89,0.0018063166739570582,-0.0019546126089105735,1.0371480612761421,694,1.362161118255041,0.06271892755313697,-0.06786805900659294,36.01185498363021,0.015679731888284244,-0.016967014751648236,9.002963745907552,47.29695834805154,11.824239587012885,,,
90,0.03992575246044643,0.10613028302868063,0.7538531148926193,264,0.8930840711388867,1.3863019769316212,3.685055687321849,26.17528785530153,0.3465754942329053,0.9212639218304622,6.5438219638253825,31.009665118084424,7.752416279521106,,,
91,0.09714559911579954,0.23757509146664688,0.5827581742019812,20,0.5961527542345534,3.3730894924987918,8.249082325904913,20.23452932464119,0.8432723731246979,2.0622705814762283,5.058632331160298,20.699615932532165,5.174903983133041,,,
92,0.12487546263514429,0.24355600006977612,0.786340228472253,675,0.9744455756045881,4.3359258136174805,8.456751434422767,27.30330541301357,1.0839814534043701,2.1141878586056917,6.825826353253393,33.83469927614251,8.458674819035627,,,
93,0.0006948514022478805,0.0007555973879844133,0.28023071086401513,1227,0.5258908884733615,0.02412663038885091,0.0262358525055948,9.730170742620334,0.006031657597212727,0.0065589631263987,2.4325426856550836,18.25998342957206,4.564995857393015,,,
94,-0.0006446201598453769,-0.000879951435546734,0.5303957159342766,1227,0.7861780080172299,-0.02238250119015118,-0.0305536737450537,18.416400048669953,-0.005595625297537795,-0.007638418436263425,4.604100012167488,27.297672794374257,6.824418198593564,,,
95,0.0288206084646281,0.010173346100634348,0.3541811151034868,246,0.5182899614048362,1.0007091671088169,0.35323892330622586,12.29787667862327,0.2501772917772042,0.08830973082655647,3.0744691696558175,17.996064039898723,4.499016009974681,,,
96,0.05441539916297258,0.10639708631636798,0.5819771368517893,174,0.6716762475443446,1.889411489736734,3.694319631076929,20.20741014576783,0.4723528724341835,0.9235799077692323,5.051852536441958,23.321942667234737,5.830485666808684,,,
97,0.060948887823090214,0.09717848029506623,0.6117128371328072,205,0.7095961525976803,2.1162672829933387,3.37423119280529,21.23989313092533,0.5290668207483347,0.8435577982013225,5.309973282731333,24.638597610496657,6.159649402624164,,,
98,-0.03818210361368983,-0.005231552516891368,0.6235766803003349,35,0.9218921899201715,-1.3257590016745384,-0.18164996649150209,21.651829493388227,-0.3314397504186346,-0.04541249162287552,5.412957373347057,32.009940618408194,8.002485154602049,,,
99,-0.009323892999391778,-0.0006358811524242055,0.329204440966943,89,0.4590080794651745,-0.32374421272488135,-0.022079065374473263,11.430636599254196,-0.08093605318122034,-0.005519766343618316,2.857659149813549,15.937678535189791,3.984419633797448,,,
100,0.02200035212450189,0.08361254804820532,0.3492233294107504,20,0.3678354408393368,0.7638962264669547,2.9031948933297853,12.125732443800077,0.19097405661673866,0.7257987233324463,3.031433110950019,12.771982176823451,3.192995544205863,,,
103,0.013109052052227751,0.07832502264827923,0.46792679230283857,24,0.5266791170664857,0.455172505357452,2.7196014363935515,16.24735408233916,0.113793126339363,0.6799003590983879,4.06183852058479,18.28735230278252,4.57183807569563,,,
104,-4.4327942283470744e-05,4.248012664965494e-05,0.7481625116726295,1227,1.2878972669904485,-0.0015391548119666712,0.001474994957529319,25.977698730297043,-0.0003847887029916678,0.00036874873938232974,6.494424682574261,44.71836890444236,11.17959222611059,,,
105,-0.0063632915444960195,-0.02642213463267988,0.3070328667561143,137,0.5300598694755634,-0.2209462090079908,-0.9174293587159108,10.6607951995058,-0.0552365522519977,-0.2293573396789777,2.66519879987645,18.404738787930512,4.601184696982628,,,
106,-0.006825562892450491,0.015466203967847389,0.9776451689302047,121,1.360744718599137,-0.23699719475166597,0.537017534171597,33.94579555559457,-0.05924929868791649,0.13425438354289926,8.486448888898643,47.24777811919924,11.81194452979981,,,
107,-0.0569314058019788,0.11157948807446812,1.011585378300905,72,1.3345496446545988,-1.976772272256308,3.8742629849216823,35.124267505364024,-0.494193068064077,0.9685657462304206,8.781066876341006,46.33823276169698,11.584558190424245,,,
109,-3.5516747086701784e-05,-7.701554618286117e-05,0.4825645422273159,1227,0.6237464285361493,-0.0012332124923444595,-0.0026741337945613056,16.75560603521686,-0.0003083031230861149,-0.0006685334486403264,4.188901508804215,21.657723491632176,5.414430872908044,,,
110,0.13619899384967726,0.23353557773510053,1.0147889656829014,377,1.2513229783604891,4.729101464448494,8.10882233011816,35.23550246644171,1.1822753661121235,2.02720558252954,8.808875616610427,43.448436454632905,10.862109113658226,,,
111,0.12697118849590613,0.21388168146846326,0.7456380498526128,1225,0.8471769929827623,4.408693606954853,7.426399743947981,25.890044366982423,1.1021734017387133,1.8565999359869954,6.472511091745606,29.415679550347473,7.353919887586868,,,
112,-0.004560569858354787,0.018707134131685167,0.11725179441501364,60,0.1765688878824622,-0.1583521066217949,0.6495491113203724,4.0712168056781035,-0.03958802665544873,0.1623872778300931,1.0178042014195259,6.130824925054853,1.5327062312637132,,,
113,-7.486901169134389e-05,0.00011452879732333951,0.10977421330494123,398,0.2510121475774209,-0.0025996018239468426,0.003976668900660995,3.8115802343741696,-0.0006499004559867107,0.0009941672251652487,0.9528950585935424,8.71564378818321,2.1789109470458023,,,
114,0.030819909139097747,0.05669199202217144,0.5051247131523718,1215,0.585934618529485,1.070128885127752,1.968459346993837,17.538940290076656,0.267532221281938,0.49211483674845924,4.384735072519164,20.34482182458078,5.086205456145195,,,
115,0.13766761176570957,0.06835631682615204,0.5801951634010393,76,0.7074037900759673,4.780094815728968,2.373468032837651,20.145536463610885,1.195023703932242,0.5933670082094128,5.036384115902721,24.562474399017738,6.1406185997544345,,,
116,-5.180694966399191e-05,-0.0006228936832179173,0.30944897215491635,1227,0.39413898189229624,-0.001798840906233127,-0.021628114468692523,10.744687211163006,-0.00044971022655828177,-0.005407028617173131,2.6861718027907515,13.68529372926431,3.4213234323160777,,,
117,0.13865077880403257,0.22778001086904007,0.9447691598170607,187,1.2049283265841682,4.814232341633619,7.90897753739481,32.80427476716798,1.2035580854084047,1.9772443843487024,8.201068691791995,41.83752135565549,10.459380338913872,,,
118,-7.227013399256048e-05,-0.000491729375429133,0.326294129895951,1227,0.41412273271870614,-0.002509363592489685,-0.017073827373650357,11.329584778247211,-0.0006273408981224213,-0.004268456843412589,2.832396194561803,14.379169525458915,3.5947923813647287,,,
119,0.000134340298602118,-1.344325790776561e-05,0.22427686755409856,1227,0.32434150476904755,0.004664563848062742,-0.00046677680107343753,7.787341395213411,0.0011661409620156854,-0.00011669420026835938,1.9468353488033527,11.26178572859087,2.8154464321477173,,,
120,0.1035931262654946,0.2560025671711327,0.7074612361933391,282,0.8298088165060155,3.5969605301905037,8.88892113731607,24.56446904310512,0.8992401325476259,2.2222302843290174,6.14111726077628,28.81262172672187,7.203155431680467,,,
121,-0.015332926132809158,0.03147277703810771,0.5043301338563385,216,0.713313667913534,-0.5323898611833996,1.092797764317176,17.511350907759788,-0.1330974652958499,0.273199441079294,4.377837726939947,24.767677177293727,6.191919294323432,,,
123,0.007731668350989196,0.00164030423810253,0.23132080237350322,80,0.3566307066978787,0.2684589884830469,0.05695464375539605,8.031920900012778,0.06711474712076172,0.014238660938849013,2.0079802250031946,12.382931397963745,3.095732849490936,,,
124,0.0009328490827330088,3.098717457638425e-05,0.31159859828241804,1227,0.3879384840282285,0.03239038585065553,0.001075936675641214,10.819326529562119,0.008097596462663883,0.0002689841689103035,2.7048316323905297,13.47000004242815,3.3675000106070376,,,
125,0.00011958543923152671,2.2609641460083208e-05,0.11713855148234288,1227,0.21730960978336186,0.00415224562099707,0.0007850519707770092,4.067284784569909,0.0010380614052492676,0.0001962629926942523,1.0168211961424773,7.5454242708978905,1.8863560677244726,,,
126,-0.09111039182624589,0.19307984635501835,1.3982658765047546,46,1.8102941448289653,-3.1635350249909098,6.704118425138947,48.550587763998095,-0.7908837562477274,1.6760296062847369,12.137646940999524,62.85703329675134,15.714258324187835,,,
127,0.04350884254695295,0.04551760960013841,0.5066395228106161,78,0.5732133860509091,1.5107140309153002,1.580462440536006,17.59153751103021,0.37767850772882505,0.3951156101340015,4.397884377757553,19.903115190459665,4.975778797614916,,,
128,1.1990966856164026e-05,-4.608905283651208e-05,0.09590674498632923,1227,0.13552825133646054,0.00041635035117972734,-0.0016003040925893725,3.3300739994153234,0.00010408758779493184,-0.0004000760231473431,0.8325184998538309,4.7058119429045835,1.1764529857261459,,,
129,-0.0003286990171396304,0.00011882747617878812,0.09288926216742945,456,0.1744913300257725,-0.011413087273122246,0.0041259276278798815,3.2253009609774854,-0.0028532718182805615,0.0010314819069699704,0.8063252402443714,6.058687961154873,1.5146719902887182,,,
132,0.13546673382587526,0.22026527423647002,0.7665136131523941,691,0.8904713754414005,4.703675931902041,7.648050852038712,26.614885675877428,1.1759189829755103,1.912012713009678,6.653721418969357,30.91894709807631,7.729736774519077,,,
133,-0.06054258464083126,-0.003983388501701623,1.3752231018894925,98,1.791514958000888,-2.102159623898943,-0.13831121555608375,47.75049654380696,-0.5255399059747358,-0.03457780388902094,11.93762413595174,62.20498237170683,15.551245592926708,,,
134,0.1020676558256916,0.18743425365887761,0.7774815942142173,395,0.9419803417985398,3.5439931455796643,6.508092155543549,26.995715914306054,0.8859982863949161,1.6270230388858873,6.748928978576513,32.7074414279289,8.176860356982225,,,
136,0.008898554706268607,0.01173288822757389,0.398404111286928,22,0.5172305012265066,0.3089756165110586,0.40738934503782065,13.833387552104714,0.07724390412776465,0.10184733625945516,3.4583468880261785,17.959277463586762,4.4898193658966905,,,
137,0.06687167921966326,0.09985533057605425,0.9278619375368895,102,1.1290561849734708,2.321918445865148,3.4671767882617557,32.21722219515588,0.580479611466287,0.8667941970654389,8.05430554878897,39.203088854648854,9.800772213662214,,,
138,-0.0026834584454886127,0.0012003530224555406,0.3528002619511512,1206,0.4241461735120833,-0.09317504414425562,0.041678657645701285,12.249930695467873,-0.023293761036063905,0.010419664411425321,3.062482673866968,14.727203436686557,3.681800859171639,,,
140,0.08720222874285671,0.17945818432988123,0.5712564964853877,54,0.6492254064715743,3.027835786409471,6.231147076302136,19.835168070965633,0.7569589466023677,1.557786769075534,4.958792017741408,22.542404563506004,5.635601140876501,,,
141,0.0863879564425055,0.23628237624804066,0.8341636776656592,67,1.14856577536162,2.999562623596676,8.204196668084467,28.96383121590702,0.749890655899169,2.051049167021117,7.240957803976755,39.880500852106174,9.970125213026543,,,
143,0.14908477936017914,0.18963049745991248,0.7831847851502416,328,0.8973093349559985,5.17652170894414,6.584350132803081,27.19374210998669,1.294130427236035,1.6460875332007703,6.798435527496673,31.156374728342183,7.789093682085546,,,
145,0.00048506595850856523,0.0006132494213393263,0.1101811281273789,345,0.1466977151409737,0.0168424602113344,0.02129324640774409,3.8257091308388502,0.0042106150528336,0.005323311601936023,0.9564272827097126,5.09363806512489,1.2734095162812225,,,
147,-0.00010647175923495842,9.416392936450484e-05,0.23530015228597856,802,0.3295843135017706,-0.0036969124241562263,0.003269559955394337,8.170091887673747,-0.0009242281060390566,0.0008173899888485843,2.042522971918437,11.443826533408478,2.8609566333521195,,,
148,-0.01217651255805121,0.06261233414902836,0.5886202105696839,257,0.6954504386058539,-0.4227928690406541,2.174025466322563,20.438070951400565,-0.10569821726016353,0.5435063665806408,5.109517737850141,24.147430129272458,6.036857532318114,,,
150,9.918898644126325e-05,7.549397402473622e-05,0.3439698962140543,1227,0.4335893083953515,0.003444039987213543,0.0026213017660868913,11.943322736344395,0.0008610099968033857,0.0006553254415217228,2.985830684086099,15.055087966103395,3.7637719915258487,,,
151,0.1439323861426407,0.13535986750103243,0.8009357446124336,102,0.9555566447673428,4.997620311644771,4.699965319370849,27.81009092443292,1.2494050779111927,1.1749913298427122,6.95252273110823,33.17883781961168,8.29470945490292,,,
152,0.1853830801017984,0.08313106475872499,0.6768563489726748,26,0.7828561691763519,6.436871307294645,2.886476830552449,23.501806149029214,1.6092178268236612,0.7216192076381123,5.8754515372573035,27.182331906141293,6.795582976535323,,,
153,-0.005923323513426309,0.030186779498403805,0.7944141421686937,296,1.1836241652565118,-0.2056696390331883,1.0481453577435769,27.58364784438138,-0.051417409758297075,0.2620363394358942,6.895911961095345,41.097798266036605,10.274449566509151,,,
154,0.09321777134633386,0.030725322393332925,0.593809446267905,69,0.6689301171275012,3.2367074566874043,1.0668446441413058,20.6182515933142,0.8091768641718511,0.26671116103532644,5.15456289832855,23.226591526901096,5.806647881725274,,,
156,0.18265663347087047,0.1820740685014139,0.8535503989883,86,1.0865368059304805,6.342203627375564,6.321975806506093,29.636976953671752,1.585550906843891,1.5804939516265233,7.409244238417938,37.726730975518144,9.431682743879536,,,
157,0.10624368606753375,0.20232759359184085,0.70299847737085,55,0.8348673960540051,3.688993267636907,7.025218704695899,24.409513131270653,0.9222483169092267,1.7563046761739747,6.102378282817663,28.988265725787166,7.247066431446791,,,
158,0.00461058003962351,0.0014684882900685506,0.9343770446785898,448,1.1757236160505362,0.16008856013580752,0.05098885040776022,32.44343974533,0.04002214003395188,0.012747212601940054,8.1108599363325,40.82347539650672,10.20586884912668,,,
159,-0.0002709685407589844,-0.0004311063012761363,1.0361899148986404,1227,1.3426712759153994,-0.009408569672233457,-0.014968872992910005,35.9785862251106,-0.002352142418058364,-0.0037422182482275013,8.99464655627765,46.6202320423345,11.655058010583625,,,
160,0.0013692475432913085,-0.0012166898373707495,0.5096170594415932,795,0.8035110779458181,0.047543013198160816,-0.04224590453318717,17.694923537931,0.011885753299540204,-0.010561476133296792,4.42373088448275,27.899511648434697,6.974877912108674,,,
161,0.00035660575749851646,-0.00025755522231768945,0.5835927393918416,1227,0.7810795997842609,0.012382065111863488,-0.008942832429314814,20.263507097163526,0.003095516277965872,-0.0022357081073287035,5.0658767742908815,27.120645863709107,6.780161465927277,,,
162,0.016656889353802037,0.07259257595578918,0.529426582562998,308,0.6067018270576381,0.5783605121427143,2.5205594223369117,18.382749799752418,0.14459012803567858,0.6301398555842279,4.595687449938104,21.06590083909531,5.266475209773827,,,
163,-0.024925751277133732,0.02293591682796598,0.8805811100368578,363,1.1911458996409408,-0.8654719358446374,0.7963809041006348,30.57553730269978,-0.21636798396115936,0.1990952260251587,7.643884325674945,41.35896792733275,10.339741981833187,,,
164,-0.005812496046083853,-0.0026318840574763597,0.8213289869583518,172,1.205280353635739,-0.20182148771212355,-0.09138427824369416,28.51818508516789,-0.05045537192803089,-0.02284606956092354,7.129546271291972,41.849744438940135,10.462436109735034,,,
165,0.10676334228600612,0.171332520540002,0.6991521242352232,363,0.8034347339435373,3.7070367708547045,5.94900777818995,24.27596005769542,0.9267591927136761,1.4872519445474874,6.068990014423855,27.896860831987503,6.974215207996876,,,
166,-0.014433945758133117,-0.02870202737605146,2.7317587124045315,23,3.139608489784764,-0.5011754646138981,-0.9965917945512588,94.85212601211015,-0.12529386615347451,-0.2491479486378147,23.713031503027537,109.01348598230658,27.253371495576644,,,
167,0.12355711617519156,0.15789692499601596,0.7415216063885756,354,0.8720238542516524,4.2901501878350015,5.482497029711666,25.747113217024122,1.0725375469587504,1.3706242574279166,6.4367783042560305,30.278412267325876,7.569603066831469,,,
168,0.032640179005487095,0.07487632966409671,0.6827358612110331,121,0.8062392577596015,1.133332295428523,2.599855918596766,23.705954572969492,0.28333307385713075,0.6499639796491915,5.926488643242373,27.994239507928885,6.998559876982221,,,
169,-0.0015981458275701318,-0.00247623129312583,1.1140469497803247,43,1.9347739139545812,-0.05549081942489012,-0.08597970295991508,38.68193819027243,-0.01387270485622253,-0.02149492573997877,9.670484547568108,67.17921984033097,16.794804960082743,,,
170,0.11123764952801367,0.2431223433817854,1.1262481091578962,100,1.3940526661947816,3.8623936669116907,8.441694006902352,39.10558684618047,0.9655984167279227,2.110423501725588,9.776396711545118,48.40429667561521,12.101074168903802,,,
171,0.013558912826609188,0.0302286928295504,0.5085955000184839,176,0.7185306518931519,0.47079257116552425,1.049600672427649,17.659452951641796,0.11769814279138106,0.26240016810691225,4.414863237910449,24.948821295034023,6.237205323758506,,,
172,0.07600941831330488,0.3435562458949022,0.6206754566195151,20,0.7676193024824534,2.639199022674572,11.928959969962794,21.551093204742802,0.659799755668643,2.9822399924906984,5.3877733011857005,26.653277420795746,6.6633193551989365,,,
173,0.04681919351208187,0.09860180294515096,0.605226257225496,68,0.6992028778051843,1.6256560371265067,3.423651801861532,21.01466610338367,0.4064140092816267,0.855912950465383,5.253666525845918,24.27772232315161,6.069430580787903,,,
178,0.0017459985073139009,0.08637758081483428,0.7201450772119085,49,0.8693313805527684,0.060624560170953266,2.999202361052676,25.004877370951885,0.015156140042738317,0.749800590263169,6.251219342737971,30.184924195553226,7.546231048888306,,,
187,0.06926831681462271,0.04736474017156033,2.231469878132113,37,2.800226799015483,2.40513449643733,1.6445985082369179,77.48109710850323,0.6012836241093324,0.41114962705922947,19.37027427712581,97.22947491541561,24.307368728853902,,,
191,0.215148355533808,0.08724159151034366,0.7209119818967042,44,0.9426429286370032,7.470381200844882,3.029202540422153,25.031505835417367,1.8675953002112204,0.7573006351055382,6.257876458854342,32.73044776813403,8.182611942033507,,,
227,0.01407929996383429,0.009370699471125527,0.5298244775994486,57,0.691767462097591,0.48886145334425424,0.3253694270364206,18.396565511208056,0.12221536333606356,0.08134235675910514,4.599141377802014,24.019549818952555,6.004887454738139,,,
232,-0.0008950879792579262,-0.00012452058921179479,1.0668457868191283,31,1.4292114916292784,-0.031079244815793713,-0.004323603898611939,37.04301940993378,-0.007769811203948428,-0.0010809009746529847,9.260754852483444,49.625081412351804,12.406270353087951,,,
234,-0.011220877592135404,0.0757232202262144,0.8747808675778571,99,1.307742529826025,-0.3896113117541255,2.6292616526946166,30.374141284038355,-0.09740282793853137,0.6573154131736542,7.593535321009589,45.407436120619245,11.351859030154811,,,
295,-0.004888308230851811,-0.0038317224793916337,0.222851524926957,70,0.2923734384956618,-0.16973183839163658,-0.13304506792943632,7.737850648513802,-0.042432959597909145,-0.03326126698235908,1.9344626621284504,10.151790531446368,2.537947632861592,,,
305,0.13428280125102374,0.21512310043342195,0.9647309697981018,36,1.088514068339054,4.662567425038047,7.469504293249277,33.49738873332969,1.1656418562595117,1.8673760733123193,8.374347183332423,37.79538548086863,9.448846370217158,,,
314,0.05823371510835358,0.1186475800389843,0.6542368688482935,80,0.7923049996795863,2.021991055992253,4.1196812741136135,22.716412560150445,0.5054977639980632,1.0299203185284034,5.679103140037611,27.5104141988746,6.87760354971865,,,
317,0.17040806146594356,0.07091755927095278,0.683767392766272,32,0.8849915646097758,5.9169087102204925,2.4623994930060227,23.741771411630495,1.4792271775551231,0.6155998732515057,5.935442852907624,30.728677106380637,7.682169276595159,,,
319,0.24964947275111626,0.004420381450243838,1.5781025130353803,20,2.1244958053019087,8.668328992864259,0.15348448471536655,54.794875457614474,2.1670822482160648,0.03837112117884164,13.698718864403618,73.76674335169288,18.44168583792322,,,
320,0.2105682674385231,0.4521074882464464,0.9233298810082297,19,1.0111456307675342,7.3113513820003995,15.698076206893113,32.05986012836775,1.8278378455000999,3.924519051723278,8.014965032091938,35.10899859151032,8.77724964787758,,,
324,0.3089608418852744,-0.03647815026030494,0.8895060287303117,28,1.1084292502751958,10.727738351940499,-1.266594333338308,30.885428329573884,2.6819345879851246,-0.316648583334577,7.721357082393471,38.48688042805535,9.621720107013838,,,
345,0.07124345021537862,0.01892121540401477,0.8847649026677431,303,1.1831938859506288,2.4737150783783766,0.6569824412582009,30.720806950429377,0.6184287695945941,0.16424561031455023,7.680201737607344,41.082858107977735,10.270714526994434,,,
347,0.126261090092994,0.1484654695028962,0.6610557163705708,25,0.8436934321783583,4.384037570208938,5.155018032079562,22.953176583818962,1.0960093925522345,1.2887545080198906,5.7382941459547405,29.29472335209696,7.32368083802424,,,
348,0.013524064152225334,-0.011210252433522288,0.3132004093601155,23,0.41661476482247745,0.46958255549356803,-0.3892423849967609,10.874944613801931,0.11739563887339201,-0.09731059624919022,2.718736153450483,14.465697864166062,3.6164244660415155,,,
363,0.19800502696213326,0.19390254871135437,0.5463545782375019,55,0.6134224938736571,6.875130546179191,6.732684296355647,18.970523665562542,1.7187826365447978,1.6831710740889116,4.7426309163906355,21.299255832281123,5.324813958070281,,,
370,0.18165653375947804,0.02178907688192423,0.593422179541832,19,0.6632398707923045,6.3074781651965965,0.7565603274941731,20.60480491805149,1.5768695412991491,0.18914008187354328,5.151201229512872,23.029014793650397,5.757253698412599,,,
377,0.10974814176125426,0.14575669190422977,1.0085746947125782,27,1.1521919331603168,3.8106749782342706,5.060963856298666,35.01973054981014,0.9526687445585676,1.2652409640746665,8.754932637452535,40.00640830319252,10.00160207579813,,,
384,0.1926584449513512,0.19609166629007638,0.6780543578024437,41,0.8003314654586827,6.689486525600817,6.808694836924032,23.543403411616453,1.6723716314002042,1.702173709231008,5.885850852904113,27.789109143656383,6.947277285914096,,,
395,0.026094299479494095,0.07635974830965288,1.0643013067070153,62,1.4929270266855414,0.906046266526994,2.6513631808077673,36.95466997148099,0.2265115666317485,0.6628407952019418,9.238667492870247,51.837412220575374,12.959353055143843,,,
400,0.23616668775686947,0.19186962929050963,0.8807615206917994,20,1.1359480902491397,8.200179732294021,6.662097268225075,30.581801521460658,2.0500449330735053,1.6655243170562688,7.6454503803651646,39.44238958963063,9.860597397407657,,,
413,0.1441871665232821,0.09293656042747472,0.8496017397700837,52,1.0022000179210944,5.006466796021401,3.2269432511627776,29.499871608296846,1.2516166990053503,0.8067358127906944,7.374967902074212,34.79838902225624,8.69959725556406,,,
418,0.02800531648135201,0.1773566547387943,0.689925930850143,121,0.8075806206620258,0.9724005988655045,6.158177765840416,23.955608170978664,0.2431001497163761,1.539544441460104,5.988902042744666,28.040814310626864,7.010203577656716,,,
423,0.1686377098835545,0.2690056562641673,0.9568146565730016,31,1.0904192247640534,5.855438562576779,9.340414396804416,33.22251850552776,1.4638596406441948,2.335103599201104,8.30562962638194,37.861536322257464,9.465384080564366,,,
449,0.07556461392801918,0.02708813298872799,1.370662887627139,22,1.7605942043936456,2.623754524808682,0.9405541536346133,47.59215678418952,0.6559386312021706,0.2351385384086533,11.89803919604738,61.13135196495616,15.28283799123904,,,
451,0.05885809837857828,-0.03175050624822385,1.0019646298589924,133,1.3170453002017202,2.043670891900995,-1.1024410779508285,34.79021587796394,0.5109177229752487,-0.2756102694877071,8.697553969490984,45.730446913604126,11.432611728401032,,,
457,0.06938433209631115,-0.05043673409972911,1.305145661011466,20,1.7980275177656648,2.4091627790481156,-1.7512642814107942,45.31726764164012,0.6022906947620289,-0.43781607035269854,11.32931691041003,62.43111147185942,15.607777867964854,,,
467,0.16444398064710308,0.24855727979960368,0.5018374792991229,22,0.5545086845418916,5.7098238960287135,8.630405869201839,17.424800956224146,1.4274559740071784,2.1576014673004598,4.356200239056037,19.25365054466356,4.81341263616589,,,
500,0.003322626482106644,0.12399245089876425,0.6278803367416653,34,0.7010341995485959,0.1153682367117069,4.305265880106893,21.801261052344103,0.028842059177926725,1.0763164700267231,5.450315263086026,24.341309476726348,6.085327369181587,,,
518,-0.12484103585707426,0.0917526713515039,0.76846812809186,27,0.8407829331334364,-4.334730447029333,3.1858362546669188,26.682750343605566,-1.0836826117573333,0.7964590636667297,6.670687585901391,29.19366500425918,7.298416251064795,,,
552,0.15464388392171102,0.08267524227699896,1.1374977558299768,48,1.436446167216463,5.369544937529651,2.8706497623419582,39.49619707792846,1.3423862343824127,0.7176624405854896,9.874049269482114,49.87628381809003,12.469070954522508,,,
568,-0.20975955773296087,0.2273132851707525,1.1136463036504396,30,1.419608274296141,-7.283271363603868,7.892771887698869,38.66802695535056,-1.820817840900967,1.9731929719247172,9.66700673883764,49.29163850011061,12.322909625027652,,,
573,0.0646653002769369,0.1323043550544437,0.7081663849099681,41,0.8150328232581525,2.2453085562158033,4.593871816200394,24.58895321684391,0.5613271390539508,1.1484679540500986,6.147238304210978,28.299569689169573,7.074892422292393,,,
601,0.11636175853219878,0.1313622160534333,0.7477727916089227,54,0.9131574695791116,4.040312979755006,4.561158865807311,25.964166870245016,1.0100782449387515,1.1402897164518278,6.491041717561254,31.706653658725912,7.926663414681478,,,
605,-0.04739781838742795,-0.006654295868589476,1.0007950697946857,27,1.948169448697343,-1.6457470500482734,-0.23105046114916378,34.74960641341108,-0.41143676251206834,-0.057762615287290944,8.68740160335277,67.64433959766914,16.911084899417286,,,
606,0.0941508800471246,-0.04237074056062418,2.3908773961660437,49,2.9413434756330537,3.2691068569962605,-1.471196853745993,83.01604494967737,0.8172767142490651,-0.36779921343649824,20.75401123741934,102.1293281609309,25.532332040232724,,,
616,0.07182082135567947,-0.06999623990946123,1.2972519992530802,33,1.7361161523545974,2.4937625591119024,-2.430409442136313,45.04318391806545,0.6234406397779756,-0.6076023605340782,11.260795979516363,60.281425042056334,15.070356260514084,,,
622,-0.015774753472419432,0.31643206544327285,0.9392741995642802,20,1.0767204723005748,-0.5477309900693476,10.98715417632132,32.61347875727094,-0.1369327475173369,2.74678854408033,8.153369689317735,37.385888239220556,9.346472059805139,,,
633,0.12423356982347784,0.08878392849359439,0.5651405559477118,74,0.7205459743242082,4.313638011410798,3.082755565154584,19.62281038361645,1.0784095028526994,0.770688891288646,4.9057025959041125,25.01879732048516,6.25469933012129,,,
644,0.00033503396765599547,0.0011955049026601827,0.6700935639226071,128,0.9026860556375409,0.011633049424951475,0.04151032123016687,23.266988726520765,0.0029082623562378686,0.010377580307541717,5.816747181630191,31.343065223846697,7.835766305961674,,,
648,-0.10816579295326098,-0.0798004118310839,1.9786803016410144,31,2.492601081744574,-3.755732662923128,-2.7708298995988954,68.7037374335793,-0.938933165730782,-0.6927074748997238,17.175934358394827,86.54809476033509,21.637023690083772,,,
655,-0.005612476067088188,0.01647889394643341,0.46035085134144443,21,0.5271071714332357,-0.19487639400143608,0.5721801556080608,15.984302260277634,-0.04871909850035902,0.1430450389020152,3.9960755650694084,18.302215206504812,4.575553801626203,,,
660,0.13456446314684314,0.22420585499663304,1.3583484208613785,40,1.689011738354665,4.672347289384688,7.784875697193092,47.16457386914879,1.168086822346172,1.946218924298273,11.791143467287197,58.64586557915068,14.66146639478767,,,
674,0.15803006556178834,0.1724377895446526,0.6811485037932639,63,0.7998584342529576,5.4871199364364145,5.987384928569428,23.65083834870971,1.3717799841091036,1.496846232142357,5.912709587177427,27.772684554131192,6.943171138532798,,,
675,0.08427235907565624,-0.003599450058719919,0.3677200513404525,106,0.4552812633744276,2.926104851824936,-0.12498010493887303,12.767975622643192,0.731526212956234,-0.031245026234718257,3.191993905660798,15.808276026886876,3.952069006721719,,,
676,0.049714343342022786,0.5454294646637096,0.9352040575009715,31,1.10596923598295,1.7261814295217153,18.938401872053323,32.472155284548734,0.4315453573804288,4.734600468013331,8.118038821137183,38.40146381179999,9.600365952949998,,,
683,0.047899590893880864,-0.028066434744734654,0.5533816086830231,30,0.7163807844860044,1.6631695950173315,-0.9745227472066766,19.21451621669193,0.4157923987543329,-0.24363068680166916,4.8036290541729825,24.874173598923047,6.218543399730762,,,
688,0.040722721940538976,0.04931497806821727,0.682542373067789,59,0.828230748170818,1.4139743512193943,1.71231466848464,23.699236277659768,0.3534935878048486,0.42807866712116,5.924809069414942,28.757828037987142,7.189457009496786,,,
690,5.606002903757764e-05,2.135059951181269e-05,1.002874730062068,578,1.6029209202565424,0.001946516328242771,0.0007413355162491603,34.82181637721512,0.00048662908206069275,0.00018533387906229006,8.70545409430378,55.65662019314767,13.914155048286917,,,
709,0.004799148211058831,-0.0016932974923104377,0.30226881280369383,410,0.371155088354935,0.16663602418438472,-0.05879467552800302,10.495377718169857,0.04165900604609618,-0.014698668882000755,2.6238444295424643,12.887246977860054,3.2218117444650134,,,
737,0.09495177909956223,0.0037771473125937853,0.5454460843856793,19,0.6095121167706256,3.296915673895,0.13115010898788143,18.938978942039558,0.82422891847375,0.03278752724697036,4.7347447355098895,21.163479718509663,5.290869929627416,,,
765,-0.00226613046020031,-0.004113806664912815,1.2357757612835756,21,1.6880582930592969,-0.07868458183907517,-0.14283959501910276,42.90860598328831,-0.019671145459768793,-0.03570989875477569,10.727151495822078,58.61276005160491,14.653190012901227,,,
767,0.0731666578305208,0.04389224587706063,0.7759533659193545,37,0.9914330742556489,2.5404926931913434,1.5240265613432993,26.942652771451826,0.6351231732978359,0.3810066403358248,6.7356631928629564,34.424539204304644,8.606134801076161,,,
769,0.23097983964281757,0.06359858915529033,0.7744106505244626,53,0.9637012657667765,8.020081992077913,2.208270212649991,26.88908660751039,2.005020498019478,0.5520675531624978,6.722271651877597,33.461635349954015,8.365408837488504,,,
782,0.0007942687480098396,-0.0005098734210217001,0.3863430634898211,1175,0.47191570986411274,0.027578599468397653,-0.017703824924715474,13.414603850493569,0.006894649867099413,-0.004425956231178869,3.353650962623392,16.385857277901724,4.096464319475431,,,
787,0.1793785225223715,0.15831958100693555,0.661750207099786,20,0.7440972888363756,6.228381059021783,5.497172491722816,22.97729069091877,1.5570952647554457,1.374293122930704,5.744322672729693,25.836546062976634,6.4591365157441585,,,
788,0.004422587322975802,-0.01728896098237934,0.6428613238347545,103,1.021164609645775,0.1535610770283658,-0.6003073032301754,22.321430886190345,0.03839026925709145,-0.15007682580754386,5.580357721547586,35.4568775761206,8.86421939403015,,,
790,0.011239004512659297,0.029194672363312673,0.9986815261046265,90,1.658438503328471,0.39024071468855615,1.0136974137989427,34.67621994940484,0.09756017867213904,0.2534243534497357,8.66905498735121,57.58430171257117,14.396075428142792,,,
792,0.029024845894660947,0.2081484378699862,1.334475007914633,29,1.7046785054584115,1.0078006991544175,7.227330059721662,46.33564122481189,0.2519501747886044,1.8068325149304154,11.583910306202972,59.189847066526966,14.797461766631741,,,
815,0.005345176745592724,0.0012772952334866464,0.6817693918525546,77,0.9393864610931282,0.18559522696047057,0.044350245097123334,23.6723968239044,0.04639880674011764,0.011087561274280833,5.9180992059761,32.617376702075596,8.154344175518899,,,
845,0.08513113932968963,-0.014028745150559274,0.5315756938511894,40,0.6608108332918118,2.9559234198054836,-0.48710608911771913,18.457371241901,0.7389808549513709,-0.12177652227942978,4.61434281047525,22.94467375355829,5.736168438389573,,,
851,0.15347371386737818,0.22949621248309554,0.6849569084540584,52,1.0438633021118702,5.3289142929031055,7.968567489838044,23.78307377534182,1.3322285732257764,1.992141872459511,5.945768443835455,36.245021575928355,9.061255393982089,,,
867,-0.010227181355581988,-0.021157992146563116,0.746886648263795,42,1.0441293061054866,-0.35510819102851776,-0.7346478033129645,25.933398201015493,-0.08877704775712944,-0.18366195082824113,6.483349550253873,36.254257766594705,9.063564441648676,,,
875,0.09093439320303781,0.0773868276010004,0.6935162663333541,37,0.7788018318575956,3.157424000795879,2.687025427961936,24.080271799626722,0.7893560001989698,0.671756356990484,6.0200679499066805,27.041557205759435,6.760389301439859,,,
895,0.16450880894852965,0.09605703442183255,0.8522903357644568,28,1.1795533678380448,5.712074864310846,3.3352923491948703,29.59322503841347,1.4280187160777116,0.8338230872987176,7.398306259603367,40.95645203807259,10.239113009518148,,,
901,0.10737852773736001,0.15535082483197404,0.7211891539627013,132,0.829514023471973,3.7283972400966143,5.394091339815803,25.041129803892918,0.9320993100241536,1.3485228349539506,6.2602824509732296,28.80238592299385,7.200596480748462,,,
904,0.09516017973655913,0.21891419983379587,0.7469454989001616,202,0.8654168172373621,3.304151760812806,7.601138846629061,25.935441612811413,0.8260379402032015,1.9002847116572652,6.483860403202853,30.04900272811569,7.512250682028922,,,
909,0.24170808310737352,-0.06090266629649184,0.6161860099846465,38,0.7164378927449606,8.392588061654223,-2.1146623791467896,21.395210638686894,2.0981470154135557,-0.5286655947866974,5.3488026596717235,24.876156511890525,6.219039127972631,,,
918,-0.08727685194604952,0.25645560988326177,0.5368426799936485,41,0.6552748938982839,-3.0304268532707317,8.904651686366616,18.640251534739466,-0.7576067133176829,2.226162921591654,4.6600628836848665,22.752454865936212,5.688113716484053,,,
919,0.02164777407212134,0.10368078822498115,0.6229673984948056,39,0.6842503289338931,0.7516540113321972,3.600004328747796,21.63067401053664,0.1879135028330493,0.900001082186949,5.40766850263416,23.75853992124264,5.93963498031066,,,
926,0.2587165712588491,0.07615136917549019,1.0664029201207352,24,1.3187260435186823,8.98315678724976,2.6441278405113704,37.02764219243217,2.24578919681244,0.6610319601278426,9.256910548108042,45.788805683055685,11.447201420763921,,,
931,0.12438864306954259,0.17242340892967292,0.7229384737923013,20,0.7892159120527072,4.319022464660658,5.986885604856103,25.101869687016286,1.0797556161651645,1.4967214012140257,6.275467421754072,27.4031548982941,6.850788724573525,,,
946,-0.01744401359723502,-0.007852250228067117,2.1677605630611523,85,2.653120948957486,-0.6056910401231944,-0.27264583241894647,75.26898227060933,-0.1514227600307986,-0.06816145810473662,18.817245567652332,92.12166558970183,23.03041639742546,,,
968,-0.020391317279743363,0.041877943051672445,0.4095275015339281,25,0.4902755842654256,-0.7080273185872491,1.4540859386401708,14.219613908261051,-0.17700682964681227,0.3635214846600427,3.5549034770652628,17.02334883686411,4.255837209216027,,,
991,-0.028063427379638125,0.010080500530397456,0.3378442187960792,29,0.43120305260122666,-0.974418325475795,0.3500151394164605,11.730626965037462,-0.24360458136894875,0.08750378485411513,2.9326567412593656,14.972232392419793,3.743058098104948,,,
1000,0.17158517273498405,0.1407947788615778,0.7944755149493419,21,0.9425873739526965,5.957780367704117,4.888676311631704,27.58577883007105,1.4894450919260291,1.222169077907926,6.896444707517762,32.72851879838553,8.182129699596382,,,
1003,0.041863318397642,0.10538524953301141,0.5668069462508628,51,0.6741921994609109,1.4535781414029256,3.6591866342852226,19.68067078772246,0.3633945353507314,0.9147966585713057,4.920167696930615,23.40930154968175,5.8523253874204375,,,
1018,0.17150742745580827,0.2744110775360133,1.0349170174801796,100,1.3292366398802704,5.955080896120575,9.528101434205453,35.934388680946796,1.4887702240301437,2.3820253585513633,8.983597170236699,46.15375460992275,11.538438652480687,,,
1019,0.018903861794297684,0.0004423370721369315,1.1651382107414558,781,1.5964604701150193,0.6563798892216042,0.015358827818738537,40.45592895336483,0.16409497230540104,0.0038397069546846343,10.113982238341208,55.4323004433337,13.858075110833425,,,
1030,-0.01905868334806655,0.005714778964928371,1.1942873197802972,100,1.4618522991557468,-0.6617556032115668,0.1984285552202429,41.46804431741148,-0.1654389008028917,0.04960713880506073,10.36701107935287,50.75843553128584,12.68960888282146,,,
1045,0.16593888577914412,0.21622999269531912,1.0665680620355422,30,1.2403513007353921,5.761729992023442,7.50793780636687,37.0333762499981,1.4404324980058605,1.8769844515917176,9.258344062499525,43.06747786413429,10.766869466033572,,,
1054,0.20517754167057672,0.040316960342817676,0.5604298908155912,42,0.6316579470463182,7.124174601885765,1.3998854970233154,19.45924666889896,1.7810436504714413,0.34997137425582886,4.86481166722474,21.93242723734226,5.483106809335565,,,
1067,0.00919051564806421,-0.010386752062477602,0.7170314816505573,58,0.8664193344488873,0.3191130843320855,-0.3606488051133473,24.89676710587065,0.07977827108302138,-0.09016220127833682,6.224191776467663,30.083812130734266,7.5209530326835665,,,
1074,0.17724057533757864,0.0691690896943508,0.6856774167686415,36,0.8015563374775926,6.154147256871406,2.4016891323672485,23.80809126504077,1.5385368142178515,0.6004222830918121,5.952022816260192,27.831639149896972,6.957909787474243,,,
1085,0.09831064507543101,0.06317125444509637,0.8330635511147635,47,0.9703938818492248,3.4135422183091157,2.1934322968426363,28.92563262180682,0.8533855545772789,0.5483580742106591,7.231408155451705,33.694016365568785,8.423504091392196,,,
1116,0.018785677117422416,0.034169594555463534,0.5068617529229111,233,0.5824325594488049,0.6522762808711412,1.1864366621548048,17.599253784989322,0.1630690702177853,0.2966091655387012,4.399813446247331,20.223223329181405,5.055805832295351,,,
1132,0.045026634395173314,0.23938090715141938,0.4892162723703225,19,0.611909949588282,1.5634147994692078,8.311783858111584,16.986567409242337,0.39085369986730195,2.077945964527896,4.246641852310584,21.24673726960433,5.311684317401083,,,
1137,0.015136551520320361,0.011656024197922114,0.13125956129046015,66,0.1569751159987186,0.5255713418885636,0.40472047220025165,4.557594487127358,0.1313928354721409,0.10118011805006291,1.1393986217818395,5.450489977707508,1.362622494426877,,,
1139,-0.07967447363705218,0.34072919289600634,0.553046010945687,50,0.7090702959373625,-2.766457073625726,11.830799035735133,19.202863592056143,-0.6916142684064315,2.9576997589337832,4.800715898014036,24.6203388155371,6.155084703884275,,,
1149,0.002212381790163027,0.0013378317966711343,1.4523232618721058,23,2.6073893681787657,0.07681832051804062,0.04645219564401513,50.42756829872326,0.019204580129510155,0.011613048911003782,12.606892074680815,90.53377364190311,22.633443410475778,,,
1165,0.035831222086613435,0.03903391300741931,0.9068449218507849,57,1.2675261143388692,1.2441316932913917,1.3553355274436134,31.487469376502954,0.31103292332284793,0.33883388186090335,7.8718673441257385,44.01104174207422,11.002760435518555,,,
1169,0.13769369650948704,0.11754951511628935,0.6879960914865979,392,0.7848144553024895,4.781000530202409,4.081554263867798,23.888600288597654,1.1952501325506022,1.0203885659669496,5.972150072149414,27.25032751701304,6.81258187925326,,,
1180,-0.007243689237245939,0.056448545919581955,1.941579358337353,66,2.6205573059002587,-0.2515153776956535,1.9600064114197246,67.41551848018958,-0.06287884442391338,0.49000160285493116,16.853879620047394,90.99099077546879,22.747747693867197,,,
1203,0.09797720761899673,-0.05878819443772798,1.2449025970626624,76,1.5155061585703617,3.4019646029468045,-2.041243687266791,43.225507975209766,0.8504911507367011,-0.5103109218166978,10.806376993802441,52.6214048378801,13.155351209470025,,,
1213,0.13942965279110334,0.06289260228070474,0.8087098376840359,24,0.9251609883055643,4.841276404212691,2.18375693639063,28.080022984065096,1.2103191010531726,0.5459392340976575,7.020005746016274,32.1234398359458,8.03085995898645,,,
1236,0.10365267083822498,0.100046648291128,0.6898915463351739,63,0.820849984051401,3.5990280368448477,3.4738197219645466,23.95441427184991,0.8997570092112119,0.8684549304911366,5.988603567962477,28.501553146232744,7.125388286558186,,,
1259,0.057437464789106135,-0.025533344070512862,0.8171593963640557,31,1.0126481273109433,1.9943436524073432,-0.8865687728163476,28.373408560552743,0.4985859131018358,-0.2216421932040869,7.093352140138186,35.16116827649058,8.790292069122644,,,
1263,0.015734694107488453,-0.007969260888720481,0.335858658156034,46,0.40305828465501164,0.546340048800214,-0.27670867657815257,11.661684328493813,0.1365850122000535,-0.06917716914453814,2.915421082123453,13.994989759791315,3.4987474399478287,,,
1278,-0.009969609603945172,-0.13366555563021337,1.1485514311208438,20,1.5923996910539937,-0.3461647846681843,-4.641135422592269,39.88000279137794,-0.08654119616704607,-1.1602838556480672,9.970000697844485,55.29130207277677,13.822825518194193,,,
1286,0.00437391808219512,0.0022582310953771084,0.23103393027566171,69,0.2912693420949571,0.15187118364997895,0.07841030009368397,8.021960127031527,0.03796779591249474,0.01960257502342099,2.0054900317578817,10.1134540962211,2.528363524055275,,,
1329,0.003082115810512743,0.1866162816394105,0.6943073613993622,42,0.7866754268323501,0.10701722517262346,6.4796905310836115,24.107740202508655,0.026754306293155866,1.6199226327709029,6.026935050627164,27.314944170472863,6.828736042618216,,,
1335,-0.004685046804710856,-5.740581041086162e-05,1.213999647863336,970,1.6541472063877103,-0.16267419515317036,-0.0019932445490859372,42.15249577311075,-0.04066854878829259,-0.0004983111372714843,10.538123943277688,57.43529930019408,14.35882482504852,,,
1336,0.06209296409130986,-0.0028254956739379336,0.3854373460782653,23,0.49315918892709015,2.1559918991784612,-0.09810686079047293,13.383155530529528,0.5389979747946153,-0.024526715197618232,3.345788882632382,17.123473357926425,4.280868339481606,,,
1338,-0.07025343163554897,0.08371481732909626,0.5239801889508164,21,0.9705826315637456,-2.4393396532495313,2.9067458873008807,18.19364012075025,-0.6098349133123828,0.7266864718252202,4.548410030187562,33.700570133156376,8.425142533289094,,,
1345,0.1645945389872374,0.2312963329612584,0.7069569856449034,215,0.8615485515816149,5.715051582714857,8.031071273080814,24.546960455562335,1.4287628956787142,2.0077678182702035,6.136740113890584,29.914688808016834,7.4786722020042085,,,
1347,0.03072604371620476,0.07327325049859074,0.6719596606707813,36,0.7416141784097352,1.0668696899140617,2.5441938038120675,23.33178333781087,0.26671742247851543,0.6360484509530169,5.832945834452717,25.750327502742827,6.437581875685707,,,
1356,0.027619434679200777,0.13291177598681597,0.6784218965262029,21,0.8156809059713225,0.9590020109312094,4.614962685814224,23.556165091182816,0.23975050273280235,1.153740671453556,5.889041272795704,28.322072417136262,7.0805181042840655,,,
1357,0.037036609829682,0.0016037007531732536,0.5236195830113591,33,0.8019285171614491,1.2859851665062185,0.05568369755168171,18.181119161320414,0.32149629162655463,0.013920924387920428,4.545279790330103,27.844561972879838,6.961140493219959,,,
1363,-0.009364547872737359,-0.007883812072441694,0.41017760098297923,28,0.5112841268751783,-0.3251558312371866,-0.2737417227793205,14.242186661331006,-0.08128895780929665,-0.06843543069483013,3.5605466653327515,17.752807453359942,4.438201863339986,,,
1375,0.15144153185279077,0.23945490034905206,0.8084297093553683,68,0.9015646233260202,5.258352868992602,8.314353049919786,28.0702963682371,1.3145882172481504,2.0785882624799465,7.017574092059275,31.304126851126075,7.826031712781519,,,
1385,0.14619504740689956,0.13309479353325981,0.6547726696313382,33,0.7161780634294359,5.076184436062367,4.621317421061847,22.735016634939324,1.2690461090155918,1.1553293552654618,5.683754158734831,24.867134718396873,6.216783679599218,,,
1394,0.0002061008706184773,-0.002926359552136339,0.2117950981309755,55,0.3504046969202414,0.007156234429614769,-0.10160905636927797,7.353949397303731,0.0017890586074036923,-0.025402264092319493,1.8384873493259328,12.166751886464622,3.0416879716161556,,,
1395,0.08380736122631338,0.004611902844087148,0.5938960178378279,21,0.7270722656614106,2.9099591965000533,0.16013449055239395,20.62125753136506,0.7274897991250133,0.04003362263809849,5.155314382841265,25.2454032082955,6.311350802073875,,,
1418,0.20513119498605709,0.1290379785757497,0.6939726045330442,22,0.8788366869032725,7.122565352305874,4.480456692107181,24.09611677459636,1.7806413380764685,1.1201141730267952,6.02402919364909,30.51496744265543,7.628741860663857,,,
1421,0.15326898656592436,0.21086160325041658,1.670698674385717,74,2.077209167504556,5.321805751542025,7.321536588060965,58.00999937202087,1.3304514378855063,1.8303841470152413,14.502499843005218,72.1248567140932,18.0312141785233,,,
1424,-0.00502271767653042,0.028107043600009263,0.3426133620790696,40,0.39421673962522386,-0.17439880316448925,0.9759327678795217,11.896221158109455,-0.04359970079112231,0.24398319196988041,2.9740552895273638,13.687993633267023,3.421998408316756,,,
1428,0.03984101575058404,0.19083719929359255,0.9300603451178672,23,1.1701942420918858,1.383359748891779,6.626249233872121,32.293555303182586,0.34583993722294476,1.6565623084680303,8.073388825795647,40.63148447391446,10.157871118478615,,,
1437,-0.037068409344573186,0.027566316659147105,0.6022667557132209,30,0.6762557342682759,-1.2870893092622702,0.9571576470389058,20.911906291874455,-0.32177232731556754,0.23928941175972646,5.227976572968614,23.480951605263076,5.870237901315769,,,
1446,0.006905764541283096,0.08965914760270835,0.6574950833791015,180,0.8735101960833285,0.23978195640243166,3.1131449230612396,22.829544285089163,0.059945489100607915,0.7782862307653099,5.707386071272291,30.330021028405334,7.582505257101333,,,
1455,0.10280608521665983,0.16233333648853718,0.8819743013516157,23,1.0390204238224805,3.569632890892863,5.636538109554988,30.6239116915308,0.8924082227232157,1.409134527388747,7.6559779228827,36.076867155964166,9.019216788991042,,,
1469,0.12573433060160508,0.09159655552451929,0.7544140912796952,101,0.8827637993995819,4.365747427148932,3.1804156009223585,26.194766077413576,1.091436856787233,0.7951039002305896,6.548691519353394,30.651324642752286,7.6628311606880715,,,
1482,0.007666256061175147,0.26491889318158,0.6626247072397214,20,0.7271452617305647,0.26618774295612346,9.198513809050821,23.00765508477761,0.06654693573903087,2.2996284522627053,5.751913771194403,25.24793777780867,6.311984444452167,,,
1503,0.1885627136314838,0.028395765572936812,0.9222128077510003,22,0.9914674913689093,6.547274542712381,0.985957772223512,32.021073110730235,1.6368186356780952,0.246489443055878,8.005268277682559,34.42573423531127,8.606433558827817,,,
1520,0.1510525321283385,0.16398094081085043,0.6658074977869258,53,0.7212559062635514,5.2448460205601695,5.693746226834349,23.11816793815764,1.3112115051400424,1.4234365567085872,5.77954198453941,25.043447577283033,6.260861894320758,,,
1535,0.1303299858710824,0.27089238149277656,0.5640970704669063,21,0.6699644085870938,4.525317769415723,9.405925270192188,19.58657848075192,1.1313294423539308,2.351481317548047,4.89664462018798,23.26250419496107,5.815626048740268,,,
1569,0.03095283165227632,0.24289741148211738,0.7910002950583669,21,1.0347938351703894,1.0747442206303384,8.43388392148208,27.465112245016616,0.2686860551575846,2.10847098037052,6.866278061254154,35.930111544786264,8.982527886196566,,,
1574,0.04206022126737545,0.07109125742528916,1.3379911229942856,35,1.6124339090107556,1.4604150028458105,2.46843064032089,46.45772777260758,0.3651037507114526,0.6171076600802226,11.614431943151896,55.98693018867146,13.996732547167865,,,
1584,-0.004527570451098906,0.0009291997871741074,0.2134565649206281,74,0.301047601459765,-0.15720630120305623,0.032263675010259354,7.411638847174049,-0.03930157530076406,0.008065918752564839,1.8529097117935123,10.452974817885961,2.6132437044714902,,,
1603,0.17679610602879647,0.19891140236939367,0.6482294567020738,143,0.7269822427459903,6.138714393531871,6.906601713070088,22.507823195609408,1.5346785983829678,1.726650428267522,5.626955798902352,25.242277432626278,6.310569358156569,,,
1626,0.016622063337042355,-0.0038702276410508426,0.47153691932549785,260,0.5773837607651379,0.5771512831887847,-0.13438204415256735,16.372704912819938,0.14428782079719618,-0.03359551103814184,4.093176228204984,20.04791894128712,5.01197973532178,,,
1630,0.021620884908124083,0.008541877544446737,0.29121809993328296,19,0.34304317599940265,0.7507203657798844,0.2965910720982796,10.111674865883451,0.1876800914449711,0.0741477680245699,2.5279187164708627,11.911145157051259,2.9777862892628146,,,
1655,0.04553623247530985,-0.03616431252500669,1.2501221827071776,63,1.5457183010714743,1.5811090640077086,-1.2556972594932823,43.40674242795862,0.39527726600192714,-0.31392431487332056,10.851685606989655,53.670430849803736,13.417607712450934,,,
1656,0.05898603780691686,0.12220045958420125,0.6857279238327936,59,0.8146149431568849,2.0481132047317674,4.243044357682636,23.80984497132226,0.5120283011829418,1.060761089420659,5.952461242830565,28.285060056293357,7.071265014073339,,,
1679,0.09099793880809863,0.13059351205591424,1.142539413248752,130,1.4458033682689697,3.1596304312948007,4.534467925605455,39.67125350682317,0.7899076078237002,1.1336169814013637,9.917813376705793,50.20118455303517,12.550296138258792,,,
1680,0.015618070543068156,0.0362393550960913,0.44506877968296477,118,0.5259638558989151,0.5422906453964126,1.2583028876464823,15.453678168151903,0.13557266134910315,0.3145757219116206,3.8634195420379758,18.26251700452213,4.565629251130533,,,
1684,0.06412781080820423,0.0582126953034367,0.7912842587892567,50,0.9875297386178445,2.2266458468824673,2.021261206325929,27.474972033680572,0.5566614617206168,0.5053153015814823,6.868743008420143,34.2890075842888,8.5722518960722,,,
1691,0.057886952705427486,-0.018654546433170015,1.0152609177824898,21,1.251930609012641,2.009950771837853,-0.6477231612525293,35.25188958724361,0.5024876929594633,-0.16193079031313232,8.812972396810903,43.469534606136925,10.867383651534231,,,
1718,0.07651904508863136,0.12503125757091607,0.484751278796854,27,0.5577514285262316,2.6568942835674583,4.341335325377348,16.831533902384365,0.6642235708918646,1.085333831344337,4.207883475596091,19.366245101287813,4.841561275321953,,,
1726,0.1419895169321478,0.12178066692790993,0.5751830697769631,20,0.6292194913226012,4.930160006918037,4.228468317070889,19.971506548795713,1.2325400017295092,1.0571170792677222,4.992876637198928,21.84775917770336,5.46193979442584,,,
1738,0.12018838273908086,0.10531213898307043,0.5807914296439014,93,0.6558194786810222,4.1731810254663655,3.6566480897701714,20.166240020095547,1.0432952563665914,0.9141620224425429,5.041560005023887,22.771363938762452,5.692840984690613,,,
1750,0.18559209189270454,-0.07369957816111108,2.3411421807204706,47,2.8880764715857223,6.444128614698487,-2.558996752910099,81.28913879897618,1.6110321536746217,-0.6397491882275248,20.322284699744046,100.27979124639945,25.069947811599864,,,
1757,0.10877204548459861,0.1448734845646657,0.5723829467084981,42,0.6497884571711922,3.776782963316233,5.030297131054323,19.87428067561247,0.9441957408290582,1.2575742827635807,4.968570168903118,22.561954809898136,5.640488702474534,,,
1760,0.15638493330366252,0.23421563327797548,0.6828281820192786,118,0.7660410826870387,5.42999765416977,8.132435218677864,23.709160136073393,1.3574994135424425,2.033108804669466,5.927290034018348,26.59847847305936,6.64961961826484,,,
1761,0.1653847605709557,-0.02597669797335678,0.6480819686454791,29,0.7387544830140862,5.742489656544723,-0.9019629070308942,22.502702115308324,1.4356224141361809,-0.22549072675772355,5.625675528827081,25.651033159215103,6.412758289803776,,,
1772,0.07680588068991837,-0.011201537194719481,0.8099595675148922,61,0.9888347301475148,2.6668537893153457,-0.38893977447504985,28.123416103252087,0.6667134473288364,-0.09723494361876246,7.030854025813022,34.33431950018201,8.583579875045503,,,
1809,-0.03321082975513195,0.004522247015483516,1.6429514828694503,89,2.0812856139679172,-1.1531464307576915,0.15702146087161864,57.046561388193055,-0.2882866076894229,0.03925536521790466,14.261640347048264,72.26639908819402,18.066599772048505,,,
1817,-0.007033793466707802,0.007902169041587047,0.34026829993621727,42,0.4097874235135821,-0.2442273767510283,0.27437911346198546,11.814795910385337,-0.06105684418775707,0.06859477836549636,2.9536989775963343,14.228638919238598,3.5571597298096496,,,
1836,0.03834269813198357,0.19028127906380563,0.9939771649561014,76,1.2862581190645637,1.3313351645387337,6.606946571653459,34.51287512160575,0.3328337911346834,1.6517366429133649,8.628218780401438,44.661454410159784,11.165363602539946,,,
1837,-0.018943705873836383,0.03417527016607013,0.7500776948237993,31,0.9385921281686994,-0.6577633553513469,1.186633730706287,26.04419771967196,-0.16444083883783672,0.29665843267657177,6.51104942991799,32.589795874273584,8.147448968568396,,,
1838,-0.09852699623801048,0.037390906131962415,0.5006688286702861,36,0.656529155979004,-3.4210543633762,1.298287042713999,17.384223069089675,-0.85526359084405,0.32457176067849974,4.346055767272419,22.796005353902977,5.699001338475744,,,
1869,0.02877298688694662,0.29810286090813165,0.6415741543484553,29,0.7251391742079883,0.9990556506885606,10.350727536452148,22.276737787287068,0.24976391267214015,2.587681884113037,5.569184446821767,25.17828240684977,6.294570601712443,,,
1899,-0.03526321697105104,0.07098991904154403,0.5661827101272925,157,0.7955786904314297,-1.2244094196688342,2.464911968960492,19.65899606103985,-0.30610235491720855,0.616227992240123,4.914749015259963,27.624083289160104,6.906020822290026,,,
1900,-0.006686748139222469,0.009206096021261581,0.18253290741974018,48,0.27016597095432887,-0.23217726889008258,0.31965406605024466,6.337907611428219,-0.058044317222520646,0.07991351651256116,1.5844769028570547,9.380702843476207,2.345175710869052,,,
1906,0.08504887592775534,0.05020509532087417,0.5237111181502914,59,0.6257491698829211,2.953067069963521,1.743221319731393,18.18429744441442,0.7382667674908803,0.43580532993284826,4.546074361103605,21.727262676674787,5.431815669168697,,,
1910,0.2399117231000708,-0.09305606591502642,0.6619062329090167,36,0.7725962420115768,8.330214849480658,-3.2310927207015476,22.98270821906688,2.0825537123701645,-0.8077731801753869,5.74567705476672,26.82608671512597,6.706521678781493,,,
1921,-0.0030491766440602385,0.031040282703260192,0.8455073681231163,47,1.0564678464419186,-0.1058735114350596,1.0777806960226004,29.357706835970845,-0.0264683778587649,0.2694451740056501,7.339426708992711,36.682676564156296,9.170669141039074,,,
1936,-0.09019236514420755,-0.05652802753307924,1.121566467154466,25,1.3329551948809029,-3.1316593025371744,-1.9627661720035776,38.94303087253737,-0.7829148256342936,-0.4906915430008944,9.735757718134343,46.28287027665471,11.570717569163678,,,
1964,0.10652320686736516,-0.03996486004210453,0.4218464761473058,20,0.4851898207609631,3.6986987888486533,-1.3876598703819536,14.647353344786753,0.9246746972121633,-0.3469149675954884,3.661838336196688,16.846760956462163,4.211690239115541,,,
2012,0.02414919523274483,0.02933606599311309,0.553282559530868,469,0.641732363847226,0.8385083568713659,1.0186068834128728,19.2110770320308,0.20962708921784148,0.2546517208532182,4.8027692580077,22.28223113750338,5.570557784375845,,,
2015,0.06414907092711004,0.09649865278802583,0.7405034485978969,165,0.8828596202361902,2.227384040731115,3.350626222105833,25.711760742216175,0.5568460101827788,0.8376565555264582,6.427940185554044,30.654651733841,7.66366293346025,,,
2040,0.06152079450116497,0.05532984489418027,0.41784794890534355,95,0.47661477628704757,2.13612502666945,1.9211628744157274,14.50851648189134,0.5340312566673625,0.48029071860393185,3.627129120472835,16.549018262238867,4.137254565559717,,,
2072,0.0458276762573552,-0.006106193522573283,0.6526769018263232,41,1.014719672134376,1.5912285750078872,-0.21201925149078954,22.662247385213597,0.3978071437519718,-0.053004812872697385,5.665561846303399,35.23309645584981,8.808274113962453,,,
2086,0.00391376314402666,-0.00418709232143441,0.44133395353805766,111,0.5433136979783186,0.1358936838868937,-0.1453842195848456,15.323997534748438,0.03397342097172343,-0.0363460548962114,3.8309993836871095,18.86493822120318,4.716234555300795,,,
2091,-0.0047234840016068865,-0.023641123503994974,1.109502321962363,22,1.3049002310116504,-0.16400881150379432,-0.8208670903057135,38.52413962317717,-0.04100220287594858,-0.20521677257642837,9.631034905794293,45.30874582118653,11.327186455296632,,,
2092,0.18804625184044974,0.055658443269522795,0.9821519883303275,27,1.115786749917851,6.529341956404096,1.9325724672043705,34.10228133880563,1.632335489101024,0.4831431168010926,8.525570334701408,38.74234753064763,9.685586882661907,,,
2114,-0.02961041583203583,-0.010625543887746502,1.8547520139993727,32,2.5810847392694867,-1.028132858519948,-0.36894013487033406,64.40069943008622,-0.257033214629987,-0.09223503371758351,16.100174857521555,89.62042431691512,22.40510607922878,,,
2124,0.06430066916914734,0.006027212181189433,0.57961388253848,113,0.6960043771020931,2.232647834891134,0.2092768613552595,20.125353229501105,0.5581619587227835,0.052319215338814874,5.031338307375276,24.166663981738875,6.041665995434719,,,
2129,0.09481973690206949,0.07925241026324971,0.7027046842868767,74,0.8138558075574552,3.292330904713657,2.7518021891605566,24.399312047808934,0.8230827261784143,0.6879505472901392,6.0998280119522335,28.25870135000996,7.06467533750249,,,
2152,-0.047866605985309396,0.054360940378435245,0.6459580214669781,155,0.8501333671592474,-1.662024293021913,1.8875205718200287,22.428954421376414,-0.4155060732554782,0.4718801429550072,5.6072386053441035,29.518330774503386,7.379582693625847,,,
2165,0.014500164462208708,0.027668733309033862,0.7884965899690191,82,1.1589830690656384,0.5034747104568108,0.9607137579562738,27.37817859690428,0.1258686776142027,0.24017843948906845,6.84454464922607,40.2422101240971,10.060552531024275,,,
2166,-0.018735577385435853,0.08058792361643086,0.7743437946427766,64,1.0930976285028793,-0.6505367179771038,2.7981738838097123,26.886765237586488,-0.16263417949427594,0.6995434709524281,6.721691309396622,37.95453585687697,9.488633964219243,,,
2184,0.16238016092880903,-0.03153811493742027,0.6238465727901058,33,0.6956505009582895,5.638163947770107,-1.0950664268571066,21.661200700418053,1.4095409869425268,-0.27376660671427666,5.415300175104513,24.15437669427373,6.038594173568432,,,
2192,0.09865618905524282,0.10183328948508832,0.6235639665911763,33,1.024134714130506,3.4255401963761414,3.535855477501237,21.651388047978823,0.8563850490940353,0.8839638693753092,5.412847011994706,35.56000554403943,8.890001386009857,,,
2193,0.016517989251027612,0.023365768205643178,2.560161474866327,88,3.0673137986419365,0.5735376227741807,0.8113062036363424,88.8939267303086,0.14338440569354519,0.2028265509090856,22.22348168257715,106.50326971644533,26.625817429111333,,,
2240,0.007953883339198425,-0.0010185583939063027,0.3507913188752048,1056,0.49018908891459945,0.2761747373036477,-0.03536638455321464,12.180176173984862,0.06904368432591193,-0.00884159613830366,3.0450440434962154,17.020345545292724,4.255086386323181,,,
2242,0.33522232406855107,0.1010922937894765,0.605191695362527,39,0.7349303595624629,11.63958953630823,3.510126624958203,21.013466046377665,2.9098973840770577,0.8775316562395508,5.253366511594416,25.518251944727837,6.379562986181959,,,
2245,0.11706066849816807,0.0042953296703308295,0.5909943742658048,25,0.6904102738501718,4.064580531593392,0.14914243681322706,20.520506663257276,1.016145132898348,0.037285609203306765,5.130126665814319,23.972425528625667,5.993106382156417,,,
2255,0.1137669508745889,0.10862066523523489,0.45086346942946576,27,0.5289734250679131,3.9502160682674763,3.771526738297826,15.65488138552991,0.9875540170668691,0.9428816845744565,3.9137203463824775,18.36701526520808,4.59175381630202,,,
2262,0.0566164282895412,-0.007428943122959395,0.6282196938370535,37,0.7158523058225472,1.9658356230694496,-0.25794776311539613,21.813044209410172,0.4914589057673624,-0.06448694077884903,5.453261052352543,24.855823762770484,6.213955940692621,,,
2295,0.2975322075566998,0.12200066687678184,0.6491492596141507,30,0.7406959851944851,10.33091331078373,4.236107155295619,22.53976059232254,2.5827283276959325,1.0590267888239047,5.634940148080635,25.718445997922913,6.429611499480728,,,
2300,0.001984043820309613,0.08128806779482056,0.6606960258123044,137,0.8034607167329999,0.0688899695287904,2.8224842899717597,22.94068740825483,0.0172224923821976,0.7056210724929399,5.735171852063708,27.897763006403224,6.974440751600806,,,
2301,0.07408305668764902,-0.0225137017253797,0.8428919426885626,65,1.13015073684142,2.572311894308549,-0.781720751308634,29.266894034032273,0.6430779735771373,-0.1954301878271585,7.316723508508068,39.24109388460779,9.810273471151948,,,
2307,0.06952872177748548,0.3504265615043725,1.1112331554857715,54,1.3710032082979686,2.414176277557851,12.167511068554823,38.58423762477696,0.6035440693894627,3.041877767138706,9.64605940619424,47.603973398522065,11.900993349630516,,,
2317,0.21786808179305694,0.23774869864744128,0.5930986976416197,43,0.6844070087314874,7.564815536018523,8.255110314436456,20.59357297951232,1.8912038840046308,2.063777578609114,5.14839324487808,23.763980157174707,5.940995039293677,,,
2321,0.00010357712397473568,0.0009332320394998368,0.65863708826714,55,0.8934936890745862,0.0035964048986507724,0.03240368287551333,22.869196978811633,0.0008991012246626931,0.008100920718878333,5.717299244702908,31.02388787204778,7.755971968011945,,,
2337,-0.002351892487058471,-0.0008364872468249018,0.19762583657802166,40,0.2608021118143563,-0.08166241093564423,-0.02904451018425424,6.861964297662068,-0.02041560273391106,-0.00726112754606356,1.715491074415517,9.05557092641808,2.26389273160452,,,
2338,-0.0004139461325784006,-1.946709462330802e-05,0.7932637078497874,525,1.1710241124327185,-0.014373037615387227,-0.0006759364595105012,27.54370246396032,-0.003593259403846807,-0.0001689841148776253,6.88592561599008,40.66029923188886,10.165074807972214,,,
2352,0.022206995737213638,0.1462133120980455,0.896179625292535,26,0.9871798930305036,0.7710713059875319,5.076818622668336,31.1171489494074,0.19276782649688298,1.269204655667084,7.77928723735185,34.276860245805146,8.569215061451287,,,
2365,0.039351777382989825,0.08261002736428821,0.5896824071438117,862,0.6794956211232591,1.3663724142921727,2.8683853701428155,20.47495254084743,0.3415931035730432,0.7170963425357039,5.118738135211857,23.593446956641802,5.898361739160451,,,
2378,0.18119091079932742,0.21339724502357443,0.6213587978140334,21,0.7263772919821796,6.2913108047742465,7.4095791417085515,21.574820177698868,1.5728277011935616,1.8523947854271379,5.393705044424717,25.221272332205242,6.3053180830513105,,,
2389,-0.032161422538467835,0.0160448569112873,2.5150461520302843,20,2.9806228947065647,-1.1167089133806802,0.5571095216737176,87.32743249079553,-0.27917722834517006,0.1392773804184294,21.831858122698883,103.49318815000134,25.873297037500336,,,
2406,0.05907850720107076,0.2700989860722908,0.9780082726577314,28,1.08474551962793,2.051323927035579,9.378376994402082,33.95840324322175,0.5128309817588947,2.3445942486005205,8.489600810805438,37.66453393252099,9.416133483130247,,,
2412,0.021804315959084875,-0.12522997426381438,0.47247789187752554,20,0.629958560658018,0.757089458731345,-4.348235166388163,16.405377361771443,0.18927236468283626,-1.0870587915970407,4.101344340442861,21.873421143167704,5.468355285791926,,,
2426,0.2520695520674465,0.13762266919496527,0.5789385737630309,24,0.6553805551744136,8.752358986885879,4.7785343197875845,20.101905158199962,2.1880897467214697,1.1946335799468961,5.0254762895499905,22.75612363676599,5.689030909191498,,,
2433,-0.028479430195638936,-0.0369486477525633,0.5125515655454724,36,0.6660245364409364,-0.9888627752529752,-1.282930947264503,17.796815458869894,-0.2472156938132438,-0.32073273681612574,4.449203864717473,23.125703954302196,5.781425988575549,,,
2444,0.0320862183672775,0.1409377697285387,0.7798793355612678,249,0.9430824152184917,1.1140976741486095,4.893641240514321,27.07897028935834,0.2785244185371524,1.2234103101285803,6.769742572339585,32.74570762121647,8.186426905304117,,,
2458,0.027372461880759147,0.08133767787781719,0.5512875737950188,53,0.6508040659709947,0.9504266214237191,2.8242068512735687,19.141807137310643,0.23760665535592979,0.7060517128183922,4.785451784327661,22.59721877864488,5.64930469466122,,,
2472,0.0009880141844133554,0.0023467116337112957,0.46000317038000127,1042,0.6758931961996818,0.03430582851120053,0.08148252134572362,15.972230081934404,0.008576457127800132,0.020370630336430905,3.993057520483601,23.468363558445354,5.8670908896113385,,,
2482,-0.009339220274611648,0.005996688750173007,0.31508284338165593,34,0.4121659111543924,-0.32427640637506566,0.20821702678350715,10.940306487897857,-0.08106910159376642,0.05205425669587679,2.735076621974464,14.311224767102813,3.577806191775703,,,
2497,0.23805506458002487,0.25553754548776386,0.7705352180443809,19,0.8553414647877055,8.265747952347624,8.872774654426138,26.754523840936994,2.066436988086906,2.2181936636065345,6.688630960234248,29.69916634035871,7.424791585089677,,,
2502,0.05837499531959775,0.09045054823094961,0.6228125438672214,177,0.7025371849544193,2.026896587487073,3.1406239356750327,21.625297148157664,0.5067241468717683,0.7851559839187582,5.406324287039416,24.39349613598735,6.098374033996837,,,
2504,0.0820714659735306,0.20375068560650642,0.6470351618263099,39,0.7460277389693047,2.84968544153293,7.074631305629116,22.466354888933136,0.7124213603832324,1.768657826407279,5.616588722233284,25.903575152492202,6.4758937881230505,,,
2506,-0.0003976834796123958,0.0007310524687749257,0.07915261022813083,1038,0.12281889806158504,-0.01380836577910161,0.025383603820802972,2.748336932341159,-0.0034520914447754023,0.006345900955200743,0.6870842330852898,4.264517778494356,1.066129444623589,,,
2532,0.2130686243801355,0.19209178100502713,0.808162394151379,41,0.9824670295268146,7.398168775727065,6.6698108200565525,28.061014649724182,1.8495421939317662,1.6674527050141381,7.0152536624310455,34.11322019923006,8.528305049807514,,,
2537,0.27138090982630275,0.26893337529620964,1.623030078804378,20,2.2455966380088914,9.422887950988885,9.337904657034992,56.35485039624562,2.3557219877472213,2.334476164258748,14.088712599061404,77.97160646494473,19.492901616236182,,,
2554,-0.03134994949096122,0.0647626474159373,0.9053699742594219,29,1.234288357655798,-1.0885329462251554,2.248688643576175,31.436256246235647,-0.27213323655628885,0.5621721608940438,7.859064061558912,42.85696035452462,10.714240088631154,,,
2586,0.05878758882633271,0.20118370007729924,0.7855130798999603,401,0.9825594551159197,2.0412226592279246,6.985500434083985,27.274585160286424,0.5103056648069811,1.7463751085209962,6.818646290071606,34.11642940053496,8.52910735013374,,,
2596,0.04096628816277814,-0.019926178536003647,1.5456633571792109,24,2.172114052876146,1.4224314575879826,-0.6918767711271187,53.66852308797656,0.35560786439699565,-0.17296919278177966,13.41713077199414,75.42014414396553,18.855036035991382,,,
2599,0.0020854403579022573,0.0023815089762369013,0.464255345634845,32,0.6809940777689422,0.07241066010708218,0.08269075467289769,16.11987411113309,0.018102665026770545,0.020672688668224422,4.029968527783272,23.64547636829321,5.911369092073302,,,
2604,0.17958818136174534,0.15271315755886405,0.7593235180076047,24,0.8192921506639638,6.235660833242522,5.302506256758878,26.36523119226005,1.5589152083106306,1.3256265641897196,6.591307798065013,28.44746205535415,7.111865513838538,,,
2615,0.0720739876705391,0.16266824252490342,0.7091895711475092,494,0.8210968468788457,2.5025529998964586,5.648166716949697,24.62448028938382,0.6256382499741147,1.4120416792374242,6.156120072345955,28.51012471732728,7.12753117933182,,,
2616,0.03246942124051887,0.09508830117875433,0.7273340986502607,93,1.0408425710337077,1.1274032443132962,3.301655993528708,25.25449457333435,0.28185081107832405,0.825413998382177,6.313623643333588,36.1401357514324,9.0350339378581,,,
2627,0.1379678723587501,0.0510079722488594,0.7291854703702942,35,0.8122043388878604,4.7905204640405215,1.771098812424896,25.318777902197358,1.1976301160101304,0.442774703106224,6.329694475549339,28.201359054864287,7.050339763716072,,,
2663,0.15210966157247463,0.2184320254873822,0.5658131513122904,31,0.7157081048301216,5.281551669119464,7.584396788972885,19.646164239865346,1.320387917279866,1.8960991972432213,4.9115410599663365,24.850816815911482,6.212704203977871,,,
2669,0.011218389235880335,-0.003459499535917905,2.528143998074057,57,3.023622277012874,0.389524911048237,-0.12012074288614151,87.78221590112742,0.09738122776205925,-0.030030185721535377,21.945553975281854,104.98621270244101,26.246553175610252,,,
2670,0.17410107934298677,0.35772408978975406,1.3136192655510148,22,1.5811568439347705,6.045137676947187,12.42089584567984,45.61148813846234,1.5112844192367967,3.10522396141996,11.402872034615585,54.900927935103105,13.725231983775776,,,
2673,-0.0163674708308763,-0.05327468744521525,1.6818741664752277,125,2.458272959811467,-0.5683113221896869,-1.8498036974727639,58.39803480835286,-0.14207783054742174,-0.46245092436819096,14.599508702088215,85.35615371057376,21.33903842764344,,,
2677,0.030128531465463293,-0.01419720084942677,0.7611222833022667,53,0.9990640199447329,1.0461228695438165,-0.4929552078937963,26.427687920821306,0.2615307173859541,-0.12323880197344908,6.6069219802053265,34.68950090052102,8.672375225130255,,,
2680,-0.024958797683782646,0.0309684442384611,0.4366458930781501,23,0.6095269655569864,-0.8666193731763011,1.0752863208478463,15.161218699459528,-0.21665484329407528,0.26882158021196156,3.790304674864882,21.163995298069683,5.290998824517421,,,
2706,0.0076262925779965775,0.006778446506833589,0.4195284648706904,340,0.7004526302176811,0.26480013089319715,0.23536121961027587,14.566867357240113,0.06620003272329929,0.05884030490256897,3.6417168393100283,24.321116226418326,6.0802790566045815,,,
2711,0.009755878339879018,0.03068456097167143,0.6125956422126818,25,0.7289925941195713,0.3387436077172793,1.0654293260583754,21.27054588890874,0.08468590192931982,0.26635733151459384,5.317636472227185,25.312080853019754,6.328020213254939,,,
2726,0.15591174717374284,0.14515463909276358,0.545672929720714,23,0.6595861753937874,5.413567685366699,5.040059378578937,18.94685546576263,1.3533919213416747,1.2600148446447343,4.736713866440658,22.902151182023086,5.725537795505772,,,
2736,-0.001521363318215788,0.027193300672637165,0.3381796948977439,68,0.40426715339864455,-0.052824777135088596,0.9442057859553077,11.742275366239465,-0.013206194283772149,0.23605144648882692,2.935568841559866,14.036964100307737,3.509241025076934,,,
2743,0.22265922471137028,0.16592430613961306,0.8463513617077443,55,1.0055366974682025,7.7311736004282,5.7612237577796455,29.387011981216297,1.93279340010705,1.4403059394449114,7.346752995304074,34.91424520949093,8.728561302372732,,,
2749,-0.030536625754853667,-0.00902414077485632,0.9185992454037972,22,1.1383435612183406,-1.0602927194600291,-0.31333621598456113,31.895602998910647,-0.2650731798650073,-0.07833405399614028,7.973900749727662,39.52556513262322,9.881391283155805,,,
2773,0.07969596477481154,0.11217183124038736,0.6430459309471132,133,0.7272736259820365,2.7672032889110065,3.8948303243287303,22.327840814345663,0.6918008222277516,0.9737075810821826,5.581960203586416,25.252394841348274,6.313098710337068,,,
2787,0.0011017453678259937,0.007499925993110872,1.8813246461969741,19,2.363728648286956,0.03825480266165415,0.2604124303327957,65.32335436525133,0.009563700665413538,0.06510310758319893,16.330838591312833,82.0733861258197,20.518346531454924,,,
2799,-0.13586471561612257,0.16265858900520888,0.7075429004819015,24,0.8124616190668362,-4.717494655623008,5.647831527438863,24.567304590532583,-1.179373663905752,1.4119578818597158,6.141826147633146,28.210292337238688,7.052573084309672,,,
2800,0.15045037157023758,-0.024947366864572097,0.615461263389657,37,0.747725900373856,5.22393780166179,-0.8662224722716724,21.370045987415672,1.3059844504154474,-0.2165556180679181,5.342511496853918,25.96253871278103,6.490634678195257,,,
2818,-0.015488180696620614,0.1466844307911531,0.5608736199607898,57,0.6499604795064633,-0.537780610148061,5.093176805930418,19.474653832278545,-0.13444515253701525,1.2732942014826045,4.868663458069636,22.56792776942342,5.641981942355855,,,
2819,0.17667527213862338,0.2065856082227137,0.7718601696829843,141,0.9034878796023923,6.134518799197282,7.1730654887090655,26.800528811732583,1.5336296997993204,1.7932663721772664,6.700132202933146,31.370906155554266,7.8427265388885665,,,
2841,0.06071748101822036,0.046705792670807836,0.5970934013724079,88,0.7000503618115282,2.1082323759146475,1.6217185331157897,20.732277082452747,0.5270580939786619,0.40542963327894743,5.183069270613187,24.307148662819884,6.076787165704971,,,
2866,0.06337524421201461,0.05912720976986876,0.5964257848461659,101,0.6704398346097032,2.2005152295295716,2.0530149776293833,20.709096101428575,0.5501288073823929,0.5132537444073458,5.177274025357144,23.279011937318117,5.819752984329529,,,
2867,0.16874918459577937,0.258696744193689,1.0916570454304513,49,1.4443709958829078,5.8593091875346515,8.982468351893269,37.90451593143613,1.4648272968836629,2.2456170879733173,9.476128982859032,50.151449719046326,12.537862429761581,,,
2893,0.08692994507157437,0.1780216850300145,0.9347741133914768,56,1.1918014962493246,3.0183815527752054,6.181268947612164,32.45722676517886,0.7545953881938013,1.545317236903041,8.114306691294715,41.381731552769054,10.345432888192263,,,
2894,0.12488038226161456,0.10566969544918771,0.5689706819616605,144,0.6466363041886576,4.336096632887781,3.669063165386696,19.755800019072776,1.0840241582219452,0.917265791346674,4.938950004768194,22.45250575403857,5.613126438509642,,,
2906,0.002605245279549345,-0.005029353159754477,0.5654752449032179,1008,0.7728507041402093,0.09045932659651236,-0.17462920041299496,19.634431453529533,0.02261483164912809,-0.04365730010324874,4.908607863382383,26.83492214915635,6.708730537289087,,,
2912,0.029102495332012673,0.2550547657619279,0.8160398259747031,66,0.9670358597180956,1.010496842918144,8.856011576785662,28.334534837493642,0.252624210729536,2.2140028941964154,7.0836337093734105,33.57741912113172,8.39435478028293,,,
2917,0.04819363812734017,-0.09704503068417396,0.5323106849113556,21,0.6299061804915277,1.6733795030575054,-3.369597555415888,18.48289160149209,0.41834487576437634,-0.842399388853972,4.620722900373022,21.871602399026827,5.467900599756707,,,
2924,0.0077778534112058805,-0.001344128415648053,0.2652761323244512,42,0.34023379622927247,0.2700626261438906,-0.0466708268481317,9.210917866569595,0.06751565653597265,-0.011667706712032926,2.3027294666423987,11.8135978726728,2.9533994681682,,,
2944,0.1095855113639734,0.18818606428127652,0.5489053277330013,31,0.6115174387197978,3.805028125579885,6.534196523974483,19.05909078954527,0.9512570313949712,1.6335491309936208,4.764772697386317,21.23310850722882,5.308277126807205,,,
2948,0.20299429681830644,0.2316198945294957,1.020494780129851,20,1.5819308094515645,7.048367974125236,8.04230597785315,35.43361975566869,1.762091993531309,2.0105764944632876,8.858404938917172,54.92780156577722,13.731950391444306,,,
2976,-0.005251050115457578,-0.009732916445445787,0.40020159862612625,22,0.5453182756940927,-0.18232696210891802,-0.33794632481876863,13.895799907496356,-0.045581740527229506,-0.08448658120469216,3.473949976874089,18.934541168650288,4.733635292162572,,,
2983,-0.14996572492324844,0.20501043702943278,1.009286754420041,32,1.4932256027966424,-5.207109900785032,7.118372394535966,35.044454686972664,-1.301777475196258,1.7795930986339914,8.761113671743166,51.84777938030502,12.961944845076255,,,
2986,-0.0013012864924099859,-0.0006889290151616479,1.7105923136678816,250,2.1686899037079144,-0.04518326958945953,-0.02392099326444274,59.39518631517618,-0.011295817397364882,-0.005980248316110685,14.848796578794046,75.3012508365462,18.82531270913655,,,
3009,-0.025369050641060247,0.019850416087487183,0.32311795418074096,70,0.42784161694255246,-0.8808641763588939,0.68924614738973,11.219301605063688,-0.22021604408972348,0.1723115368474325,2.804825401265922,14.855516623479307,3.7138791558698268,,,
3023,-0.014507480439115861,-0.1647323150917328,0.8732527724524178,23,1.0477669251557788,-0.503728735806981,-5.719835444615147,30.321082765092854,-0.12593218395174524,-1.4299588611537868,7.580270691273213,36.380563175258956,9.095140793814739,,,
3036,0.009417101027314143,0.010181851349129613,0.3194129845717061,21,0.4879048283005083,0.3269805818704017,0.3535342425444784,11.090657650298779,0.08174514546760042,0.0883835606361196,2.7726644125746946,16.94103144825025,4.2352578620625625,,,
3040,0.00047561208473798436,0.0018953396880969158,0.2274496238821959,202,0.2925855393331947,0.016514202806272294,0.06580998465010111,7.897505840437606,0.0041285507015680735,0.01645249616252528,1.9743764601094016,10.159155096727186,2.5397887741817966,,,
3050,0.15091228853095345,0.2053954213527709,0.7386192876076998,25,0.8265572419189916,5.239976482371766,7.131739820210911,25.646338904314554,1.3099941205929415,1.7829349550527278,6.4115847260786385,28.699720553911227,7.174930138477807,,,
3060,0.017971132135552164,0.19490805060884733,0.649189930244192,24,0.7885879643166381,0.6239936500106422,6.767597333240397,22.541172757938835,0.15599841250266056,1.6918993333100993,5.635293189484709,27.38135129700231,6.845337824250578,,,
3064,0.14925695822639493,0.12604431535243255,0.6981993019363176,30,0.8361425029380253,5.182500103536885,4.376510717667163,24.24287616183282,1.2956250258842212,1.0941276794167907,6.060719040458205,29.032539987014115,7.258134996753529,,,
3069,0.0574213415901206,0.1277858222953176,0.5861611477219548,22,0.6655750473825621,1.9937838226921676,4.436979321738018,20.352687371201718,0.4984459556730419,1.1092448304345044,5.0881718428004294,23.110096795217324,5.777524198804331,,,
3078,0.005069383060189129,0.22676168559909118,0.671323111087236,31,0.846461658657986,0.17601911861588695,7.873619247371645,23.30968106317101,0.04400477965397174,1.9684048118429112,5.827420265792752,29.39084171192259,7.3477104279806476,,,
3089,0.006320065690578749,0.0012617203736297808,0.5022834918432217,147,0.711805764951262,0.21944532090827534,0.04380945481317325,17.440287403780346,0.054861330227068836,0.010952363703293312,4.360071850945086,24.71531977063772,6.17882994265943,,,
3133,-0.07403691523012575,0.03101209817076551,0.6247680833044502,35,0.8137912529385598,-2.570709770620426,1.07680207268532,21.693197388497122,-0.6426774426551065,0.26920051817133,5.4232993471242805,28.256459884532674,7.0641149711331686,,,
3144,0.09731711357252146,0.11890845147949956,0.566028079493246,78,0.6641826107833133,3.3790448174650902,4.128739252271184,19.653626976164485,0.8447612043662726,1.032184813067796,4.913406744041121,23.061748611618206,5.765437152904552,,,
3156,0.006702517314624427,-0.017917596612033897,1.876206940324199,53,2.3939227874028113,0.23272480619838937,-0.622134789563041,65.14565738193684,0.05818120154959734,-0.15553369739076026,16.28641434548421,83.12178702420042,20.780446756050104,,,
3160,0.009660449385591657,0.019805133726649733,0.9512797465813865,546,1.3864539514390037,0.3354301235665135,0.687673853256732,33.0303353607989,0.08385753089162838,0.171918463314183,8.257583840199725,48.14045410186509,12.035113525466272,,,
3170,0.06053928470328742,0.22852240605422408,1.3658356020650897,20,1.7034362757064867,2.102045043467546,7.934754983014769,47.424543774904045,0.5255112608668865,1.9836887457536923,11.856135943726011,59.14671436508063,14.786678591270158,,,
3174,0.14950264432702,0.27481096277362876,0.9028540980690465,296,1.2167362088522324,5.191030816322789,9.541986249425939,31.348899993153434,1.2977577040806973,2.3854965623564848,7.837224998288359,42.24751464376722,10.561878660941804,,,
3199,0.32478703784222773,0.3731845338384261,0.9639760399004883,32,1.4391697991493044,11.277255527957832,12.957713383937831,33.471176057424756,2.819313881989458,3.2394283459844577,8.367794014356189,49.97085376606215,12.492713441515537,,,
3210,0.20283695259415632,0.16240060463946374,0.8052828937464167,65,0.9162237084729301,7.042904667974296,5.63887379429146,27.96103263666308,1.760726166993574,1.409718448572865,6.99025815916577,31.81311960559708,7.95327990139927,,,
3226,0.07941888740958329,0.08884838924163996,0.5709111440914502,42,0.6315617880633628,2.757582608635551,3.084993771248223,19.823176745143332,0.6893956521588878,0.7712484428120557,4.955794186285833,21.929088405136085,5.482272101284021,,,
3248,0.10021153893613917,0.19102962390668035,0.6442296697536551,374,0.7328312070002195,3.4795450549406244,6.632930601287756,22.368942593186414,0.8698862637351561,1.658232650321939,5.592235648296604,25.445365169461624,6.361341292365406,,,
3255,0.0022056548273008303,0.25587323056617356,1.1274596644891408,89,1.3717939654980273,0.07658474691353943,8.88443031171868,39.14765447039195,0.01914618672838486,2.22110757792967,9.786913617597987,47.63143007002251,11.907857517505628,,,
3263,0.009815830340250856,0.001983374172913352,1.3797767709119029,43,2.2503292640837196,0.34082526107419026,0.06886671803189741,47.90860903960309,0.08520631526854756,0.017216679507974352,11.977152259900773,78.13593270751491,19.533983176878728,,,
3290,-0.07281549111290851,0.13235473616345328,0.49082107436685846,31,0.5859590526985722,-2.5282994824224096,4.595621149067425,17.04228934416606,-0.6320748706056024,1.1489052872668561,4.260572336041515,20.345670227799825,5.086417556949956,,,
3302,-0.003158235506217667,0.006204269792299591,0.06499626164243157,26,0.11008435119195564,-0.10966025324688983,0.2154246557282264,2.2568001967485087,-0.027415063311722457,0.0538561639320566,0.5642000491871272,3.822348842087084,0.955587210521771,,,
3315,0.0011421478623815482,-0.00014532129048396033,0.35412889606018677,568,0.4477828037814636,0.03965765807761212,-0.005045845848184071,12.296063529001806,0.00991441451940303,-0.0012614614620460177,3.0740158822504515,15.54791451289998,3.886978628224995,,,
3319,0.06710348681739049,0.16960225299202136,0.5982221283045658,20,0.6881754986059735,2.329967269273433,5.888929428388966,20.771468738991135,0.5824918173183582,1.4722323570972415,5.192867184747784,23.894829662596614,5.973707415649153,,,
3320,0.1570927937511442,0.20700309656122612,0.6748869075673857,25,0.8197819199347635,5.45457598462723,7.187561518798893,23.433423204554767,1.3636439961568074,1.7968903796997233,5.858355801138692,28.464467823974857,7.116116955993714,,,
3335,0.18040611160585163,0.17991167423683924,0.7175100659273418,44,0.8696160766918257,6.26406100717838,6.246893152851532,24.913384509129163,1.566015251794595,1.561723288212883,6.228346127282291,30.194809414893573,7.548702353723393,,,
3336,0.06503435545771534,0.11455912258132472,0.6306112487469435,173,0.7714241915374447,2.258122890202792,3.9777218542687574,21.896083778991375,0.564530722550698,0.9944304635671893,5.474020944747844,26.785390778563155,6.696347694640789,,,
3339,0.0010863355026430248,0.0013403796374938893,0.6345903266615702,965,0.8155648227507528,0.03771974132277111,0.046540661773062826,22.034245322343043,0.009429935330692777,0.011635165443265707,5.508561330585761,28.31804177555164,7.07951044388791,,,
3355,0.07836818957679718,0.07510096479805309,0.7905942087339553,38,0.9362165514039069,2.721100278485552,2.6076556997179994,27.451012115660394,0.680275069621388,0.6519139249294998,6.862753028915098,32.507311097846454,8.126827774461614,,,
3357,-0.060609232919825805,0.02680119181303437,1.4356555411120802,49,1.7482309895723898,-2.1044737854421918,0.9305909821321795,49.84883169849365,-0.5261184463605479,0.23264774553304488,12.462207924623412,60.70207641993252,15.17551910498313,,,
3358,0.21167056298033263,-0.1592426158272328,1.1726170414203152,21,1.6455783884834905,7.34962528780311,-5.529222106753177,40.71560891219619,1.8374063219507775,-1.3823055266882942,10.178902228049047,57.137772804923756,14.284443201230939,,,
3359,0.04326333598208459,0.10609878022034668,0.6782387663104362,22,0.7825538591708341,1.502189551969941,3.6839618468108775,23.549806443830967,0.37554738799248527,0.9209904617027194,5.887451610957742,27.1718350981297,6.792958774532425,,,
3401,0.11490954813991568,-0.04651063980971278,2.1383853671527273,52,2.7280475607988652,3.9898893305141523,-1.6149424354728472,74.249016718277,0.9974723326285381,-0.4037356088682118,18.56225417956925,94.7232674060582,23.68081685151455,,,
3429,0.22032812880532646,0.33194775425868556,2.406105019774107,25,2.9004500639501654,7.650233288378545,11.52588992337008,83.54477849659655,1.9125583220946363,2.88147248084252,20.886194624149137,100.70942712047764,25.17735678011941,,,
3431,-0.03677298036432737,0.045228835539304714,0.5859749433651412,35,0.6672625143785803,-1.276831424210175,1.5704356275957383,20.346221983524433,-0.31920785605254376,0.3926089068989346,5.086555495881108,23.168689024253066,5.7921722560632665,,,
3437,0.15488436604981834,-0.03190231425516288,0.7589935461993221,24,0.8643753031220397,5.377894957981793,-1.1077121555677656,26.353773911132865,1.3444737394954482,-0.2769280388919414,6.588443477783216,30.012839275003465,7.503209818750866,,,
3443,-0.03657135887008577,0.026456996500107143,0.738961327843465,46,1.0956263760903824,-1.2698307226871182,0.9186398324767202,25.658215225380793,-0.31745768067177954,0.22965995811918005,6.414553806345198,38.04233903061026,9.510584757652564,,,
3461,0.028512594856980426,-0.00580745428417696,0.8639330553803638,154,1.1207753238345677,0.9900143186240744,-0.20164642765519242,29.997483548916993,0.2475035796560186,-0.050411606913798104,7.499370887229248,38.91556079418386,9.728890198545965,,,
3477,0.18296417725922218,0.22688204584068508,0.7389495230475541,78,0.8669044138069617,6.352882162794713,7.8777983956802675,25.657805339257177,1.5882205406986782,1.9694495989200669,6.414451334814294,30.100655056205326,7.525163764051332,,,
3497,0.07308899377637065,0.14464058416470804,0.6718976301351144,357,0.7634475629043764,2.537796041903142,5.022210363366993,23.329629513551442,0.6344490104757855,1.2555525908417482,5.8324073783878605,26.50842627916576,6.62710656979144,,,
3529,0.0075949582593169826,0.015504218162749587,0.41606388618725076,23,0.5475322318116413,0.26371214068000426,0.5383374630469911,14.446570256193722,0.06592803517000106,0.1345843657617478,3.6116425640484304,19.011414152963813,4.752853538240953,,,
3535,0.23388137021558725,0.12927833716219383,0.9232071989763172,38,1.0941290812564013,8.120828936625621,4.488802422945694,32.055600362855685,2.0302072341564052,1.1222006057364236,8.013900090713921,37.990349959384766,9.497587489846191,,,
3549,-0.01103681274034961,0.0205753376819852,0.9410971064916804,36,1.1255940272767224,-0.38322021197041917,0.7144168749938902,32.67677373160413,-0.09580505299260479,0.17860421874847254,8.169193432901032,39.082875815102355,9.770718953775589,,,
3553,0.029914958799516736,-0.1539441283903039,1.227768413460651,29,1.509843844831431,1.0387071994368202,-5.345248025968132,42.63057485218073,0.25967679985920505,-1.336312006492033,10.657643713045182,52.42479798023695,13.106199495059238,,,
3564,0.12892469525912809,0.12591013002553,0.6925224400774344,676,0.7888174615300959,4.476523268787446,4.371851534746453,24.045764164368677,1.1191308171968615,1.0929628836866132,6.011441041092169,27.38931989924799,6.847329974811998,,,
3576,0.007363170414023335,0.06214559110631428,0.7315552005075299,42,0.9144374798763998,0.25566400311571824,2.1578192143934443,25.401059672022452,0.06391600077892956,0.5394548035983611,6.350264918005613,31.751098176268354,7.937774544067088,,,
3587,0.0304324952072048,0.024509335392815156,0.2884636995814712,33,0.352070168429306,1.056677098584565,0.8510131435093279,10.016036576867844,0.26416927464614126,0.21275328587733197,2.504009144216961,12.224580388202364,3.056145097050591,,,
3588,0.043505332499190925,0.19236194222254868,0.7289331740994903,54,0.8881970195700571,1.5105921550369075,6.6791913578513356,25.310017671082505,0.37764803875922687,1.6697978394628339,6.327504417770626,30.839976913511524,7.709994228377881,,,
3589,0.0011822818414855313,-0.07108268930899138,0.7244740457961463,112,1.0881200352406615,0.04105119010006062,-2.468133138186799,25.155187818133793,0.010262797525015155,-0.6170332845466997,6.288796954533448,37.78170386362625,9.445425965906562,,,
3599,0.11833988688312473,0.26653866562928596,0.7686097692485668,80,0.8865119438678534,4.1089975523558575,9.254755547980068,26.68766840784874,1.0272493880889644,2.313688886995017,6.671917101962185,30.781467714979605,7.695366928744901,,,
3607,-0.20573371332716847,0.09800246482489597,0.7898370678572966,21,0.9789794268178097,-7.143485994145944,3.402841583650038,27.42472267014105,-1.785871498536486,0.8507103959125095,6.856180667535263,33.99212365796799,8.498030914491997,,,
3633,0.10224845361310299,0.12640096222436967,0.6457054424984362,106,0.8742739027274822,3.550270806354162,4.388894210354564,22.420184374430704,0.8875677015885405,1.097223552588641,5.605046093607676,30.35653845050364,7.58913461262591,,,
3644,0.181939281476974,0.16842316867957538,0.7752242656843078,27,0.9428930543910633,6.317295731443491,5.8479892628922165,26.917336953090537,1.5793239328608728,1.4619973157230541,6.729334238272634,32.7391326345665,8.184783158641626,,,
3651,-0.00040718395552516993,-0.00015633093724432,0.2626735775767708,40,0.37137204695604603,-0.01413824130374495,-0.005428122802997279,9.120551960620636,-0.0035345603259362376,-0.0013570307007493199,2.280137990155159,12.894780214407831,3.2236950536019577,,,
3680,0.011507489433666966,0.20667418083268488,1.080172184327408,68,1.3938175043573322,0.3995630481157844,7.176140906872485,37.50573858421626,0.0998907620289461,1.7940352267181212,9.376434646054065,48.39613138629529,12.099032846573822,,,
3697,0.0005218876417108766,0.2014494487307877,0.7043653243036252,27,0.7899243105993675,0.018120982695485056,6.994727758830411,24.456972790470473,0.004530245673871264,1.7486819397076028,6.114243197617618,27.42775191263124,6.85693797815781,,,
3698,0.15897593515912734,0.09002908519752548,0.543217633938586,47,0.61105378622549,5.51996242059522,3.1259898962284796,18.861602685615583,1.379990605148805,0.7814974740571199,4.715400671403896,21.217009565321465,5.304252391330366,,,
3711,0.16622579375648014,0.12608093784463076,1.0346707619039508,36,1.6489361034488812,5.771692010812504,4.377782323841269,35.925838194828984,1.442923002703126,1.0944455809603173,8.981459548707246,57.25435938395206,14.313589845988014,,,
3735,0.013654474884147574,0.09447734821278042,0.5177715233309685,37,0.6434992699697979,0.4741106769273721,3.280442484644162,17.97806283309789,0.11852766923184302,0.8201106211610405,4.494515708274473,22.343581651891324,5.585895412972831,,,
3739,0.05372130596826423,0.10347561932030658,0.7014319968195719,20,0.8862743690841295,1.8653111858300706,3.592880454039685,24.355121793569175,0.46632779645751765,0.8982201135099213,6.088780448392294,30.773218643339145,7.693304660834786,,,
3769,-0.0016626233220085852,0.2060713086040596,0.7251808829567237,25,0.8027849049926223,-0.057729606986782096,7.155207977350157,25.17973061802336,-0.014432401746695524,1.7888019943375393,6.29493265450584,27.874297471153834,6.968574367788459,,,
3770,-0.0005246483639894987,-0.00015094686003679875,0.5391222255409638,917,0.6919006761550416,-0.018216840494443373,-0.0052411768741977265,18.719401915233345,-0.004554210123610843,-0.0013102942185494316,4.679850478808336,24.024175277455356,6.006043819363839,,,
3795,0.04856877627609298,0.08244492186159719,2.2101813766226885,78,2.7403470135454513,1.6864050498585006,2.8626525768783777,76.741917759093,0.42160126246462515,0.7156631442195944,19.18547943977325,95.15032900432516,23.78758225108129,,,
3806,0.17396449525032812,0.014535912598822042,0.5697464293120601,23,0.6630754868961416,6.040395204081893,0.5047159572562989,19.78273551857335,1.5100988010204732,0.12617898931407473,4.9456838796433376,23.02330705600783,5.755826764001958,,,
3810,0.025910947571843323,-0.02889564105117077,0.5007384326783626,43,0.6202634055425625,0.8996799215895439,-1.0033144485787515,17.386639859458107,0.22491998039738598,-0.2508286121446879,4.346659964864527,21.536785967248857,5.384196491812214,,,
3811,0.11140250650182726,0.12687679734821602,0.7376849568369528,147,0.8800621716767792,3.868117830756446,4.405416157524757,25.613897071292676,0.9670294576891115,1.1013540393811891,6.403474267823169,30.55751872496113,7.639379681240283,,,
3825,-0.013199369728004798,0.14446499164017723,0.7911709898996248,43,0.959022534501417,-0.4583085156957826,5.016113439730234,27.471039111294772,-0.11457712892394566,1.2540283599325586,6.867759777823693,33.2991804429582,8.32479511073955,,,
3835,-0.0021115060367732016,-0.014108902314856972,1.9337444254588643,314,2.4573519863720965,-0.07331571260883911,-0.4898893061764638,67.14347394078268,-0.018328928152209777,-0.12247232654411595,16.78586848519567,85.32417567081194,21.331043917702985,,,
3840,0.053946209524609726,0.004410799469201703,0.8591499011344823,52,1.0978152577530087,1.8731202871134989,0.15315177916962153,29.831402867191496,0.4682800717783747,0.03828794479240538,7.457850716797874,38.11834137969997,9.529585344924993,,,
3856,0.11105968223037485,0.1539207073973208,0.563147517432764,21,0.639951028227798,3.8562142864030755,5.344434802249773,19.553608100300433,0.9640535716007689,1.3361087005624432,4.888402025075108,22.220379602125604,5.555094900531401,,,
3862,4.602958321734522e-05,0.0005377042220374909,0.8480051306159686,928,1.2698460407018792,0.0015982391884726609,0.01867016599758576,29.444434145247662,0.0003995597971181652,0.00466754149939644,7.3611085363119155,44.09159422525065,11.022898556312663,,,
3868,-0.0884853945787742,0.11208610025035114,1.5361550707428222,31,1.8465284268426525,-3.072389870564198,3.891853572892692,53.33837636633228,-0.7680974676410495,0.972963393223173,13.33459409158307,64.11516003683059,16.028790009207647,,,
3881,0.11904008280556261,0.1955790391025233,0.691530645130144,181,0.8178927582655668,4.133309755174745,6.790895395717815,24.01132706020886,1.0333274387936862,1.6977238489294537,6.002831765052215,28.398872352497012,7.099718088124253,,,
3957,0.15094567752216612,0.05534551286585778,0.5780075603833468,19,0.6448472802975742,5.241135814924652,1.921706897728314,20.069578511630567,1.310283953731163,0.4804267244320785,5.017394627907642,22.39038726649237,5.597596816623093,,,
3964,0.06123959941096377,0.07382027795910621,0.5969843070568465,183,0.703557659260153,2.126361370747484,2.5631876912960863,20.728489109627823,0.531590342686871,0.6407969228240216,5.182122277406956,24.428929044831033,6.107232261207758,,,
3970,0.023682422815432973,0.32690692474922195,0.7654955757431223,21,0.9032886561240727,0.8223010849974637,11.350862241142485,26.579537380952694,0.20557527124936592,2.837715560285621,6.644884345238173,31.363988717940053,7.840997179485013,,,
4019,0.08068780704735161,0.04261567635373922,0.4344653607968322,20,0.5153773275598527,2.8016420362981425,1.4797015143545331,15.085506257587607,0.7004105090745356,0.3699253785886333,3.7713765643969017,17.894931567533206,4.4737328918833015,,,
4021,0.04197698792984422,0.2469957143375397,0.8191346276905338,41,1.0037733574478362,1.4575249749000512,8.576185193228053,28.441992542670715,0.3643812437250128,2.144046298307013,7.110498135667679,34.853018517303774,8.713254629325943,,,
4031,0.08442096939000435,0.09811565404258377,0.9449179034663567,21,1.0519078841359497,2.931264899159731,3.4067717396665937,32.80943944415884,0.7328162247899328,0.8516929349166484,8.20235986103971,36.52434555296845,9.131086388242112,,,
4077,0.25100044838408125,-0.10749465826174393,1.716998648950049,27,2.3688337346755706,8.71523756879207,-3.7324295241642726,59.617627088843605,2.1788093921980174,-0.9331073810410682,14.904406772210901,82.25064493540516,20.56266123385129,,,
4092,0.12543439858704308,0.11002429386286411,0.78945469873229,88,1.3180634813729657,4.35533318773931,3.8202635315063675,27.411446049382576,1.0888332969348276,0.9550658828765919,6.852861512345644,45.765800200232114,11.441450050058029,,,
4095,-0.0775047426978284,-0.13189958171628893,1.9682971008150405,38,2.636993536375671,-2.6911196759539977,-4.579817276352984,68.34321193449983,-0.6727799189884994,-1.144954319088246,17.08580298362496,91.56168957003605,22.890422392509013,,,
4123,0.08593848432855136,0.15904809418542332,0.6840082893327198,444,0.8097328268607404,2.9839560528559606,5.522467926306269,23.750135822210698,0.7459890132139901,1.3806169815765672,5.9375339555526745,28.11554321425863,7.028885803564657,,,
4133,-0.01968833133615282,-0.007756277220343744,0.7281411930139337,34,1.0134647559970005,-0.6836182406538983,-0.2693134576447755,25.282518503829806,-0.17090456016347458,-0.06732836441119387,6.3206296259574515,35.18952325772785,8.797380814431962,,,
4150,0.1633893988989547,0.35682176172698504,0.9878198274553395,78,1.1225116964206792,5.673206708569506,12.389565210684376,34.2990800489043,1.4183016771423764,3.097391302671094,8.574770012226075,38.97585112311882,9.743962780779706,,,
4166,0.00337546261774323,-0.010534603933127206,0.9333362076549551,174,1.239270106424726,0.11720281301328044,-0.36578251776604287,32.407299802195354,0.02930070325332011,-0.09144562944151072,8.101824950548838,43.02993663527934,10.757484158819835,,,
4173,-0.041317508576531464,0.20203643514948558,0.4514591195179395,42,0.5528310550408515,-1.4346265327943255,7.015109101260438,15.675563547901895,-0.3586566331985814,1.7537772753151095,3.9188908869754737,19.195399893128446,4.7988499732821115,,,
4176,-0.052683198043365125,0.057246945123987064,0.4408969597481874,26,0.5229283437429777,-1.829266002461724,1.987728428595079,15.308824236376562,-0.457316500615431,0.49693210714876973,3.8272060590941406,18.157117951443674,4.539279487860918,,,
4204,0.15500144968933266,0.2609426111444605,0.6445494371835797,41,0.7410291710760235,5.381960336113009,9.060449344157957,22.380045557888256,1.3454900840282522,2.2651123360394894,5.595011389472064,25.730014878101688,6.432503719525422,,,
4221,-0.03198798478527359,0.11517450670452346,0.5619265693599905,27,0.6373175255054858,-1.1106868077142698,3.999089221794464,19.51121434131759,-0.27767170192856744,0.999772305448616,4.8778035853293975,22.12893912060148,5.53223478015037,,,
4232,0.07401856085733025,0.043839947590601364,0.4552082151071834,49,0.5754371596352011,2.570072470088221,1.5222106602408607,15.805739644951622,0.6425181175220552,0.3805526650602152,3.9514349112379055,19.980329056853456,4.995082264213364,,,
4238,0.02852468088499398,0.21228977648481004,1.1466079158304145,146,1.5777264950854348,0.9904339696887611,7.371125619105574,39.81252005346366,0.24760849242219027,1.8427814047763935,9.953130013365914,54.78181936235647,13.695454840589118,,,
4239,-0.03328689135417939,0.16677141160641273,0.4512430567458417,73,0.5555252069250912,-1.1557874415998168,5.790636953797863,15.668061416329117,-0.2889468603999542,1.4476592384494658,3.917015354082279,19.288946234853018,4.8222365587132545,,,
4251,-0.04277026830918203,-0.06659522747850816,0.6072565661230016,25,0.7854546281973245,-1.4850692562314185,-2.31231948850876,21.08516248892286,-0.3712673140578546,-0.57807987212719,5.271290622230715,27.272555600267502,6.8181389000668755,,,
4260,-0.06386912282040626,-0.14437091232996468,1.5794096213095685,33,2.186942753426861,-2.217663682570146,-5.012846817921034,54.84026087111084,-0.5544159206425365,-1.2532117044802584,13.71006521777771,75.93502628448748,18.98375657112187,,,
4263,0.0360853162852566,0.21674934521243797,0.6051773778952177,35,0.6905786388978671,1.2529543520566797,7.525970764466272,21.012968915277753,0.3132385880141699,1.881492691116568,5.253242228819438,23.978271499811743,5.994567874952936,,,
4267,0.07064772483912367,0.10922756552006904,1.1749376991618121,171,1.5042019740534691,2.453030301864052,3.7925995299878372,40.79618679029644,0.613257575466013,0.9481498824969593,10.19904669757411,52.228900943084554,13.057225235771138,,,
4272,0.225890077039905,0.3110672556294936,0.875143202005876,53,1.2173884202759324,7.843355254979581,10.800877249967277,30.38672226004803,1.9608388137448953,2.7002193124918192,7.596680565012007,42.270160728820926,10.567540182205232,,,
4283,0.012791653550210889,0.0024972728372190654,0.33690926459445214,41,0.41386008154642423,0.44415179457042253,0.08671030745392039,11.698163485248568,0.11103794864260563,0.021677576863480097,2.924540871312142,14.370049751454943,3.5925124378637356,,,
4285,0.06198161323168468,0.29046527627497043,0.5865739142980405,36,0.6630190731043754,2.152125574630556,10.085535322819524,20.367019452256564,0.538031393657639,2.521383830704881,5.091754863064141,23.02134825633012,5.75533706408253,,,
4290,0.0016888995750697848,-0.0008010945351063346,0.34587448000203896,403,0.4406193039626802,0.05864197104557307,-0.02781560444796215,12.009453694630798,0.014660492761393267,-0.006953901111990538,3.0023634236576995,15.299183472192182,3.8247958680480454,,,
4295,0.035772527020913845,0.0720105652823922,0.41981055054046257,27,0.5164780093040892,1.2420936832201706,2.500350847735222,14.576661935865943,0.31052342080504264,0.6250877119338055,3.6441654839664857,17.933149439056585,4.483287359764146,,,
4302,-0.013677128588840123,0.07807404603172292,0.4181764012963097,19,0.518875477640642,-0.47489725886170675,2.7108870263134834,14.519921005810465,-0.11872431471542669,0.6777217565783709,3.6299802514526163,18.016394334638374,4.5040985836595935,,,
4318,0.03684554981546863,-0.004100588213228948,0.93780838195697,23,1.0608361002869025,1.2793511806927018,-0.14238062393973555,32.56258263830991,0.31983779517317545,-0.03559515598493389,8.140645659577478,36.83435107416183,9.208587768540458,,,
4341,0.07528167066313907,0.2159722489006197,0.9881423384907877,116,1.3585909487151229,2.6139301687655148,7.498988426327317,34.31027827707713,0.6534825421913787,1.8747471065818293,8.577569569269283,47.172994921286495,11.793248730321624,,,
4343,0.2832060566820837,0.28404344036620843,0.763892438138752,25,0.8827243820391181,9.833480700115311,9.862556336395489,26.523873237053746,2.458370175028828,2.4656390840988722,6.630968309263436,30.64995599316226,7.662488998290565,,,
4358,0.09705808342384614,0.30914073716613494,0.8384327489620089,112,1.1369726309487833,3.3700507726427857,10.733984675882537,29.112061909458873,0.8425126931606964,2.6834961689706343,7.278015477364718,39.47796369180366,9.869490922950915,,,
4393,0.10691876302422416,0.18404802306717158,0.7216971843999536,45,0.8558503931327919,3.7124332897271115,6.390515456938332,25.05876963673519,0.9281083224317779,1.597628864234583,6.264692409183797,29.7168373503568,7.4292093375892,,,
4400,-0.10374062239893961,0.18901854226232057,1.6944300092040447,29,2.218857656191044,-3.602081890935981,6.5631018244322945,58.83399877958284,-0.9005204727339953,1.6407754561080736,14.70849969489571,77.04317553826543,19.260793884566358,,,
4402,0.0782933737116171,0.22837676460739745,0.7769214134682464,37,0.9031317211722104,2.718502522014769,7.929698020698054,26.97626531844445,0.6796256305036923,1.9824245051745135,6.744066329611113,31.358539622541493,7.839634905635373,,,
4409,0.05678779727625146,-0.07322432189770704,0.49492191519706613,24,0.5890679395996246,1.9717858970260034,-2.542494904932184,17.18467873947253,0.49294647425650084,-0.635623726233046,4.296169684868133,20.453616998778166,5.1134042496945415,,,
4416,0.2236029524955125,0.20710293152340853,0.9617299136443493,26,1.0445440407948676,7.763941716549186,7.191027988355791,33.3931860615591,1.9409854291372965,1.7977569970889478,8.348296515389775,36.26865818447939,9.067164546119848,,,
4423,0.027330942593187354,-0.0057470839336982524,0.5538394820073195,887,0.6427423585949118,0.9489849887206513,-0.19955024834587073,19.23041449425815,0.23724624718016282,-0.049887562086467684,4.807603623564537,22.317300175132527,5.579325043783132,,,
4440,0.06681594445423576,-0.005205372523962129,1.4169519570816396,121,1.947731357248398,2.319983223339974,-0.18074094477701305,49.19940585378869,0.5799958058349935,-0.04518523619425326,12.299851463447173,67.62912818637888,16.90728204659472,,,
4452,-0.024042237364782216,0.010954007023375444,2.223409322431304,58,2.7846338019343113,-0.8347945657799681,0.38034503186564217,77.20121849345975,-0.20869864144499203,0.09508625796641054,19.300304623364937,96.68805487076317,24.172013717690792,,,
4464,0.22375467166546895,0.23846638312725207,0.7575700464995014,34,0.8991815588621402,7.769209709568413,8.280029754944447,26.30434715455569,1.9423024273921032,2.070007438736112,6.576086788638922,31.221382086811236,7.805345521702809,,,
4467,-0.01945022823962185,0.2342430113109909,1.0682971370752823,119,1.31088636758987,-0.67535082493615,8.133385838740226,37.09341319352795,-0.1688377062340375,2.0333464596850566,9.273353298381988,45.51659645545547,11.379149113863868,,,
4471,0.001600238672432397,-0.004576804651526345,0.42838886867950565,20,0.5407746394626578,0.055563487184197694,-0.15891581111029776,14.874518298289797,0.013890871796049423,-0.03972895277757444,3.718629574572449,18.776777031422405,4.694194257855601,,,
4472,0.0936842120177929,0.16862193712432608,1.1396354375854758,97,1.4455104805037073,3.252903209681805,5.85489090083085,39.57042166384289,0.8132258024204513,1.4637227252077125,9.892605415960723,50.19101490404973,12.547753726012433,,,
4481,-0.001339997661399272,0.0012576356713151948,1.5493783322362145,643,1.992578899210238,-0.04652739879910552,0.043667625779406194,53.79751445190584,-0.01163184969977638,0.010916906444851548,13.44937861297646,69.18632453837789,17.296581134594472,,,
4501,0.13172485366250347,0.1026972796470512,1.210750184890022,30,1.528561186623481,4.573750368869446,3.5658549439049123,42.039667919751345,1.1434375922173614,0.8914637359762281,10.509916979937836,53.074701521940504,13.268675380485126,,,
4502,0.1125195347334399,0.1060539068485582,0.5102075496520304,38,0.5761678958028201,3.9069032850145002,3.6824037535956378,17.715426539017802,0.9767258212536251,0.9206009383989094,4.4288566347544505,20.00570167806552,5.00142541951638,,,
4525,-0.006758528360516418,0.0098496011815804,1.0039790693809185,108,1.4117831365797309,-0.23466962173385106,0.34199785222683465,34.86016124704425,-0.058667405433462765,0.08549946305670866,8.715040311761063,49.01993406832142,12.254983517080355,,,
4531,0.0819783365193942,0.193568425656602,0.6033722796306364,40,0.6775345310696888,2.8464518006264052,6.721082875648535,20.95029229333496,0.7116129501566013,1.6802707189121338,5.23757307333374,23.525353987801733,5.881338496950433,,,
4536,0.06806576814402544,-0.03836254675163374,0.5106905007426435,59,0.7414310478685855,2.3633796014968516,-1.3320243483102268,17.73219556678607,0.5908449003742129,-0.3330060870775567,4.433048891696518,25.743968844093025,6.435992211023256,,,
4539,0.13248992703715126,0.10960180142263826,0.8779591343358523,21,0.9530766010786279,4.600315246583966,3.805593748996846,30.484497062409464,1.1500788116459915,0.9513984372492115,7.621124265602366,33.09272574265212,8.27318143566303,,,
4548,-0.004327283464474201,-0.0007652893379271985,0.42909037563634583,422,0.5219607438204922,-0.1502519364534732,-0.02657237639150819,14.8988760228452,-0.0375629841133683,-0.006643094097877047,3.7247190057113,18.12352094693513,4.530880236733783,,,
4560,0.14724318456329683,0.1367807470112344,1.309508451743901,60,1.8469359636013,5.112577854406792,4.749301097724081,45.468752461451736,1.278144463601698,1.1873252744310203,11.367188115362934,64.12931052816434,16.032327632041085,,,
4561,-0.03530515228342004,0.258327571324628,0.6044104156543872,22,0.7224425560262885,-1.2258654975849106,8.969649931533734,20.986338452351635,-0.30646637439622765,2.2424124828834335,5.246584613087909,25.08465043034479,6.271162607586198,,,
4562,0.0748285291821538,0.11580057190590108,0.7697636430664339,52,0.8856395392929217,2.5981961902627444,4.020827457716697,26.727733214552718,0.6495490475656861,1.0052068644291743,6.681933303638179,30.75117608332883,7.687794020832207,,,
4575,0.13314340222278365,0.44688832168076603,0.917326625375795,43,1.0727293118095964,4.6230052119794935,15.516856305399559,31.851415086298356,1.1557513029948734,3.8792140763498897,7.962853771574589,37.24730716465281,9.311826791163202,,,
4584,0.031548727318603795,0.07887355955944225,0.6608631402675786,379,0.8793980123707212,1.095434909956561,2.738647735022954,22.946489956370865,0.27385872748914025,0.6846619337557385,5.736622489092716,30.534457785536183,7.633614446384046,,,
4614,0.0702770561772581,0.12205687563683598,0.6223133743334981,868,0.7085279188493413,2.440159944586756,4.238058835862219,21.607964983607722,0.610039986146689,1.0595147089655548,5.401991245901931,24.60150639828683,6.1503765995717075,,,
4623,0.0028339687624679907,0.0012721865816668933,0.2810680388785278,141,0.34527059758955425,0.09840106337041357,0.044172862488637867,9.759244445940244,0.024600265842603393,0.011043215622159467,2.439811111485061,11.988485689504504,2.997121422376126,,,
4641,0.013339433584435074,0.00820541596250188,0.6087963030004134,39,0.7824344905112101,0.4631718129187547,0.28490845304999024,21.138625232780356,0.11579295322968867,0.07122711326249756,5.284656308195089,27.167690379530235,6.791922594882559,,,
4644,-0.008256473189300612,0.11027069710179015,0.6338295580633347,22,0.7700868610678506,-0.2866812620788959,3.8288191447683575,22.00782991507511,-0.07167031551972397,0.9572047861920894,5.5019574787687775,26.738955989997912,6.684738997499478,,,
4664,0.11960333199594823,0.12853083975555674,0.4025009226559993,31,0.45958051566970437,4.152866893563314,4.462847817992441,13.975637036461608,1.0382167233908286,1.1157119544981102,3.493909259115402,15.957554665083476,3.989388666270869,,,
4672,0.017875614592240206,0.0722958357554461,0.5496310545962912,20,0.6515029176182439,0.6206770898717645,2.5102560091005994,19.084289477692426,0.15516927246794113,0.6275640022751499,4.7710723694231065,22.621484305540665,5.655371076385166,,,
4685,0.3453063961060947,0.17516339206771384,1.343823234253812,27,1.732193403494848,11.989728685595821,6.08202329937516,46.66023033976086,2.9974321713989553,1.52050582484379,11.665057584940214,60.14521935614812,15.03630483903703,,,
4695,0.06131208689917652,-0.08858025057606511,1.4037637018496005,28,1.7210714140639283,2.128878281313207,-3.075683460502133,48.74148325562183,0.5322195703283018,-0.7689208651255333,12.185370813905458,59.75904163912772,14.93976040978193,,,
4698,0.08607989115981846,0.11062845162403386,0.7423411061167241,155,0.915325469177222,2.9888659808512164,3.8412410972897035,25.775567886584895,0.7472164952128041,0.9603102743224259,6.443891971646224,31.781930940771502,7.945482735192876,,,
4712,0.2126584794097049,-0.09764234956817575,0.5781467657784143,40,0.6842025965770401,7.383927722063773,-3.3903376617061984,20.0744120013581,1.8459819305159433,-0.8475844154265496,5.018603000339525,23.756882558347986,5.939220639586996,,,
4728,-0.0017781940899260981,0.0031299553604681933,0.872277511787992,394,1.1239997260150971,-0.06174245519041398,0.10867831002617662,30.28721976430266,-0.015435613797603494,0.027169577506544154,7.571804941075665,39.0275184866962,9.75687962167405,,,
4736,0.10724738815659,0.33820054871622574,0.9420963712794282,28,1.0356693444164753,3.723843811573118,11.74299945252479,32.71147020356431,0.9309609528932795,2.9357498631311976,8.177867550891078,35.96051097682886,8.990127744207214,,,
4737,0.001403244471953625,0.0001745334203680753,0.10391916440034833,743,0.14097497956666943,0.04872345455517377,0.006060149422020311,3.608281226308895,0.012180863638793442,0.0015150373555050777,0.9020703065772238,4.894933240513896,1.223733310128474,,,
4749,0.06038788511440298,0.04722531855983226,0.47075542985044494,63,0.5895762155266285,2.0967881469423006,1.6397575110344957,16.34557003526715,0.5241970367355752,0.40993937775862394,4.086392508816788,20.471265355515598,5.1178163388788995,,,
4763,0.021660159736081253,-0.05034760296039167,0.6005566356235134,50,0.7797440732834432,0.7520840663562133,-1.7481694699907195,20.85252750211963,0.18802101658905332,-0.4370423674976799,5.213131875529908,27.074273712547715,6.768568428136929,,,
4767,0.10147033589922796,0.2209467548663019,0.7257377744617547,98,0.8099181689320865,3.5232530030929934,7.6717132224677345,25.199067004861046,0.8808132507732483,1.9179283056169336,6.2997667512152615,28.121978661659906,7.0304946654149765,,,
4781,0.15890969091050167,0.25220309527632667,0.8589443992053368,128,1.0090041407796884,5.5176622877944395,8.756995874184614,29.824267429207705,1.3794155719486099,2.1892489685461536,7.456066857301926,35.03464177615234,8.758660444038085,,,
4782,0.014738998422133965,0.02349421003846273,1.481432954795318,217,2.078421854869448,0.5117675032133355,0.815765960955503,51.438315056403034,0.12794187580333388,0.20394149023887576,12.859578764100759,72.16696364477698,18.041740911194246,,,
4795,0.0656218257323424,0.19665182384907162,0.5148411850770018,93,0.580956147820939,2.278521033078393,6.8281446276874656,17.87631562824366,0.5696302582695982,1.7070361569218664,4.469078907060915,20.171959364638642,5.0429898411596605,,,
4803,0.2535271918598653,0.23395810708148873,0.8653510033039276,20,1.2604545419589424,8.802971155758243,8.123493394083452,30.046717536718972,2.2007427889395608,2.030873348520863,7.511679384179743,43.7655026058984,10.9413756514746,,,
4806,-0.04600931384777731,0.1517798782085571,0.6041259779647625,42,0.7202987232743113,-1.5975353954225238,5.270100931157519,20.976462206892485,-0.39938384885563094,1.3175252327893798,5.244115551723121,25.010212269530637,6.252553067382659,,,
4820,0.13427718051532622,0.27449348031596504,0.6501859287892765,96,0.7740954919798985,4.662372261853157,9.53096262353094,22.57575581942126,1.1655930654632893,2.382740655882735,5.643938954855315,26.878143672526036,6.719535918131509,,,
4824,0.017151586975454915,0.03072025820266912,0.5628782061887185,54,0.6775451323688123,0.5955374029617456,1.0666688053130773,19.544257075284687,0.1488843507404364,0.2666672013282693,4.886064268821172,23.5257220861099,5.881430521527475,,,
4827,0.12179488943667381,0.15137083809487015,0.7805326233407859,117,0.9225803294226314,4.2289621510201885,5.255898240330081,27.101653747638768,1.0572405377550471,1.3139745600825203,6.775413436909692,32.03383419821261,8.008458549553152,,,
4840,0.19057188027681646,0.027178434796273493,0.5008218272445343,55,0.7681218199894673,6.6170368269716215,0.9436896129962082,17.38953548558472,1.6542592067429054,0.23592240324905206,4.34738387139618,26.670725833674283,6.667681458418571,,,
4855,0.23941391489917124,0.03909291831376436,0.7488440935861773,20,0.8494814487813171,8.312929953129025,1.357384309690526,26.00136461749925,2.0782324882822563,0.3393460774226315,6.500341154374812,29.495694864584895,7.373923716146224,,,
4896,0.1781683128829114,0.36470488001428875,0.7140256065415725,39,0.7900387395330438,6.18636015992045,12.663282843856134,24.792397110336484,1.5465900399801125,3.1658207109640335,6.198099277584121,27.43172511406635,6.857931278516587,,,
4908,-0.05805289456849254,0.27219948742821937,0.6313486437852706,33,0.7322259674193323,-2.015712605207198,9.451310602482634,21.921687609512166,-0.5039281513017995,2.3628276506206585,5.480421902378041,25.42435004073406,6.356087510183515,,,
4914,-0.014765348155065269,0.02002521752651068,0.25709723852507677,29,0.323352295022345,-0.5126824186401763,0.6953156029555039,8.926930316067716,-0.12817060466004407,0.17382890073887597,2.231732579016929,11.227438387765865,2.8068595969414663,,,
4945,0.06911479146862239,0.1297412485370208,0.7674475248395917,241,0.9290097701154592,2.3998037893735065,4.504875631702436,26.647312957480302,0.5999509473433766,1.126218907925609,6.661828239370076,32.25707723794898,8.064269309487244,,,
4962,0.0005834805834068576,0.07802268462503138,0.7663631387648491,46,0.8625719407513118,0.02025961281705291,2.7091036555503396,26.609660904193092,0.005064903204263228,0.6772759138875849,6.652415226048273,29.95022292676705,7.487555731691763,,,
4969,0.07472355657660067,0.2519232281257817,1.2781120150062977,265,1.6254574918807583,2.5945513314527284,8.747278326983393,44.37860538504867,0.6486378328631821,2.1868195817458482,11.094651346262168,56.439135033083694,14.109783758270924,,,
4970,0.001834383920736846,0.044952704290495485,0.3910921174180959,72,0.5339339499252995,0.06369347849582477,1.5608477983745843,13.579500500991127,0.015923369623956192,0.3902119495936461,3.394875125247782,18.53925460930625,4.634813652326563,,,
4997,0.04131583267143418,0.07029710805198663,0.4938269041235529,54,0.5791704725327744,1.4345683420175377,2.44085618578108,17.146657764978006,0.3586420855043844,0.61021404644527,4.286664441244501,20.109957147282994,5.027489286820749,,,
5007,0.10453002562306776,0.19691365643334402,0.68775021975644,69,0.8009401069193861,3.629491549684159,6.837235978678572,23.88006313038311,0.9073728874210397,1.709308994669643,5.970015782595778,27.810242392454924,6.952560598113731,,,
5023,0.1795238908003261,0.021143862047022687,1.468736419479257,29,1.8854627630372816,6.2334285363689235,0.7341571779967218,50.99746595715876,1.5583571340922309,0.18353929449918044,12.74936648928969,65.46703805818049,16.366759514545123,,,
5027,-0.0621357254995587,0.5169878173954316,1.2836878324877137,20,1.6219928609093173,-2.1574766607956772,17.950850995604178,44.5722089196384,-0.5393691651989193,4.487712748901044,11.1430522299096,56.318836116493316,14.079709029123329,,,
5038,0.12087107173968514,0.2236783544860657,0.6783241437392361,336,0.7889919473621413,4.196885352945348,7.766559824465174,23.552770918913758,1.049221338236337,1.9416399561162936,5.8881927297284395,27.39537839630827,6.848844599077068,,,
5075,0.011375222433116505,0.012999266500785703,0.2558324318579628,30,0.36401056945339827,0.3949704733226713,0.4513605314402812,8.883013698972183,0.09874261833066783,0.1128401328600703,2.220753424743046,12.639174992560894,3.1597937481402236,,,
5082,-0.029232513602527675,0.3928770180122954,0.8451035170389494,34,1.0578755882602995,-1.015011337306966,13.641475819422922,29.3436843186264,-0.2537528343267415,3.4103689548557305,7.3359210796566,36.73155617557412,9.18288904389353,,,
5083,0.07463174813430422,0.15869247633697747,0.5874478474078026,68,0.6997712546592114,2.591363558719311,5.510120163372532,20.397364157693723,0.6478408896798278,1.377530040843133,5.099341039423431,24.29745750427714,6.074364376069285,,,
5095,0.11629716226466315,0.07810386171423324,0.8616865991893914,61,1.1657709064935273,4.038070068153634,2.711922286441607,29.91948209705405,1.0095175170384085,0.6779805716104017,7.479870524263513,40.47789741526826,10.119474353817065,,,
5110,0.003950690786469788,0.0015757543139628238,0.5620704466812897,259,0.8099393942025851,0.137175885487804,0.05471334128941717,19.51621004966774,0.034293971371951,0.013678335322354292,4.879052512416935,28.12271564550216,7.03067891137554,,,
5119,0.12745141505820787,0.2620995839758709,0.8140754962140079,278,1.0209512954208038,4.425368033651094,9.10062175481019,28.266329379542782,1.1063420084127735,2.2751554387025474,7.0665823448856955,35.44947087960115,8.862367719900288,,,
5136,-0.0023890679034101222,-0.009901999693081255,0.7822322367941675,163,1.1364953797520365,-0.08295321574220627,-0.3438172333431674,27.160667725967087,-0.020738303935551566,-0.08595430833579185,6.790166931491772,39.46139257575021,9.865348143937553,,,
5141,-0.007338984652966474,0.006763091966212187,0.5056821149787422,20,0.6480645783111431,-0.2548242251203019,0.23482807925081958,17.558294396291885,-0.06370605628007547,0.058707019812704896,4.389573599072971,22.50209828811951,5.625524572029877,,,
5148,0.04069756235363219,0.15226894206548475,0.6314723380079138,22,0.6798719864766423,1.4131007600428172,5.287082206397762,21.925982520310782,0.3532751900107043,1.3217705515994405,5.481495630077696,23.606515114441972,5.901628778610493,,,
5153,0.12894648628883426,0.2691004648290025,0.7396877581481633,22,0.8351763193258003,4.477279896920903,9.343706339792625,25.68343833842053,1.1193199742302258,2.3359265849481563,6.420859584605132,28.99899215963044,7.24974803990761,,,
5160,-0.014899547471793846,-0.0048969072085976615,0.608424329369076,37,0.6752163544051951,-0.5173420873156259,-0.170030412096928,21.125709564353055,-0.12933552182890648,-0.042507603024232,5.281427391088264,23.444862257657185,5.861215564414296,,,
5164,-0.0007524049425784908,0.010479496991835228,0.5635854718077291,19,0.7376351644945537,-0.026125004416210358,0.3638690945505028,19.568814752107972,-0.0065312511040525895,0.0909672736376257,4.892203688026993,25.612168181579893,6.403042045394973,,,
5172,0.1370721121922153,0.24023410141739013,0.7679556139426601,35,0.9723331611110555,4.759417879538099,8.34140846941462,26.664954827317047,1.1898544698845248,2.085352117353655,6.666238706829262,33.76135202009807,8.440338005024518,,,
5173,0.0062725289551157845,0.0007741828563620568,0.9410527006141133,107,1.4298764697144757,0.21779475037953028,0.026881177138603336,32.675231870723245,0.05444868759488257,0.006720294284650834,8.168807967680811,49.648170781426025,12.412042695356506,,,
5190,-0.013410414488533888,0.058823681520415005,0.2882792204539872,25,0.47919444908042985,-0.4656364118708737,2.0424758697518497,10.009631092603342,-0.11640910296771842,0.5106189674379624,2.5024077731508356,16.638589660970688,4.159647415242672,,,
5198,0.0013302988830474931,-0.0012307909439959216,0.19249888267675816,827,0.32058146602254084,0.046190637817175056,-0.042735523157426396,6.683946204302397,0.011547659454293764,-0.010683880789356599,1.6709865510755992,11.131229663234663,2.7828074158086658,,,
5211,0.1101173011029735,0.08297183863500095,0.48788772486510146,25,0.5384272229570267,3.8234929288974464,2.880948181084503,16.940437582766055,0.9558732322243616,0.7202370452711258,4.235109395691514,18.695270035513882,4.673817508878471,,,
5214,0.01232414383576035,0.18890072480016054,0.5097639295183632,31,0.6712158640464052,0.4279189222652709,6.559010966511175,17.70002316073661,0.10697973056631772,1.6397527416277937,4.425005790184152,23.30595723141928,5.82648930785482,,,
5216,-0.021256376990075952,0.18291133015649286,1.0766859075199944,47,1.5181381025748617,-0.7380639218494173,6.351047205693745,37.38468808090925,-0.18451598046235432,1.5877618014234363,9.346172020227312,52.71279119760435,13.178197799401088,,,
5227,0.1425727504626264,0.18696003092343824,1.0423790109754887,66,1.1688505705357808,4.9504110415633145,6.491626193723623,36.19348401909092,1.2376027603908286,1.6229065484309058,9.04837100477273,40.58482951014338,10.146207377535845,,,
5250,-0.036708782214839177,0.21272455478331836,1.1416596775458134,20,1.3285152394898767,-1.274602336063646,7.386221991186381,39.64070732374574,-0.3186505840159115,1.8465554977965952,9.910176830936434,46.1287061455675,11.532176536391875,,,
5251,0.13243494862454477,0.1696555174542187,0.7157206268658448,96,0.856214626502092,4.598406286141444,5.890778877045382,24.851251606035863,1.149601571535361,1.4726947192613455,6.212812901508966,29.72948426140564,7.43237106535141,,,
5256,0.006022865319546036,0.020473263994258948,0.5924832794941773,47,0.7529098675231453,0.20912592962527746,0.7108726724086593,20.572204430596827,0.052281482406319364,0.17771816810216481,5.143051107649207,26.14253642013865,6.535634105034663,,,
5263,0.00031010068851122265,0.0004726810847580205,0.6874076279897586,617,0.8793670993918156,0.010767316106486673,0.016412432624967988,23.8681676590604,0.002691829026621668,0.004103108156241997,5.9670419147651,30.53338442508262,7.633346106270655,,,
5285,0.007865864354806311,0.11201289631675593,1.3436190323178416,28,1.8257644807916202,0.27311854212758474,3.8893117859103996,46.6531400401401,0.06827963553189619,0.9723279464775999,11.663285010035025,63.39419430204664,15.84854857551166,,,
5298,0.22481637634153365,0.15024078867031887,0.8668729806286574,27,0.9624818363006782,7.806074219330732,5.216660664210812,30.099563633388243,1.951518554832683,1.304165166052703,7.524890908347061,33.41929432003215,8.354823580008038,,,
5302,-0.10924346589996232,0.25015451605394207,0.9940567306409901,21,1.1988097807292941,-3.793151622978492,8.685865106424977,34.51563780131646,-0.948287905744623,2.1714662766062443,8.628909450329115,41.625073206482554,10.406268301620639,,,
5304,0.0798700432331494,0.13378213805059147,0.6252155462390031,44,0.6872114819623124,2.7732476411414138,4.645183397392637,21.708734196510665,0.6933119102853534,1.1612958493481593,5.427183549127666,23.861357076695413,5.965339269173853,,,
5368,0.06267426598831295,0.23658897401282097,0.9783029771629939,39,1.438743033414806,2.1761758636462023,8.21484235567317,33.96863597305347,0.5440439659115506,2.0537105889182925,8.492158993263368,49.956035606228895,12.489008901557224,,,
5370,0.03630678460969578,-0.027085064372493244,0.6432848954350677,26,0.7380002230495275,1.260644175217857,-0.9404476051417104,22.336138139296423,0.31516104380446425,-0.2351119012854276,5.584034534824106,25.624843744725695,6.406210936181424,,,
5373,0.05187914663198936,0.15951568604566546,0.6515369495272656,91,0.7463114557834438,1.8013477293559346,5.538703650877596,22.622665961485716,0.45033693233898364,1.384675912719399,5.655666490371429,25.913426367712738,6.4783565919281845,,,
5375,0.06375004058530222,0.1609057161600679,0.8689067452858747,41,1.0388292486443194,2.213528909202864,5.586968276509878,30.170180009816143,0.553382227300716,1.3967420691274695,7.542545002454036,36.07022917142806,9.017557292857015,,,
5396,0.03224829655024492,0.031288330673109814,0.5218139010347582,27,0.6904150197550706,1.1197253528176043,1.086393417631719,18.118422271728875,0.2799313382044011,0.27159835440792973,4.529605567932219,23.972590315935562,5.993147578983891,,,
5401,-0.018682526459840133,0.007089972006619499,0.3744205409537275,211,0.4513172238161579,-0.6486946837385691,0.24617800801384226,13.000630022995328,-0.16217367093464227,0.061544502003460566,3.250157505748832,15.670636645344635,3.9176591613361587,,,
5403,0.0481823688574188,0.040726843707654455,2.0350893956486242,31,2.781266311181562,1.6729882114672956,1.4141174672171781,70.66237399571153,0.4182470528668239,0.35352936680429453,17.665593498927883,96.5711288568462,24.14278221421155,,,
5415,0.11826728705822613,0.3778096318663273,0.6827844611000263,24,0.7208860705296762,4.106476741235728,13.118306037662618,23.707642058315116,1.026619185308932,3.2795765094156546,5.926910514578779,25.03060614093142,6.257651535232855,,,
5426,0.035641072110770854,0.014653824028750312,0.32370188949891465,55,0.3825449291692119,1.2375293058301857,0.5088100779262683,11.239577007181316,0.30938232645754643,0.12720251948156708,2.809894251795329,13.282725030613376,3.320681257653344,,,
5444,0.2390904869256056,0.24607028364918876,1.3718126177249446,49,1.6747832284953088,8.301699887030878,8.544052388867133,47.632077712645525,2.0754249717577196,2.1360130972167832,11.908019428161381,58.151823259814115,14.537955814953529,,,
5453,0.11412260040535127,0.2228618513349881,0.7862354611319362,640,0.9107213412791721,3.962564931274607,7.738209202053457,27.29966768142309,0.9906412328186518,1.9345523005133642,6.824916920355773,31.622066411895418,7.905516602973854,,,
5481,0.07959743069495195,0.1411225475090403,0.8848659043725857,145,1.0525557282364586,2.763781988590122,4.900057094608897,30.724313931624923,0.6909454971475305,1.2250142736522243,7.681078482906231,36.54683999582632,9.13670999895658,,,
5504,0.2553400264110757,0.02785051645393018,1.9042688485098846,23,2.394188521239849,8.865916397045371,0.9670256323133638,66.12002295796022,2.216479099261343,0.24175640807834095,16.530005739490054,83.13101383449003,20.78275345862251,,,
5507,0.024765540722299764,0.26650159108062565,0.5216018587461566,31,0.6791982700394464,0.8599091049596924,9.253468245501484,18.11105973938405,0.2149772762399231,2.313367061375371,4.5277649348460125,23.58312233230966,5.895780583077415,,,
5519,0.011094373301163252,0.16998301187747966,0.6192396464694361,64,0.7010369662832326,0.38521882976299043,5.902150138409849,21.50123900471176,0.09630470744074761,1.4755375346024622,5.37530975117794,24.341405543286406,6.0853513858216015,,,
5524,-0.016954855145165856,-0.0034357198930060327,0.4759932640325689,38,0.6162099634766665,-0.5887064803504489,-0.11929506612495547,16.52743811373886,-0.14717662008761223,-0.029823766531238867,4.131859528434715,21.396042351836815,5.349010587959204,,,
5544,0.10376039002557594,0.09806807686842889,0.553292122356363,51,0.6247092067121935,3.602768262468048,3.4051197650255878,19.211409072457638,0.900692065617012,0.8512799412563969,4.8028522681144095,21.691153075460786,5.4227882688651965,,,
5560,0.1021836574768915,0.04972922543239938,0.5176712544223863,38,0.6051180512113677,3.5480209549126265,1.7266981654637714,17.974581296054097,0.8870052387281566,0.43167454136594285,4.493645324013524,21.01090897416111,5.252727243540278,,,
5566,0.04002308116928551,0.08447714457295537,0.9802538837586203,24,1.1941407451553647,1.3896814243599316,2.9332154138621562,34.036375351866816,0.3474203560899829,0.7333038534655391,8.509093837966704,41.46295495328457,10.365738738321143,,,
5577,-0.08458082605141386,-0.12084733431981817,2.1315427491273184,25,2.7390487131906207,-2.936815442157192,-4.196061142252726,74.01142733519876,-0.734203860539298,-1.0490152855631816,18.50285683379969,95.10524941940474,23.776312354851186,,,
5589,0.0013566487699002137,-0.00010342697802825629,0.2261111465494537,789,0.5081056885330755,0.04710555858847522,-0.003591191531097115,7.851031230490132,0.011776389647118805,-0.0008977978827742788,1.962757807622533,17.642445717245447,4.410611429311362,,,
5605,0.10801285545548214,0.12140312155979069,0.8055199962870846,90,1.0481165662146756,3.750422367125251,4.215359186799052,27.969265311080154,0.9376055917813128,1.053839796699763,6.992316327770038,36.392703412105966,9.098175853026492,,,
5631,-0.01891266439622541,0.08809308541095477,0.8634815591811874,62,1.1221603764324386,-0.6566855331657386,3.058768111639172,29.98180669788919,-0.16417138329143466,0.764692027909793,7.495451674472298,38.963652590487136,9.740913147621784,,,
5640,8.65683637259029e-05,0.002142242546676518,0.39977378513636674,441,0.4816534674592692,0.0030058267252908006,0.07438294570570206,13.880945367504927,0.0007514566813227001,0.018595736426425515,3.4702363418762316,16.723971697120746,4.180992924280186,,,
5644,0.32062516466430113,0.2821008889992129,0.8584764069918769,20,1.053495901893986,11.132746967473864,9.795107067830669,29.80801780357195,2.783186741868466,2.448776766957667,7.4520044508929875,36.57948470556298,9.144871176390746,,,
5651,0.06390277074156628,0.02501309470848988,0.8349752236623527,37,1.132707279972803,2.2188320056886646,0.8685046744681857,28.992009716004212,0.5547080014221661,0.21712616861704642,7.248002429001053,39.329862175215666,9.832465543803917,,,
5659,0.0730078090289731,0.22149819136352225,1.0509056611785095,27,1.292387927644452,2.534977145104004,7.69086020052422,36.489546367440205,0.633744286276001,1.922715050131055,9.122386591860051,44.87429362367067,11.218573405917667,,,
5660,0.2385844406384784,-0.11711337422583268,2.1599899426785285,27,2.540974885172672,8.284128947849247,-4.066410579869363,74.99917078968387,2.0710322369623118,-1.0166026449673407,18.74979269742097,88.22772996296551,22.056932490741378,,,
5663,0.0005860595567298354,0.0009357928636743758,0.4671209151420364,786,0.6676152520252349,0.020349159928773345,0.032492599812501674,16.21937241556179,0.005087289982193336,0.008123149953125419,4.054843103890447,23.180936780820204,5.795234195205051,,,
5677,6.558667375804745e-05,-0.00017277559741942126,0.21356448286481833,785,0.27882585251958036,0.0022773004862269236,-0.0059991142935971456,7.4153859740322225,0.0005693251215567309,-0.0014997785733992864,1.8538464935080556,9.68139125118487,2.4203478127962175,,,
5686,0.0994442393124757,0.12878949419114888,1.0128951447349597,40,1.2073752339013766,3.4529028774077815,4.471828817305072,35.16974521548727,0.8632257193519454,1.117957204326268,8.792436303871817,41.9224828715236,10.4806207178809,,,
5688,0.14631096945059932,0.19546941107935295,0.7281351665196095,199,0.8349073379142705,5.08020948126371,6.7870888914972936,25.28230925189388,1.2700523703159274,1.6967722228743234,6.32057731297347,28.989652587059304,7.247413146764826,,,
5698,-0.009386601223108451,0.014909215058647726,0.7186572612287105,33,0.9643985779021987,-0.3259215676687717,0.5176777652663663,24.95321742438329,-0.08148039191719292,0.12941944131659158,6.2383043560958225,33.48584742192015,8.371461855480037,,,
5702,0.14278550198769066,0.22473099409593073,0.8354002729044824,781,0.9690332343343976,4.957798200016596,7.8031095769989065,29.006768275789437,1.239449550004149,1.9507773942497266,7.251692068947359,33.64677196255895,8.411692990639738,,,
5714,0.07334895159974698,0.03683876499231825,0.5216749923562733,55,0.6143646944387793,2.5468222974464148,1.2791155980632745,18.113599084594522,0.6367055743616037,0.3197788995158186,4.528399771148631,21.331970920303295,5.332992730075824,,,
5738,0.02581621868500494,0.2657265147130732,0.7433249421975648,31,0.8834496023810819,0.8963907451807416,9.226556043867328,25.80972864298385,0.2240976862951854,2.306639010966832,6.452432160745962,30.67513709387593,7.668784273468982,,,
5752,0.07529840065287884,0.13977805676935579,0.7436235922719405,667,0.870845985373498,2.614511067469259,4.853373687145572,25.82009837086632,0.6536277668673147,1.213343421786393,6.45502459271658,30.2375143041386,7.55937857603465,,,
5819,0.14984998175676317,0.14836022183355624,0.7138683451298815,28,0.7673694860735701,5.203091066558331,5.15136362250474,24.786936679599748,1.3007727666395827,1.287840905626185,6.196734169899937,26.644603295446505,6.661150823861626,,,
5821,0.05172307943093333,0.23306875510807257,1.6111302804028655,38,2.0947180707345625,1.7959287640008672,8.092613314862495,55.9416655961483,0.4489821910002168,2.023153328715624,13.985416399037074,72.73280085204549,18.18320021301137,,,
5837,0.11086521010822169,0.17120983710273963,0.4943208392278969,38,0.5349589774185727,3.8494618253776736,5.944747963881325,17.163808179671037,0.9623654563444184,1.4861869909703314,4.290952044917759,18.574845613927682,4.6437114034819205,,,
5877,0.021345653636342974,0.1730531057599164,0.5817278960263158,19,0.65776591096662,0.7411637855611007,6.008749938195817,20.19875600582574,0.18529094639027519,1.5021874845489542,5.049689001456435,22.838947960582978,5.709736990145744,,,
5888,-0.010188526347942536,0.06780987279110078,0.5251617239306656,66,0.756050853626671,-0.35376601185326073,2.3544944030526014,18.23466537832057,-0.08844150296331518,0.5886236007631503,4.558666344580143,26.25159773962527,6.562899434906318,,,
5892,0.16705562994127882,0.14355651601263666,1.4337840852697592,45,1.7863981999740781,5.800505582821083,4.98456934899077,49.78385100873658,1.4501263957052708,1.2461423372476925,12.445962752184146,62.027318299499946,15.506829574874986,,,
5895,0.1292786283962013,-0.01897874539773918,0.6052642948302481,19,0.6606163291731578,4.488812535172902,-0.6589799977002998,21.015986845095878,1.1222031337932254,-0.16474499942507495,5.253996711273969,22.937920181550385,5.734480045387596,,,
5913,0.15445158637062922,0.22271695381692508,0.822573202177106,564,0.9567406089358282,5.362867981960988,7.733178070431273,28.56138672599348,1.340716995490247,1.9332945176078182,7.14034668149837,33.21994742346983,8.304986855867458,,,
5930,0.07830067361428197,-0.027279830236835778,0.40809813413820767,23,0.5341416050703595,2.718755989235099,-0.9472102654834119,14.169983413546847,0.6796889973087747,-0.23680256637085298,3.5424958533867117,18.54646481125302,4.636616202813255,,,
5934,0.2558427095271984,0.2190519648071754,0.9353526236253091,23,1.1061628518621511,8.883370560203383,7.605922322034744,32.477313797517986,2.220842640050846,1.901480580508686,8.119328449379497,38.40818654235761,9.602046635589403,,,
5947,0.02724712398559177,0.25507824852370325,0.7649364555151688,20,0.9510364806166354,0.9460746390277175,8.856826945240025,26.560123608397692,0.23651865975692937,2.214206736310006,6.640030902099423,33.021888679970814,8.255472169992704,,,
5969,0.00719858971454406,-0.010499666584322125,0.24088248699944703,56,0.4893995704719146,0.24994943206839887,-0.36456942314083285,8.3639217135948,0.06248735801709972,-0.09114235578520821,2.0909804283987,16.99293188592582,4.248232971481455,,,
5975,0.003930988018146309,-0.008458935980455351,0.8609063752150463,20,0.9726832348231363,0.13649176596607615,-0.29371117511337075,29.89239116021684,0.03412294149151904,-0.07342779377834269,7.47309779005421,33.77350727952894,8.443376819882236,,,
5989,0.055421903482084645,0.05978382814507522,0.8102265595222644,22,0.9234276511310133,1.924359332704943,2.0758140808533017,28.132686599732065,0.48108983317623577,0.5189535202133254,7.033171649933016,32.063254902571046,8.015813725642762,,,
5993,-0.0015848620027847054,0.00032002174225917955,0.30694205274541425,441,0.3705741122465437,-0.055029578460690544,0.011111794934723232,10.657641955426275,-0.013757394615172636,0.002777948733680808,2.6644104888565687,12.86707432542449,3.2167685813561224,,,
6006,0.14839300105281183,0.3045909619485433,0.75933650802737,235,0.8658189389093259,5.152501782555733,10.576007380777321,26.36568223172634,1.2881254456389333,2.6440018451943303,6.591420557931585,30.062965196809618,7.515741299202404,,,
6010,0.11983630604649162,0.23233993242926038,0.7289124968315693,22,0.8272048664163482,4.160956218546282,8.067307133808779,25.30929971498575,1.0402390546365705,2.0168267834521947,6.327324928746438,28.722207371708443,7.180551842927111,,,
6028,0.030228914932123985,0.0031264329799892635,0.5659168386030463,84,0.6717027567512417,1.0496083842732091,0.10855600593118721,19.649764469974976,0.2624020960683023,0.027139001482796802,4.912441117493744,23.322863119916615,5.830715779979154,,,
6041,0.13135536654564445,0.126868579730652,0.6101764296853559,22,0.6671925615471099,4.560921037197867,4.405130825407698,21.186545991534928,1.1402302592994666,1.1012827063519246,5.296636497883732,23.166260122038754,5.791565030509688,,,
6063,0.009845421210837597,0.010725209280255714,0.2572846534546578,36,0.4055715431538554,0.34185271528270306,0.3724007166290389,8.933437737252628,0.08546317882067576,0.09310017915725972,2.233359434313157,14.082255121388169,3.520563780347042,,,
6064,0.1926970657539785,0.1537884875958663,0.6939318677225029,19,0.7191579773658674,6.690827517109642,5.33984386630367,24.094702311060747,1.6727068792774105,1.3349609665759175,6.023675577765187,24.97060329009765,6.242650822524412,,,
6067,0.010355451166352244,0.05862113163007787,0.8074561737638609,342,1.0978116040013193,0.35956197539808266,2.035442932459564,28.03649326542878,0.08989049384952066,0.508860733114891,7.009123316357195,38.11821451413381,9.529553628533453,,,
6079,0.0014992425008818816,-0.00244965586378282,0.9222003780413539,334,1.1732355437446005,0.05205669811562069,-0.08505695090226707,32.020641526351895,0.013014174528905173,-0.021264237725566768,8.005160381587974,40.73708454990002,10.184271137475005,,,
6085,0.04341226182695031,0.10935219686692592,1.5419616355271106,23,1.7950474021573775,1.5073605551553686,3.796926979613402,53.539991908772336,0.37684013878884215,0.9492317449033505,13.384997977193084,62.32763589770846,15.581908974427115,,,
6089,-0.06732422759371491,-0.09123349923820204,1.276967261941094,63,1.767267916007567,-2.337631830508969,-3.1678095605488514,44.33885726911866,-0.5844079576272423,-0.7919523901372129,11.084714317279666,61.36307657961475,15.340769144903687,,,
6098,0.049187976384128314,0.15382341624559526,1.0961893743075048,81,1.3619912877813494,1.7079049160097033,5.341056658879559,38.061887454705186,0.4269762290024258,1.3352641647198897,9.515471863676296,47.291061494344014,11.822765373586003,,,
6106,-0.03398710019436519,0.2472498448676396,0.9929236131956959,98,1.372976674943157,-1.1801000929487482,8.585009113494182,34.47629369738095,-0.29502502323718705,2.1462522783735456,8.619073424345238,47.6724961073763,11.918124026844074,,,
6116,0.1945588811627655,0.2596682953492727,0.6813405867869521,73,0.7616172098058762,6.755473471733544,9.016202551117448,23.65750785441655,1.688868367933386,2.254050637779362,5.914376963604138,26.444872758879637,6.611218189719909,,,
6127,-0.39595023404110014,-0.0729017425217881,0.9593144349352751,22,1.6961048344799088,-13.74818402637508,-2.5312943038415265,33.30931580982262,-3.43704600659377,-0.6328235759603816,8.327328952455655,58.8921520628114,14.72303801570285,,,
6144,0.019714067758886768,0.010347872282313562,0.4761349455875374,19,0.6083720687895755,0.6845118607240663,0.35929882138649155,16.532357580690473,0.17112796518101658,0.08982470534662289,4.133089395172618,21.123894972511643,5.280973743127911,,,
6165,0.016700634998495147,-0.0658765388439018,0.500319267913209,51,0.6191821259945873,0.5798794484177485,-2.2873651817379583,17.372085620482444,0.14496986210443713,-0.5718412954344896,4.343021405120611,21.49924177878406,5.374810444696015,,,
6177,0.052566132035268866,0.0334978314458892,0.8454668670339759,28,1.3138939768807365,1.8252012365286057,1.163111703464165,29.356300557153713,0.4563003091321514,0.29077792586604123,7.339075139288428,45.621026665252934,11.405256666313234,,,
6190,0.18712330900989366,0.09075815992364386,0.5399530798055324,68,0.6298529715630954,6.497295535441528,3.151304828868762,18.748250837007696,1.624323883860382,0.7878262072171905,4.687062709251924,21.869754878613797,5.467438719653449,,,
6207,-0.08086922601780375,0.23733535998507171,0.8833728041133062,23,1.030423459607562,-2.807941265790182,8.24075836940166,30.67247050442222,-0.7019853164475455,2.060189592350415,7.668117626105555,35.77836336449377,8.944590841123443,,,
6217,0.05232042346185627,-0.01363961591135566,1.4185082773264805,110,1.8174261903776894,1.8166697434425736,-0.47359474367409127,49.25344440533006,0.4541674358606434,-0.11839868591852282,12.313361101332514,63.10467218229413,15.776168045573533,,,
6220,-0.012526065742191577,-0.006648797066815177,0.9007377331555291,50,1.2129890852317966,-0.43493005470037593,-0.2308595317539566,31.275415570626283,-0.10873251367509398,-0.05771488293848915,7.818853892656571,42.117407017418444,10.529351754354611,,,
6240,0.1508390273601546,0.1542698387170614,1.3345257085552529,37,1.5517852033997575,5.237432707999288,5.356557339933806,46.33740165245549,1.309358176999822,1.3391393349834515,11.584350413113873,53.88108583244638,13.470271458111595,,,
6248,0.014861309376641029,0.010297429901622539,0.536228590964168,71,0.7256169165920706,0.5160143841757299,0.3575473610441378,18.61892913545784,0.12900359604393247,0.08938684026103445,4.65473228386446,25.194870577909878,6.2987176444774695,,,
6249,0.07223212920546243,0.24898148060505396,0.7084638548178279,57,0.808600970658725,2.508043990272067,8.645134969568684,24.599281966984623,0.6270109975680167,2.161283742392171,6.149820491746156,28.07624290321225,7.019060725803063,,,
6253,0.08175966146332266,0.06713381135815435,0.5705194402657535,29,0.6837861922178887,2.8388589653294893,2.3310201979778356,19.809576004907495,0.7097147413323723,0.5827550494944589,4.952394001226874,23.742424166189533,5.935606041547383,,,
6270,0.07701178504925776,0.08286329789020712,0.6420857562025952,111,0.7688753665010353,2.6740032004803282,2.8771794293437716,22.294501626866513,0.6685008001200821,0.7192948573359429,5.573625406716628,26.69689047564895,6.674222618912237,,,
6272,0.14662878492877715,0.18413019907558048,0.794546533023342,151,0.9596940800665881,5.091244670297001,6.393368772302305,27.58824471963648,1.2728111675742502,1.5983421930755763,6.89706117990912,33.322497848072075,8.330624462018019,,,
6282,0.07419123012416849,0.17201080523539516,0.8061333844824811,53,0.9521776177790612,2.5760678923713787,5.972559179383391,27.990563376000708,0.6440169730928447,1.4931397948458478,6.997640844000177,33.06151124452456,8.26537781113114,,,
6284,-0.0002751731963596908,-0.008104465433135033,2.024096720221423,54,2.6016105154437428,-0.009554563724001184,-0.2814032487693146,70.28068631952826,-0.002388640931000296,-0.07035081219232865,17.570171579882064,90.33312031723764,22.58328007930941,,,
6286,0.043672172119636,0.148278636535286,0.48992911834790653,33,0.5932746579829604,1.5163851603380012,5.148530817778201,17.011318847276012,0.3790962900845003,1.2871327044445502,4.252829711819003,20.599682674484352,5.149920668621088,,,
6289,-0.049292315503158594,-0.03102265737016567,0.6326550128376766,47,0.7689741007615122,-1.7115277789006729,-1.0771687092068924,21.967047355749806,-0.4278819447251682,-0.2692921773017231,5.491761838937451,26.70031872664123,6.675079681660307,,,
6295,-0.10571245224485892,-0.12183778725257828,0.5182440519143106,21,0.6389586916391996,-3.6705477668459916,-4.230451648984023,17.99446997056869,-0.9176369417114979,-1.0576129122460058,4.498617492642173,22.18592369109629,5.546480922774072,,,
6299,0.20782745751200468,0.3296768540999879,0.7890763320311734,27,0.8735273530242494,7.2161849797318265,11.447039728059782,27.398308400786405,1.8040462449329566,2.8617599320149454,6.849577100196601,30.33061675170799,7.582654187926997,,,
6313,0.10809641330830064,0.3132758423835439,0.8310407508072797,38,0.9756104409086829,3.7533236628908146,10.877563799241411,28.855396949530366,0.9383309157227037,2.719390949810353,7.2138492373825915,33.875145729231285,8.468786432307821,,,
6317,0.15235154753052343,0.07929268717634302,0.8170802594539827,29,0.9552584310273315,5.289950433354835,2.7532006841369827,28.370660768761187,1.3224876083387087,0.6883001710342457,7.092665192190297,33.16848324213101,8.292120810532753,,,
6350,0.13940393644181304,-0.035828922546011714,0.5099816264985962,22,0.5541907828156454,4.8403834811326325,-1.2440518486426189,17.707582035284258,1.2100958702831581,-0.3110129621606547,4.426895508821064,19.242612360924838,4.8106530902312095,,,
6362,0.027600068509954775,-0.0074071212478929735,0.44486290037258214,25,0.5204482021468089,0.9583295788026497,-0.25719006396933985,15.446529626736798,0.23958239470066242,-0.06429751599233496,3.8616324066841994,18.071002474941498,4.517750618735374,,,
6363,0.08597693251654577,0.21533145390654856,0.47728934568615283,22,0.5308120908068261,2.9852910508395025,7.47673874254318,16.572440660914598,0.7463227627098756,1.869184685635795,4.1431101652286495,18.430857416994616,4.607714354248654,,,
6400,0.15130198375392157,0.25736249751579354,0.7191308594947013,87,0.8183719911234394,5.253507479903665,8.936140638743383,24.96966170337502,1.3133768699759163,2.234035159685846,6.242415425843755,28.415512275788064,7.103878068947016,,,
6405,-0.026901306262990074,-0.012301791678047744,0.40996162889508064,59,0.5203520413794687,-0.9340671560635414,-0.4271428106451738,14.234687678494991,-0.23351678901588535,-0.10678570266129345,3.5586719196237477,18.06766358077791,4.516915895194478,,,
6416,-0.4880674181283427,-0.10116436644211628,1.107426032463041,19,1.5558823256043293,-16.946676892252317,-3.5126291316031617,38.45204669918171,-4.236669223063079,-0.8781572829007904,9.613011674795427,54.02334610963352,13.50583652740838,,,
6421,0.04062720677479034,0.02623553087035835,1.569396665672273,43,1.9796677877093285,1.4106578736342703,0.9109501028805828,54.49259102547267,0.3526644684085676,0.2277375257201457,13.623147756368168,68.7380249248433,17.184506231210825,,,
6440,0.018559977378222986,0.08707349751533974,0.5009247928062839,47,0.5905815382352204,0.6444395345266586,3.0233659807276267,17.39311065581979,0.16110988363166465,0.7558414951819067,4.348277663954947,20.506172170603325,5.126543042650831,,,
6442,0.16767820025639293,0.11556115522392929,0.7021505315040854,57,0.7866581558286255,5.822122469302475,4.012514431685273,24.38007075488485,1.4555306173256188,1.0031286079213182,6.095017688721213,27.314344486681538,6.8285861216703845,,,
6445,0.04107555897789709,-0.044301554096279214,0.554209751030882,137,0.6530239331167875,1.4262255588305428,-1.538238561331007,19.243270975294287,0.3565563897076357,-0.38455964033275175,4.810817743823572,22.674297005681098,5.668574251420274,,,
6454,0.10839525080047595,0.22726527660195697,0.965911017325529,38,1.1614616448580148,3.763699898294126,7.891104934173151,33.53836234357702,0.9409249745735315,1.9727762335432877,8.384590585894255,40.328271232759995,10.082067808189999,,,
6459,-0.010110370379293273,0.22554720420110697,0.5370521548409363,25,0.6189057624352187,-0.35105228030982105,7.831450024270836,18.64752492038699,-0.08776307007745526,1.957862506067709,4.661881230096747,21.489645883275664,5.372411470818916,,,
6467,-0.0684050625148541,0.013628851121895531,1.2386907409639687,59,1.8352230316826967,-2.3751605806407645,0.4732209686544566,43.009819907750924,-0.5937901451601911,0.11830524216361415,10.752454976937731,63.722614106086596,15.930653526521649,,,
6499,0.008957117988340238,0.06357238873303762,0.44750685671911233,30,0.5681619943227648,0.31100905079114977,2.2073604815885326,15.538333079001019,0.07775226269778744,0.5518401203971331,3.8845832697502547,19.72772076687504,4.93193019171876,,,
6507,0.2710674347156822,0.2214809504070509,0.9202077332943857,23,1.0150006645477083,9.412003468197916,7.690261560033622,31.95145291544766,2.353000867049479,1.9225653900084054,7.987863228861915,35.24285307442553,8.810713268606383,,,
6519,-0.01206886752925445,0.02051607730587869,0.6125451381570375,36,0.6697093466446893,-0.41905521835077303,0.71235923621472,21.268792287088655,-0.10476380458769326,0.17808980905368,5.317198071772164,23.253647934196902,5.8134119835492255,,,
6535,-0.002719400701501229,-0.0015259315365142357,0.10206475555931034,20,0.1397738071511654,-0.09442303115752568,-0.052983394810847295,3.5438924425303737,-0.02360575778938142,-0.013245848702711824,0.8859731106325934,4.853226131902765,1.2133065329756914,,,
6536,-0.014308651441753216,-0.006114919977936292,0.4021074221623543,21,0.5621562251503016,-0.4968249953605552,-0.21232225147390393,13.961973912321266,-0.1242062488401388,-0.05308056286847598,3.4904934780803165,19.519188449668775,4.879797112417194,,,
6538,-0.07535834389269977,0.12724592784040178,0.966054481163972,22,1.1481113418704922,-2.6165924166423213,4.418233106474431,33.543343694975434,-0.6541481041605803,1.1045582766186077,8.385835923743858,39.86472201242724,9.96618050310681,,,
6539,-0.004264693442972684,0.016642219135383576,1.6214214820777404,51,2.025751501928758,-0.14807868572689753,0.5778511328187885,56.298996700703306,-0.03701967143172438,0.14446278320469713,14.074749175175826,70.33814364997035,17.584535912492587,,,
6553,-0.002653038604957094,-0.046950203155452425,0.21088100163687826,26,0.3154334849128165,-0.09211880644132021,-1.6302049539636192,7.322210138835687,-0.023029701610330054,-0.4075512384909048,1.8305525347089218,10.952481463142814,2.7381203657857034,,,
6558,-0.014860783524454281,0.027577892388412652,0.4716120417211104,336,0.5592695734277995,-0.5159961255361015,0.9575595795104641,16.375313312640394,-0.12899903138402538,0.23938989487761603,4.0938283281600985,19.418958128560053,4.854739532140013,,,
6571,-0.0447098281052129,0.08545036943696553,0.6212218142331841,34,0.7974987142465926,-1.5524146514692023,2.9670077275903175,21.57006383380462,-0.3881036628673006,0.7417519318975794,5.392515958451155,27.69075035607019,6.922687589017547,,,
6572,-0.011220953638895944,0.0023876211249926355,2.251895331152809,58,2.81993805038047,-0.389613952249745,0.0829029807019943,78.19030968828784,-0.09740348806243625,0.020725745175498574,19.54757742207196,97.91388898531069,24.478472246327673,,,
6611,0.04473055154160761,0.11302632987448077,0.48913214918569636,20,0.5521425385281625,1.5531342106276995,3.9245002259017214,16.98364648402575,0.3882835526569249,0.9811250564754304,4.245911621006438,19.17149322277486,4.792873305693715,,,
6634,-0.0003386870788096235,0.001350385280821974,0.34715716510868777,72,0.42377334265758676,-0.011759892750427747,0.04688807772070058,12.053991086903856,-0.0029399731876069367,0.011722019430175146,3.013497771725964,14.714258003756727,3.678564500939182,,,
6636,0.02652362949912518,0.07486247360939617,0.5610229967345618,61,0.7599619355456257,0.9209534634686245,2.599374808665454,19.479840492617456,0.23023836586715613,0.6498437021663634,4.869960123154364,26.38739832601522,6.596849581503805,,,
6647,0.10063234883589081,-0.027270436201582114,0.647967209094352,41,0.7651283806984378,3.4941564162798007,-0.9468840857913342,22.498717434174093,0.8735391040699502,-0.23672102144783355,5.624679358543523,26.56678763461116,6.64169690865279,,,
6672,0.038923548609975316,0.13052162636723275,0.47127559019193976,27,0.5893506968222616,1.351503454835563,4.531971910723056,16.363631042644535,0.3378758637088907,1.132992977680764,4.090907760661134,20.46343489506257,5.115858723765642,,,
6683,0.2785587541288874,0.042881176695180497,0.7488175301564879,33,0.836824934465187,9.67211706086323,1.4889202172100573,26.000442282093573,2.4180292652158073,0.3722300543025143,6.500110570523393,29.056235374500226,7.264058843625056,,,
6701,0.05719497005795696,0.09605985061705709,0.6640661853789086,498,0.9905129215195996,1.9859237503523817,3.3353901331254563,23.057706088726466,0.4964809375880954,0.8338475332813641,5.764426522181616,34.39258966100354,8.598147415250885,,,
6704,-0.005993474582007754,0.06686461487548606,0.7235613258621227,340,0.9944500866064901,-0.20810542443647323,2.321673157706627,25.123496356584628,-0.05202635610911831,0.5804182894266567,6.280874089146157,34.529295907150555,8.632323976787639,,,
6715,0.14681160633570775,0.5191986330217663,1.3490392948512802,21,1.5807474724949269,5.097592595188445,18.02761493578177,46.84134239582615,1.2743981487971112,4.5069037339454425,11.710335598956538,54.886713739968854,13.721678434992214,,,
6726,0.26358009511639874,0.2694758409251735,0.7941584861225486,29,0.8744184097992227,9.152028062631597,9.356740148603874,27.574770955147134,2.2880070156578993,2.3391850371509686,6.8936927387867835,30.36155602504861,7.590389006262153,,,
6784,-0.009234559455141305,0.007353078196379196,2.3588435845645863,30,2.994787827065458,-0.3206423734014164,0.25531358113467845,81.90376694325157,-0.0801605933503541,0.06382839528366961,20.475941735812892,103.98502293136684,25.99625573284171,,,
6830,-0.008234886628139511,0.28592943219130645,0.9325488900930442,52,1.0567906792983632,-0.28593173350226014,9.928041744546544,32.37996256181068,-0.07148293337556504,2.482010436136636,8.09499064045267,36.69388596659777,9.173471491649442,,,
6833,-0.00784758687381128,0.022225751358790485,0.4087481040514352,100,0.6622276384215465,-0.2724839114324753,0.7717225386799232,14.192551668873934,-0.06812097785811883,0.1929306346699808,3.5481379172184835,22.993868061272938,5.7484670153182345,,,
6857,0.4357689897792255,0.27647154062077417,0.7029618719962706,20,0.8343574460226201,15.130770863114268,9.599644833434521,24.40824211945451,3.782692715778567,2.3999112083586303,6.1020605298636275,28.970559240797414,7.242639810199353,,,
6885,-0.0084299818429443,-0.08167220962083092,1.9570468994634034,20,2.282555899864679,-0.292705829550712,-2.8358224624544914,67.9525824431683,-0.073176457387678,-0.7089556156136229,16.988145610792074,79.25490595510139,19.813726488775348,,,
6924,0.18069195491299334,0.2551902192147812,0.867813119016938,345,1.0485745431767592,6.273986058488955,8.860714791575633,30.132207118506123,1.5684965146222387,2.2151786978939083,7.533051779626531,36.40860528818344,9.10215132204586,,,
6939,-0.09348864896682327,0.17213557217851613,1.504265917107086,22,1.8107276374995236,-3.2461128694260375,5.976891337182438,52.23112117379224,-0.8115282173565094,1.4942228342956094,13.05778029344806,62.87208502925846,15.718021257314614,,,
6952,0.10360038331531002,0.23651191544011602,0.6569120423944682,51,0.7570006051431527,3.5972125094741947,8.21216672791171,22.809299936020725,0.8993031273685487,2.0530416819779274,5.702324984005181,26.28457501178055,6.5711437529451375,,,
6963,0.2208593668570218,0.0843747078781096,0.5004119566997437,23,0.5519858722399996,7.668678936009511,2.929658606943722,17.375303960528502,1.9171697340023777,0.7324146517359305,4.3438259901321254,19.166053455917268,4.791513363979317,,,
6969,0.021056580664251916,0.28984275149233935,0.7760868112512183,21,0.8609091157992299,0.731126593824155,10.063920017317008,26.9472862602648,0.18278164845603875,2.515980004329252,6.7368215650662,29.89248631878086,7.473121579695215,,,
6989,0.09169959369503251,-0.032724079322032425,0.7744316917248099,19,0.9751138549979611,3.183993292278919,-1.13624548221961,26.889817200068848,0.7959983230697297,-0.2840613705549025,6.722454300017212,33.85790327323921,8.464475818309802,,,
7033,0.08456524869782761,0.17973826816301036,0.7457348479434656,342,0.8609845945067592,2.9362745652859705,6.240872147156046,25.89340539029301,0.7340686413214926,1.5602180367890115,6.473351347573253,29.895107090463696,7.473776772615924,,,
7039,0.06620461236379545,-0.09304238638040152,0.8971725925977984,48,1.133417611130535,2.2987565504957055,-3.2306177399003015,31.151626760180754,0.5746891376239264,-0.8076544349750754,7.7879066900451885,39.35452629367444,9.83863157341861,,,
7070,0.059950593074714696,0.10315794203038044,1.6515095478560347,30,2.0599216981523094,2.0816044927402437,3.5818500631788694,57.34371452065724,0.5204011231850609,0.8954625157947174,14.33592863016431,71.52460120324449,17.88115030081112,,,
7094,0.00660560365120233,-0.014087972079929045,0.4030917220892836,20,0.4980113308685374,0.2293597699770473,-0.4891625665592963,13.996150774384107,0.057339942494261824,-0.12229064163982407,3.499037693596027,17.291949430417354,4.3229873576043385,,,
7099,0.1113975264729703,0.28959031136015584,0.7420267208986415,23,0.7870250301923093,3.867944914194475,10.05515479104733,25.764651803042632,0.9669862285486187,2.5137886977618327,6.441162950760658,27.327083098337365,6.831770774584341,,,
7112,0.07395836925207792,0.06580928799987011,1.6165953212353874,82,2.0973292668173467,2.5679824971706497,2.28503009793149,56.131422743935126,0.6419956242926624,0.5712575244828725,14.032855685983781,72.82346680243191,18.205866700607977,,,
7118,0.11213272195657814,0.06083632660522411,0.6456343382412129,47,0.7463298277555808,3.8934723717763062,2.1123589323865914,22.417715492411393,0.9733680929440766,0.5280897330966479,5.604428873102848,25.914064279329278,6.478516069832319,,,
7150,-0.03415491475816668,0.005312485609913345,0.8000119018245258,37,0.9856954812489437,-1.1859269502330634,0.18446012534741119,27.778013255151183,-0.29648173755826585,0.046115031336852796,6.944503313787796,34.22531849992583,8.556329624981457,,,
7167,0.15177287339423984,0.13063713015630185,0.7598289379251407,64,0.9178717719099564,5.269857709994795,4.535982433287113,26.38278038263674,1.3174644274986989,1.1339956083217781,6.595695095659185,31.870343664257508,7.967585916064377,,,
7176,0.08080705984222787,0.00909131285096169,0.3941149913426481,37,0.4768495474996276,2.8057827318418362,0.31566856481109185,13.684460729399428,0.7014456829604591,0.07891714120277296,3.421115182349857,16.55716998828207,4.139292497070517,,,
7186,0.22584656779316556,0.2595871870408936,1.2621598021574865,67,1.6677124722246686,7.8418445269142945,9.013386308433908,43.82471265051225,1.9604611317285736,2.253346577108477,10.956178162628062,57.90631246058494,14.476578115146236,,,
7203,-0.13010802916817,0.07715898254585997,0.4805770950395876,39,0.5481078033573022,-4.517610988777198,2.67911419195735,16.686597893964564,-1.1294027471942996,0.6697785479893374,4.171649473491141,19.031399148172248,4.757849787043062,,,
7210,0.07181585601401472,0.2638283754274347,0.8247441165071,26,0.9567541685273806,2.4935901525186193,9.160648851591388,28.636765213359528,0.6233975381296548,2.290162212897847,7.159191303339882,33.22041823960771,8.305104559901928,,,
7223,-0.005136760306439659,-0.016468358622536886,0.8957378982461784,83,1.2236116084402233,-0.17835859136019785,-0.5718143480917257,31.10181130290381,-0.044589647840049464,-0.14295358702293143,7.775452825725952,42.486242268261435,10.621560567065359,,,
7230,0.3054382766780942,0.17648664214161008,0.9800377606254111,19,1.154956434377972,10.605427842816788,6.127969188440986,34.028871124435526,2.651356960704197,1.5319922971102464,8.507217781108881,40.10239731447194,10.025599328617986,,,
7235,0.06162244257816057,0.09487168671174695,0.5808101759404263,394,0.6664243224205612,2.1396544511988913,3.294134706005278,20.166890929003483,0.5349136127997228,0.8235336765013195,5.041722732250871,23.139585323086724,5.784896330771681,,,
7268,0.036602349359447395,0.015483815937429313,0.6553120937671534,32,0.7625658941432588,1.2709067744587326,0.5376290569794206,22.7537465197831,0.31772669361468314,0.13440726424485516,5.688436629945775,26.477812976442234,6.6194532441105585,,,
7271,0.07299345481408244,0.2383429717338424,1.5877655596593858,46,2.026833907339414,2.5344787380545704,8.275744664542476,55.130395762493194,0.6336196845136426,2.068936166135619,13.782598940623298,70.37572693063915,17.593931732659787,,,
7285,0.011305692022916829,-0.06432929904822128,0.5341467051446189,22,0.6333007331950855,0.39255623841971815,-2.2336419215523393,18.54664189603146,0.09813905960492954,-0.5584104803880848,4.636660474007865,21.98946805799976,5.49736701449994,,,
7295,-0.0096790212635318,0.039433810577713384,0.541858671901078,122,0.6549096032382684,-0.33607497631235117,1.3692207708793642,18.81441680574923,-0.08401874407808779,0.34230519271984106,4.703604201437307,22.739771243639158,5.6849428109097895,,,
7315,-0.010335654788728528,0.2688334546847971,0.6717488067703908,35,0.7358286749346942,-0.35887460557423195,9.334435213565525,23.324462068681513,-0.08971865139355799,2.3336088033913813,5.831115517170378,25.54944325108245,6.387360812770613,,,
7333,-0.08804864315822583,0.21055730897822264,1.0021677116400456,21,1.2434659223384323,-3.0572249877399176,7.310970882341847,34.79726728356567,-0.7643062469349794,1.8277427205854617,8.699316820891417,43.17562375543505,10.793905938858762,,,
7335,0.14603625948444687,-0.06569522654273167,1.7297601192086252,24,2.148321739886238,5.0706710018189645,-2.2810696560167294,60.060730859161886,1.2676677504547411,-0.5702674140041823,15.015182714790472,74.59402745232997,18.648506863082492,,,
7338,0.013645964438114788,-0.032720973382803324,1.6468221217425845,25,1.998914646796873,0.47381517722022165,-1.136137637797697,57.18095771114602,0.11845379430505541,-0.28403440944942426,14.295239427786505,69.40631436608103,17.35157859152026,,,
7361,0.005679318803199341,0.14080786458961614,0.8386499505296424,67,0.9550050279874228,0.19719730748468753,4.8891306742806515,29.119603582290246,0.04929932687117188,1.2222826685701629,7.2799008955725615,33.159684581779295,8.289921145444824,,,
7368,-0.031933618783189864,-0.05579404728994556,1.395869115498442,21,1.701686395082394,-1.1087991113899185,-1.9372809100014898,48.4673674283369,-0.2771997778474796,-0.48432022750037246,12.116841857084225,59.08595501005088,14.77148875251272,,,
7369,0.1708739817462997,0.27562093921168274,0.5637009006093822,21,0.5965462189179908,5.933086394195018,9.570110251308048,19.572822670958967,1.4832715985487546,2.392527562827012,4.893205667739742,20.713277813270476,5.178319453317619,,,
7372,0.12172120344821864,0.17982284284382707,1.1579440582135094,22,1.5351334299463495,4.226403626129048,6.243808749223364,40.20613358928948,1.056600906532262,1.560952187305841,10.05153339732237,53.30290295459715,13.325725738649288,,,
7382,0.13212379741664584,0.39292276919965213,0.7571317563547023,22,0.8440087333203115,4.587602493900778,13.643064392150322,26.289128844147974,1.1469006234751944,3.4107660980375805,6.572282211036994,29.305671238347855,7.326417809586964,,,
7387,0.05737935049817603,0.021025712741549303,0.6784567657933077,60,0.7717219262816504,1.9923258079976682,0.7300547978120749,23.55737582187523,0.49808145199941706,0.18251369945301874,5.889343955468807,26.795728724351466,6.698932181087867,,,
7389,0.09266573260779865,0.21592524952084205,0.741473492560334,30,0.8058451548033194,3.2175395676079845,7.497356513862678,25.74544260867992,0.8043848919019961,1.8743391284656694,6.43636065216998,27.980555465080858,6.9951388662702145,,,
7397,-0.006131967827498228,0.0023984274567159978,0.4330460879295732,36,0.6082910810560724,-0.2129141869063935,0.08327819815209288,15.036226265090642,-0.05322854672659837,0.02081954953802322,3.7590565662726605,21.121082916428946,5.280270729107237,,,
7413,0.0696681008974645,0.07304530280453742,0.6414972761037159,355,0.7618909309064494,2.4190157993617625,2.536279003979148,22.274068420873224,0.6047539498404406,0.634069750994787,5.568517105218306,26.45437690293374,6.613594225733435,,,
7418,0.15786044742205263,0.2259543541491261,0.8809708468887508,24,1.0008294187899494,5.481230455388512,7.845587084765957,30.589069745671207,1.370307613847128,1.9613967711914893,7.647267436417802,34.75079907922462,8.687699769806155,,,
7445,0.1976843354869624,0.16154966876815058,0.8024207417398419,64,0.929172307402342,6.863995496778309,5.609327598967725,27.861652994690793,1.7159988741945773,1.4023318997419312,6.965413248672698,32.262720857624124,8.065680214406031,,,
7457,0.061961891287388146,0.24094544607980753,0.9891686536039364,72,1.1934352209437669,2.1514407892806915,8.366107778783077,34.34591399043588,0.5378601973201729,2.091526944695769,8.58647849760897,41.438457741609476,10.359614435402369,,,
7461,0.10097709573345956,0.19204210599343238,0.7094810555470702,132,0.8221762033059284,3.506126718057183,6.66808600430396,24.634601210705373,0.8765316795142958,1.66702150107599,6.158650302676343,28.547602131188448,7.136900532797112,,,
7469,0.11915973546922698,0.20156211267063928,0.684804208288672,27,0.7639403889642475,4.137464334962499,6.998639676149938,23.77777172019927,1.0343660837406248,1.7496599190374844,5.944442930049817,26.525538185616604,6.631384546404151,,,
7471,0.005243877125021458,-0.004885280649464517,1.6695229084484486,23,2.111321069333488,0.18207790153499506,-0.16962671471070698,57.96917442714704,0.045519475383748766,-0.042406678677676744,14.49229360678676,73.30929016939737,18.327322542349343,,,
7490,0.04923836373338178,0.1616317728746487,0.6452696803276877,36,0.7171302233613348,1.7096544655504822,5.612178417753552,22.405053840337974,0.42741361638762054,1.403044604438388,5.6012634600844935,24.900195615552267,6.225048903888067,,,
7507,0.07906718934446841,0.34388046401881733,0.879753412015119,22,0.968174498096106,2.7453709484186324,11.940217471661375,30.546797971988966,0.6863427371046581,2.985054367915344,7.636699492997241,33.616954922892994,8.404238730723248,,,
7511,0.03875460933575653,-0.0037625249560102247,0.8809409105008277,100,1.0969314956960006,1.3456375453561382,-0.13064239152258703,30.58803029440974,0.33640938633903456,-0.032660597880646756,7.647007573602435,38.08765539355653,9.521913848389133,,,
7512,-0.0004408517539894142,-0.0012613731297329246,0.4109841844112305,45,0.4864421062704693,-0.015307254602020441,-0.04379739781058661,14.270192851126748,-0.0038268136505051104,-0.010949349452646652,3.567548212781687,16.890242813923237,4.222560703480809,,,
7518,0.05879022357377101,0.15370283155608241,0.741316647691148,22,0.8372362719177723,2.0413141429284773,5.336869717290294,25.73999664113204,0.5103285357321193,1.3342174293225735,6.43499916028301,29.07051783352889,7.267629458382222,,,
7523,-0.008284055411798613,-0.01864426751834135,0.9470786622784858,129,1.4229582654033035,-0.28763897200847144,-0.6473662567718484,32.88446531163358,-0.07190974300211786,-0.1618415641929621,8.221116327908396,49.407956891333505,12.351989222833376,,,
7546,-0.00403417850784367,-0.002807929294344073,0.1419467944264189,27,0.1971074983848345,-0.14007474614934792,-0.0974969209582149,4.928676596074117,-0.03501868653733698,-0.024374230239553724,1.2321691490185291,6.843966558918224,1.710991639729556,,,
7552,0.1901429091338326,0.3343584790691222,0.8839405954374393,69,1.1132351577103554,6.602142090944936,11.609595110238061,30.69218535477877,1.650535522736234,2.9023987775595153,7.673046338694692,38.65375114601896,9.66343778650474,,,
7556,0.09953697853467094,0.09881265699313699,1.3040725287956145,168,1.7086281924082114,3.4561229686808446,3.4309730761157025,45.28000634484133,0.8640307421702111,0.8577432690289256,11.320001586210333,59.32698809679792,14.83174702419948,,,
7568,0.13439927687175812,0.018107697431279556,0.5350196250576412,55,1.0250754969375515,4.666611691541186,0.6287354702088888,18.57695142125142,1.1666529228852964,0.1571838675522222,4.644237855312855,35.592671404665666,8.898167851166416,,,
7578,-0.011871028752236557,-0.016854661472930133,2.35100113484763,32,2.7261126275624243,-0.41218586033515775,-0.58522755566308,81.63146140417942,-0.10304646508378944,-0.14630688891577,20.407865351044855,94.6560826542225,23.664020663555625,,,
7579,0.08771066200588162,0.07662211234709915,0.9370720207546611,64,1.1784791569782944,3.0454896061682217,2.6604729849159767,32.53701470464335,0.7613724015420554,0.6651182462289942,8.134253676160837,40.91915328860034,10.229788322150085,,,
7605,0.06366894322947676,0.07010151087014026,1.0955798288135805,19,1.536588367337825,2.210713046813892,2.4340646604330103,38.04072281606514,0.552678261703473,0.6085161651082526,9.510180704016285,53.353421290703956,13.338355322675989,,,
7622,0.12341453387795752,0.2974832583919771,0.7393484476912041,111,0.8312994026571271,4.285199445310441,10.329213697886228,25.67165680073399,1.0712998613276103,2.582303424471557,6.417914200183498,28.864377859060767,7.216094464765192,,,
7637,0.06099908554400051,0.3291269136275738,0.742297182544542,56,0.9168019683815816,2.118010248258786,11.427944694976617,25.77404277231159,0.5295025620646965,2.856986173744154,6.443510693077897,31.833197946145276,7.958299486536319,,,
7642,0.13492941522090368,0.21399313072612294,0.7466981163267002,423,0.8566146604501754,4.685019155300218,7.430269485072441,25.92685199509569,1.1712547888250544,1.8575673712681102,6.481712998773922,29.74337424015099,7.435843560037748,,,
7654,0.009894344646632441,-0.002926474401140142,1.6774332043785163,626,2.125904815628692,0.34355143482037165,-0.10161304415638801,58.243835722430845,0.08588785870509291,-0.025403261039097003,14.560958930607711,73.81566700825944,18.45391675206486,,,
7675,0.14547320337238934,-0.062483946297477576,2.278495262036841,42,2.9624078136181593,5.051120567496103,-2.1695675833410166,79.1139124884432,1.2627801418740257,-0.5423918958352542,19.7784781221108,102.86072410444973,25.715181026112433,,,
7722,0.016189868287056253,0.15082077119839157,1.2781614435675819,95,1.7848109611253533,0.5621446066631672,5.236798817550552,44.38032164355358,0.1405361516657918,1.309199704387638,11.095080410888395,61.97220619219452,15.49305154804863,,,
7723,0.10004457928406559,0.05908673171787286,0.5961435299719928,46,0.6960653913320644,3.473747881901325,2.0516094987079816,20.699295647687535,0.8684369704753313,0.5129023746769954,5.174823911921884,24.16878251783194,6.042195629457985,,,
7781,0.20124973990827472,0.09096358760331782,0.5616380982445282,20,0.6563970465930852,6.987793469095115,3.1584376887624015,19.501198047246508,1.7469483672737787,0.7896094221906004,4.875299511811627,22.791418251805105,5.697854562951276,,,
7822,0.05620864142493305,0.1910126484955849,0.639370932590107,31,0.7846151383391166,1.9516764475565254,6.632341181063699,22.200237521393696,0.48791911188913134,1.6580852952659249,5.550059380348424,27.243406833410805,6.810851708352701,,,
7828,0.18491682742248797,0.03512277677216171,1.4455671341159388,47,1.8920986362722296,6.420682081763627,1.219533055082999,50.19298203077363,1.6051705204409068,0.30488326377074976,12.548245507693407,65.69744884864436,16.42436221216109,,,
7856,0.043524283546702645,0.14805944773496219,0.6919515935552897,69,0.8357208286115644,1.5112501733086092,5.140920144253357,24.02594323142677,0.3778125433271523,1.2852300360633393,6.006485807856692,29.01789861105074,7.254474652762685,,,
7860,0.06187728292365271,0.11945882887621648,0.5826854061001238,22,0.6680032415992487,2.1485030176750692,4.147849456239989,20.232002670608498,0.5371257544187673,1.0369623640599972,5.0580006676521245,23.194408554809115,5.798602138702279,,,
7867,0.017744573357851987,0.023803097676719478,1.5770425417098153,94,2.2297294293775685,0.6161270761313368,0.8264911575310537,54.75807113324821,0.1540317690328342,0.20662278938276343,13.689517783312052,77.42066524684793,19.355166311711983,,,
7876,0.09945941845115802,0.13761978301701058,0.5977929838552828,243,0.6857393393741157,3.453429927461109,4.7784341059166415,20.75656798542313,0.8633574818652773,1.1946085264791604,5.189141996355782,23.810241341748046,5.952560335437012,,,
7910,-0.006575888713838622,0.000294221466171101,0.6071062846260994,49,0.7095388300371038,-0.22832800792190464,0.01021595774839297,21.079944414787423,-0.05708200198047616,0.0025539894370982426,5.269986103696856,24.63660725654832,6.15915181413708,,,
7911,0.1462744354655337,0.18421186551026983,0.7869477663356023,66,0.8719474681325556,5.078940948234261,6.396204394247589,27.324400342704784,1.2697352370585653,1.5990510985618973,6.831100085676196,30.2757599884986,7.56893999712465,,,
7927,0.09063531381055441,0.20288285729407676,0.4604630113305518,20,0.558591556160934,3.14703936613007,7.044498570964934,15.98819667941942,0.7867598415325175,1.7611246427412335,3.997049169854855,19.395416013019954,4.8488540032549885,,,
7932,-0.003360512467604861,0.020085374695695105,0.5996790693957984,38,0.9485692788512126,-0.11668371390017598,0.6974043801839255,20.822056647560913,-0.029170928475043996,0.17435109504598137,5.205514161890228,32.9362225002718,8.23405562506795,,,
7971,0.026903846011991847,0.009172670999487521,2.0531764457598145,25,2.5806487115328127,0.934155341228381,0.3184934824442057,71.29039254967228,0.23353883530709524,0.07962337061105143,17.82259813741807,89.60528456184232,22.40132114046058,,,
7976,0.02681903044176929,0.2710174294868233,0.5453018252653951,39,0.6085681855193279,0.9312103749991133,9.410267186641478,18.933969976865047,0.23280259374977832,2.3525667966603696,4.733492494216262,21.130704537602103,5.282676134400526,,,
7979,0.03878467403902422,0.01737178866424539,0.2420271989048547,22,0.3716308640638984,1.346681451982999,0.6031832459999285,8.403668400374364,0.33667036299574976,0.1507958114999821,2.100917100093591,12.90376686202668,3.22594171550667,,,
7982,0.07511970641296983,0.11013187587637496,0.7649586891055082,32,0.8542297808312018,2.6083064460711385,3.8239989941794916,26.56089560312146,0.6520766115177846,0.9559997485448729,6.640223900780365,29.66056645002099,7.415141612505248,,,
7996,0.12938837499215033,0.25928864246168604,0.8690108423125568,133,1.0213015597802628,4.492623156477444,9.003020243554662,30.1737944667766,1.123155789119361,2.2507550608886655,7.54344861669415,35.461632758690286,8.865408189672571,,,
8006,0.28566092440219865,0.14833274115244777,0.8961589414535728,30,0.9978551475923825,9.918718617093141,5.150409438295291,31.116430765150955,2.4796796542732853,1.2876023595738229,7.779107691287739,34.647526434702705,8.661881608675676,,,
8013,-0.020029764544446493,-0.012027008002859437,0.5085904769361972,60,0.5894703003803706,-0.6954734845122712,-0.4176017718752854,17.65927854017864,-0.1738683711280678,-0.10440044296882135,4.41481963504466,20.46758776980723,5.116896942451808,,,
8040,0.01730881338074397,0.09176700889418044,0.6117657486856969,32,0.7077784957470946,0.6009966182061922,3.186334082823733,21.24173032586477,0.15024915455154805,0.7965835207059333,5.310432581466192,24.57548492933062,6.143871232332655,,,
8043,-0.004378071454685764,0.016714600589183032,1.688969225460411,76,2.238587635769708,-0.1520153970495991,0.5803643616576133,58.64438944643639,-0.038003849262399775,0.14509109041440332,14.661097361609098,77.7282398891958,19.43205997229895,,,
8051,-0.00030437981954137126,0.00017933366047575457,0.9415948511418226,346,1.4518800919624713,-0.010568676094115494,0.00622682335903915,32.69405642134637,-0.0026421690235288735,0.0015567058397597876,8.173514105336592,50.412180553120926,12.603045138280232,,,
8092,0.016652051381587433,0.023779014411131227,0.6792054997746413,33,0.8853337742851558,0.5781925280714789,0.8256549383832985,23.583373363175095,0.14454813201786973,0.20641373459582463,5.895843340793774,30.740559310729182,7.6851398276822955,,,
8099,0.2058675289264272,0.039218605113452064,0.6903103620602117,30,0.7963139513192441,7.148132339383405,1.3617484067492827,23.96895639145467,1.7870330848458513,0.34043710168732066,5.992239097863668,27.649613017706795,6.912403254426699,,,
8103,-0.009726340374962247,-0.01333904148149944,0.3044117835299616,68,0.3803972409209099,-0.3377179904994392,-0.4631581983206236,10.569785947727327,-0.0844294976248598,-0.1157895495801559,2.642446486931832,13.208152999255834,3.3020382498139584,,,
8114,0.045185835656125314,0.04112681387898719,0.5580767849839717,268,0.6274175050386898,1.5689425856519832,1.428005231506193,19.377542128213467,0.3922356464129958,0.35700130787654827,4.844385532053367,21.785190609953386,5.446297652488346,,,
8116,0.010012588219283011,-0.006006160347263184,0.4870951842831382,27,0.6266133230409487,0.3476570881499447,-0.2085458995776723,16.912918988679124,0.08691427203748618,-0.052136474894418076,4.228229747169781,21.757267802627823,5.439316950656956,,,
8130,-0.0009360612086915784,0.010008524145803221,1.0864636219624482,19,1.5326039753436513,-0.032501917288188985,0.3475159753905795,37.72418988178013,-0.008125479322047246,0.08687899384764487,9.431047470445032,53.21507523188227,13.303768807970567,,,
8143,-0.005723571448381007,-0.02528654219161797,0.9196480151498958,61,1.110837381916685,-0.19873384783068535,-0.8779993179773592,31.932018382034684,-0.049683461957671336,-0.2194998294943398,7.983004595508671,38.57049557491114,9.642623893727786,,,
8146,-0.006764497683816777,-0.010974756661168131,0.465190422494951,233,0.5563655728370067,-0.23487688857748615,-0.38106550078907986,16.15234184986969,-0.05871922214437154,-0.09526637519726996,4.038085462467422,19.31812542004655,4.829531355011637,,,
8210,0.09139619610357815,-0.0347702526261806,2.4721058064073755,53,2.9452436974244116,3.1734587211084406,-1.2072927116862429,85.8364578100769,0.7933646802771102,-0.3018231779215607,21.459114452519223,102.26475166197042,25.566187915492605,,,
8235,0.004116003283205897,-0.005332522807017976,0.09662342409968122,440,0.1889463941452583,0.14291586599947517,-0.18515585690527817,3.3549585315891313,0.03572896649986879,-0.04628896422631954,0.8387396328972828,6.5605966975116585,1.6401491743779146,,,
8250,0.072313488160791,0.13736233195779834,0.7060775625602952,55,0.7615519948482244,2.5108689359189853,4.769494890238675,24.51642512721857,0.6277172339797463,1.1923737225596687,6.129106281804643,26.44260836512005,6.610652091280013,,,
8343,0.10520341081673772,0.16921828758653554,0.7936614464384905,34,0.9526380968453029,3.652872830378767,5.875597381579687,27.557512743237268,0.9132182075946917,1.4688993453949217,6.889378185809317,33.07749999866261,8.269374999665652,,,
8354,0.0617546959861528,0.08085110607914885,1.0024794337854668,20,1.3105266209430295,2.1442465540311977,2.8073121052802064,34.80809089989898,0.5360616385077994,0.7018280263200516,8.702022724974745,45.50410533238387,11.376026333095968,,,
8355,0.11133751520306907,0.20814767708280738,0.7318803880739734,228,0.9083829967140991,3.8658612028809647,7.227303643669238,25.412350834704505,0.9664653007202412,1.8068259109173095,6.353087708676126,31.540874411906948,7.885218602976737,,,
8356,0.08360661192123398,0.15224885640774932,2.0928585275767015,32,2.6745148910116026,2.9029887791290863,5.286384792189872,72.66823379451823,0.7257471947822716,1.321596198047468,18.167058448629557,92.86450604570487,23.216126511426218,,,
8392,-0.04054362507091156,0.2097997815518994,0.7876964787874694,40,0.9308098432080082,-1.4077557497121913,7.284668015045051,27.350397136458515,-0.3519389374280478,1.8211670037612628,6.837599284114629,32.319579375868464,8.079894843967116,,,
8394,0.07556519052187274,0.15309010570770748,0.8022782725718783,116,0.9426433795341557,2.6237745453004657,5.315594650383019,27.85670618024076,0.6559436363251164,1.3288986625957548,6.96417654506019,32.730463424184954,8.182615856046239,,,
8397,0.22922940671306952,0.21901279794451062,0.7712757926017008,19,0.7853707174489377,7.9593034598912,7.604562370229298,26.780238070716255,1.9898258649728,1.9011405925573246,6.695059517679064,27.269642051262018,6.8174105128155045,,,
8405,0.11708704387151592,0.25625666002822456,0.7294348465128445,32,0.8492334959704569,4.065496337306776,8.897743749500014,25.32743674061899,1.016374084326694,2.2244359373750036,6.331859185154747,29.48708544708621,7.371771361771552,,,
8438,0.05212785072146839,0.18874474427762897,1.4515821633750128,120,1.74869421625072,1.8099832327508254,6.553595010807833,50.401835876707196,0.45249580818770635,1.6383987527019583,12.600458969176799,60.7181605766575,15.179540144164376,,,
8443,0.14176400932401953,0.11131963050244366,0.8565412841442142,63,1.20286931582706,4.922329931748607,3.8652402103058487,29.740826468055406,1.2305824829371517,0.9663100525764622,7.4352066170138515,41.76602838414718,10.441507096036794,,,
8455,-0.004954881981123233,0.07773762471414329,0.8770883842827965,45,1.257867866640407,-0.17204341214856092,2.6992058053244836,30.454262879067258,-0.04301085303714023,0.6748014513311209,7.6135657197668145,43.67568806548822,10.918922016372054,,,
8457,-0.016329206265191826,0.15894510150192498,0.8304405921216129,49,0.9781069904906448,-0.5669826999399906,5.518891814349839,28.834558239646643,-0.14174567498499765,1.3797229535874598,7.208639559911661,33.961830923816166,8.490457730954041,,,
8459,0.2692841953092693,0.1577570093782441,0.8640035399806908,25,0.9531794061551302,9.350085829528448,5.477638879631392,29.999930915209546,2.337521457382112,1.369409719907848,7.499982728802387,33.09629534051843,8.274073835129608,,,
8463,0.2534238893929796,0.34502419651511146,0.7986733549958253,20,0.9096007880223315,8.799384287503038,11.979930151397701,27.731536232165045,2.1998460718757595,2.9949825378494253,6.932884058041261,31.583158561711393,7.895789640427848,,,
8473,0.14974806567111856,0.12967749609444357,0.6349543420718835,381,0.7264761409231326,5.199552336232579,4.50266201939127,22.046884665419938,1.2998880840581448,1.1256655048478175,5.5117211663549845,25.224704565133013,6.306176141283253,,,
8475,0.0055686246081088275,0.023771563746031822,1.4685108562624334,22,1.9012888030648203,0.1933537836427547,0.8253962363897169,50.989633951144214,0.04833844591068868,0.20634905909742923,12.747408487786053,66.01654982001669,16.504137455004173,,,
8476,0.2161400821632044,0.1916591771843127,0.7911710127039429,42,0.9580445454248954,7.504815932870784,6.654789950193705,27.471039903106306,1.876203983217696,1.6636974875484263,6.867759975776576,33.265222706243215,8.316305676560804,,,
8501,0.04698995797977735,0.2446206815157628,0.6177067538583084,45,0.7555785263144025,1.6315853209738291,8.493719303590316,21.448013907468187,0.4078963302434573,2.123429825897579,5.362003476867047,26.235197590688685,6.558799397672171,,,
8515,0.0014910874173470188,0.24036650337740184,0.6084585802505075,46,0.6956476967502445,0.05177353730512319,8.346005730270146,21.12689882345812,0.012943384326280798,2.0865014325675366,5.28172470586453,24.15427932656199,6.038569831640498,,,
8551,0.14351545700056628,0.1735863976480563,0.6948776539257103,557,0.7813932838546037,4.983143697973663,6.027266899135811,24.127541899608516,1.2457859244934157,1.5068167247839528,6.031885474902129,27.13153760199955,6.782884400499888,,,
8560,0.024889527830084596,-0.02345025968026298,0.47513507088534246,56,0.5573337502017132,0.8642141853161974,-0.8142399166180911,16.49763993128086,0.21605354632904936,-0.20355997915452279,4.124409982820215,19.351742474503887,4.837935618625972,,,
8600,0.13591891095964417,0.22127942974912224,0.7687137607165206,93,0.8607510350720347,4.719376426340765,7.683264359749023,26.69127919959903,1.1798441065851912,1.9208160899372557,6.672819799899758,29.88699743977119,7.471749359942797,,,
8608,0.13818182519359176,0.21590477589712156,0.6584862520040022,33,0.798927066623345,4.797949334371894,7.496645628699855,22.863959642082968,1.1994873335929734,1.8741614071749637,5.715989910520742,27.740345607295787,6.935086401823947,,,
8614,0.005487430815601139,0.058700654582271916,1.0429059521034365,24,1.2814900909061413,0.19053457277930277,2.0382041284056456,36.21178046893552,0.047633643194825694,0.5095510321014114,9.05294511723388,44.49589893644304,11.12397473411076,,,
8616,0.17157957567406282,0.11059199775311677,0.6543767105963006,30,0.8060849955932216,5.957586026554809,3.8399753459837207,22.721268145324753,1.4893965066387023,0.9599938364959302,5.680317036331188,27.98888321698784,6.99722080424696,,,
8631,0.030946026362085967,0.08468006224565419,0.7625602100670527,87,1.2575246670947464,1.074507927344349,2.940261121293605,26.477615613948203,0.26862698183608724,0.7350652803234012,6.619403903487051,43.66377149086379,10.915942872715947,,,
8641,0.1429939060107117,0.2158506597961527,1.055043331260652,205,1.4344768266374606,4.965034404503932,7.4947666094420144,36.633214548032356,1.241258601125983,1.8736916523605036,9.158303637008089,49.80790437450591,12.451976093626477,,,
8647,0.10579678649590481,0.09311237932981997,0.6003521078670867,38,0.932033379686972,3.673476020710807,3.2330480350900093,20.845425889360985,0.9183690051777017,0.8082620087725023,5.211356472340246,32.362063009491045,8.090515752372761,,,
8669,0.1005419638052634,0.30234344523748735,0.6804568013871048,45,0.7390564713616704,3.4910180672463555,10.497969105536036,23.626821057763056,0.8727545168115889,2.624492276384009,5.906705264440764,25.66151879861992,6.41537969965498,,,
8670,-0.19703061383524523,-0.03933909129683618,1.4045072037603623,42,2.3033242179900273,-6.841296973587385,-1.3659319280087459,48.7672991289673,-1.7103242433968462,-0.34148298200218646,12.191824782241826,79.97602349704972,19.99400587426243,,,
8708,-0.011184703813653055,0.22726821380230058,0.9143986601186225,38,1.225392837242737,-0.3883552858176614,7.891206919643481,31.74975027663881,-0.09708882145441534,1.9728017299108702,7.9374375691597026,42.548090094742314,10.637022523685578,,,
8728,0.05092937223468074,0.22950231909422916,1.0249990142197505,33,1.309625916131232,1.7683696627325847,7.968779523589825,35.59001577173818,0.44209241568314617,1.9921948808974563,8.897503942934545,45.47283105990864,11.36820776497716,,,
8736,0.019438311793973775,0.06509759547993658,0.7187582606586569,42,0.8762677581416695,0.6749370621103574,2.2603187102543583,24.956724326589885,0.16873426552758936,0.5650796775635896,6.239181081647471,30.425769098195047,7.606442274548762,,,
8737,0.2052111320971278,0.2057997725162025,0.781196876166818,20,0.9183751692479468,7.125340928676471,7.145779701307583,27.124717934264254,1.7813352321691178,1.7864449253268957,6.7811794835660635,31.887822626627212,7.971955656656803,,,
8752,-0.0539823249707228,0.040147569782989556,0.8596395247770019,38,1.1242334958035534,-1.874374287633437,1.3940039180049635,29.84840357930706,-0.46859357190835926,0.34850097950124087,7.462100894826765,39.03563544129098,9.758908860322745,,,
8766,-0.07359861035230737,0.05258735272067063,1.324312932293322,33,1.7096073280979778,-2.5554909486528166,1.8259380611671256,45.98279363508873,-0.6388727371632041,0.4564845152917814,11.495698408772183,59.36098564621798,14.840246411554496,,,
8776,0.0025585100276588318,0.0009792853227708336,0.546001163168263,525,0.7931885973994441,0.08883658518036996,0.03400274497724889,18.95825238752843,0.02220914629509249,0.008500686244312222,4.739563096882107,27.5410944789035,6.885273619725875,,,
8803,-0.00032561545195572406,-0.0005205878976544924,0.4070058275668711,542,0.4833765257384807,-0.011306019722806652,-0.018075852982359284,14.132056344776899,-0.002826504930701663,-0.004518963245589821,3.5330140861942247,16.783799726691527,4.195949931672882,,,
8816,0.11636882083082326,0.1964491594005715,1.228529107877543,84,1.563695353785347,4.0405581968878455,6.821107712706644,42.656987683724054,1.0101395492219614,1.705276928176661,10.664246920931014,54.29463007413482,13.573657518533706,,,
8822,-0.00026075311156832697,0.14340732649550234,0.9603934742271575,27,1.269571144693256,-0.009053869539875449,4.979389190576832,33.346782212115365,-0.0022634673849688623,1.244847297644208,8.336695553028841,44.082049286039236,11.020512321509809,,,
8823,-0.003432864982021949,0.07371731231651263,0.6515491730420406,33,0.7938454326185329,-0.11919593790576612,2.5596125182539518,22.623090386365735,-0.02979898447644153,0.6399031295634879,5.655772596591434,27.5639011113807,6.890975277845175,,,
8828,0.11886258090666908,0.006452823576142107,0.37716693963627457,21,0.5238695231919293,4.127146534241364,0.22405494021080624,13.095990478050727,1.031786633560341,0.05601373505270156,3.2739976195126816,18.189797584270167,4.547449396067542,,,
8831,-0.012751732665874678,-0.007816652386032996,0.6499784526571749,58,0.7927593130923314,-0.4427656616245006,-0.2714098041478377,22.568551833162427,-0.11069141540612515,-0.06785245103695943,5.642137958290607,27.52618886919193,6.881547217297983,,,
8848,-0.11738642062600547,0.13425197308677753,0.5620470411546156,25,0.649444873079779,-4.075891296976162,4.661497009519089,19.515397362970564,-1.0189728242440406,1.1653742523797723,4.878849340742641,22.550024883076087,5.637506220769022,,,
8873,-0.05937417878430473,0.00498165790313152,0.4965330786292469,20,0.6117164243922039,-2.061590235748629,0.17297312571253262,17.24062155616471,-0.5153975589371572,0.043243281428133155,4.310155389041178,21.240017687746104,5.310004421936526,,,
8898,0.0642300963875549,0.035103311522281556,0.4825674309686017,58,0.5663236786479663,2.2301974067686814,1.2188571826766603,16.75570633809179,0.5575493516921703,0.3047142956691651,4.188926584522948,19.663890770014685,4.915972692503671,,,
8939,0.09456133522473056,-0.040343196506649484,2.2843452696721838,79,2.8569704920445615,3.2833586816730946,-1.4007964691038834,79.31703645355756,0.8208396704182737,-0.35019911727597086,19.82925911338939,99.19972942477126,24.799932356192816,,,
8957,0.05487442683909768,0.04556333228077933,0.5716880165055264,530,0.6846054885483168,1.9053498487071496,1.58205002345322,19.850151309104888,0.4763374621767874,0.395512505863305,4.962537827276222,23.770871773374658,5.9427179433436645,,,
8981,0.09684233563723156,0.5050670225259483,0.5898550876936787,28,0.5811286524405082,3.3625595779959543,17.536937156145978,20.480948354899912,0.8406398944989886,4.3842342890364945,5.120237088724978,20.177949070039325,5.044487267509831,,,
8986,0.08936756276136404,0.16721877193648993,0.8201128995327291,66,1.0147463915342836,3.1030205142000824,5.806170199178804,28.475960097575424,0.7757551285500206,1.451542549794701,7.118990024393856,35.2340242068534,8.80850605171335,,,
9022,0.15921933287490547,0.3755077366040652,0.5813630551149864,29,0.6353373591215891,5.528413676082468,13.038379630366354,20.186087999702558,1.382103419020617,3.2595949075915884,5.046521999925639,22.060183783419816,5.515045945854954,,,
9023,0.026650786804840332,-0.023522272749315235,1.374084020770573,22,1.886990022169973,0.925368619437666,-0.8167403544017237,47.710945369195834,0.2313421548594165,-0.20418508860043091,11.927736342298958,65.52006754978581,16.380016887446452,,,
9032,0.2464758745323555,0.14911818544523478,0.8344689499110699,27,0.9186760763192829,8.558135315512448,5.177681635029442,28.97443087881217,2.139533828878112,1.2944204087573605,7.243607719703043,31.898270721958145,7.974567680489536,,,
9034,0.4183835359363062,-0.07675727571569269,0.9758257158344698,19,1.131453708556678,14.527113134780423,-2.6651661274002816,33.88262050520446,3.631778283695106,-0.6662915318500704,8.470655126301114,39.286335668504975,9.821583917126244,,,
9036,-0.0008642366312563356,0.0013699143631384098,1.0246821823038756,523,1.3692733948388192,-0.030008024310482485,0.04756616651689187,35.57901473395517,-0.007502006077620621,0.011891541629222967,8.894753683488792,47.54391081559348,11.88597770389837,,,
9040,-0.0006489333243808608,-0.013901985239836297,1.959123044737094,241,2.5128867639637202,-0.02253226288915225,-0.4827047314975959,68.02467035936138,-0.005633065722288062,-0.12067618287439898,17.006167589840345,87.25245421834829,21.813113554587073,,,
9050,-0.051256328679238086,0.21787592359579333,1.1526718373161648,37,1.404722591726331,-1.779722244400505,7.5650878190931365,40.023071535291876,-0.44493056110012624,1.8912719547732841,10.005767883822969,48.77477782992167,12.193694457480417,,,
9057,-0.009572916082131486,0.16664407536897183,1.0966635516570777,41,1.409195998394241,-0.3323907922037695,5.78621558496144,38.078351840637055,-0.08309769805094237,1.44655389624036,9.519587960159264,48.93010345624484,12.23252586406121,,,
9058,0.17869468150376885,0.19029071244158627,0.7395398658773734,169,0.8472625788373122,6.204636731173863,6.607274117396758,25.67830322299416,1.5511591827934657,1.6518185293491896,6.41957580574854,29.418651262389155,7.354662815597289,,,
9065,-0.05436132509888125,0.1106185185779367,0.6717145069282549,20,0.7401560403883407,-1.887533930083355,3.840896202063118,23.323271109562867,-0.4718834825208387,0.9602240505157795,5.830817777390717,25.699698034363966,6.424924508590991,,,
9079,0.11084773662985319,0.26690531756711827,0.8426612637331484,56,0.960865105959156,3.8488551112617624,9.26748643656548,29.25888439934238,0.9622137778154406,2.31687160914137,7.314721099835595,33.36315820911381,8.340789552278453,,,
9089,0.08999978601160391,0.10672911662660436,1.1598837245965807,34,1.4226450031778612,3.124972569894911,3.705848387508957,40.27348268544248,0.7812431424737277,0.9264620968772392,10.06837067136062,49.3970798003417,12.349269950085425,,,
9100,0.07197545938691342,0.16651407894022915,1.1119225544491922,72,1.404292095284214,2.499131900832408,5.781701848962637,38.608174935584856,0.624782975208102,1.4454254622406593,9.652043733896214,48.759830132458475,12.189957533114619,,,
9104,-0.004181244916214556,0.01766359977423064,0.7705791528816334,73,1.0045140792236391,-0.14518118598080182,0.6133155113608363,26.756049346356075,-0.036295296495200455,0.15332887784020907,6.689012336589019,34.8787378588032,8.7196844647008,,,
9118,-0.2431893200232781,0.022373063768024875,1.670696480164794,34,2.135192604967564,-8.444019569848262,0.7768375201533597,58.00992318428198,-2.1110048924620655,0.19420938003833993,14.502480796070495,74.13815762968376,18.53453940742094,,,
9126,-0.01017805244211072,-0.013541185627102388,0.2719848492823766,70,0.3382225991143174,-0.3534023368949684,-0.47017704734424914,9.443857936782681,-0.0883505842237421,-0.11754426183606229,2.3609644841956703,11.743765086447329,2.9359412716118323,,,
9128,0.2972285152806838,0.1460448265854518,1.1895916529591395,24,1.4631475053448952,10.320368507575903,5.070968468700057,41.305001374047244,2.580092126893976,1.2677421171750143,10.326250343511811,50.80340768058545,12.700851920146363,,,
9140,0.08880828480897886,0.10379740829371681,0.5952057093353248,51,0.6739587445263433,3.083601265137364,3.604053610774435,20.66673263954115,0.770900316284341,0.9010134026936087,5.166683159885287,23.401195527443694,5.850298881860923,,,
9150,0.05418916355126514,0.002354001840199262,0.6887353286146587,21,0.9691992474181911,1.8815561368270284,0.08173565189539878,23.91426808015818,0.4703890342067571,0.020433912973849694,5.978567020039545,33.65253626885443,8.413134067213608,,,
9161,0.18169998046956456,0.18473236461201167,0.6826129002531984,30,0.7559684493797503,6.308986721864221,6.414277164058269,23.701685122591556,1.5772466804660552,1.6035692910145674,5.925421280647889,26.24873649936369,6.562184124840923,,,
9180,-0.0006330114573010735,-0.010074496102810896,1.7332390923987104,103,2.3150346166418387,-0.021979423820407875,-0.3498066536817999,60.181527766268026,-0.005494855955101969,-0.08745166342044998,15.045381941567006,80.38263195903792,20.09565798975948,,,
9198,0.12849514218401245,0.5161919093467091,1.391489777048393,24,1.752594575853992,4.4616083269132805,17.923215476336434,48.3153080386743,1.1154020817283201,4.4808038690841085,12.078827009668576,60.85358886280231,15.213397215700578,,,
9199,-0.10043328553596677,0.21160916632660653,0.6750413076293604,22,0.7499893362995963,-3.487244540379838,7.347493473192432,23.438784283506653,-0.8718111350949596,1.836873368298108,5.859696070876663,26.041129734994584,6.510282433748646,,,
9205,-0.01868246179567734,0.17696699478901579,0.7307043348161207,32,0.8376858806673334,-0.6486924384695086,6.144647993064206,25.371515913485347,-0.16217310961737716,1.5361619982660515,6.342878978371337,29.086129148531153,7.271532287132788,,,
9219,0.09902868012714121,0.13996515934598863,0.797336443892766,216,0.9480562393196095,3.4384738313745973,4.859870262811418,27.685116004844623,0.8596184578436493,1.2149675657028545,6.921279001211156,32.91840874165548,8.22960218541387,,,
9220,0.05615543207639021,0.2783888580200945,0.6636906244144453,71,0.7468500893442808,1.949828912556421,9.666217928173722,23.044665860918368,0.48745722813910525,2.4165544820434306,5.761166465229592,25.93212880221212,6.48303220055303,,,
9222,-0.010380417386324479,-0.007202806900114313,1.7588772161284532,35,2.3074332306071046,-0.3604288524879586,-0.2500958611857692,61.07173469841215,-0.09010721312198965,-0.0625239652964423,15.267933674603038,80.11869663313989,20.029674158284973,,,
9254,0.054936094031354514,0.010980418066250764,1.1445391915236292,25,1.3893818545412944,1.9074910569566914,0.38126207609635904,39.74068980808345,0.47687276423917285,0.09531551902408976,9.935172452020863,48.242116753382824,12.060529188345706,,,
9292,0.14382726632241544,0.12245227567727568,0.6196715259772689,20,0.7550327853214106,4.993970341246909,4.251787916066366,21.516234724982734,1.2484925853117272,1.0629469790165915,5.3790586812456835,26.21624837193002,6.554062092982505,,,
9300,0.20064872163270833,0.2560250662659679,0.6827586266474066,19,0.8240247179699857,6.966924912530899,8.889702350886937,23.706745034451252,1.7417312281327249,2.2224255877217343,5.926686258612813,28.61178625735384,7.15294656433846,,,
9305,0.02889983223496036,0.4044788836720875,0.777231301967232,33,0.8781441915208333,1.0034599748622937,14.044315798862224,26.98702526690623,0.2508649937155734,3.511078949715556,6.746756316726557,30.490922617986378,7.6227306544965945,,,
9311,0.0923062089228182,0.05320465928587055,0.49340763361906576,20,0.6418301473403051,3.2050561862180937,1.8473721797239973,17.1320998545212,0.8012640465545234,0.4618430449309993,4.2830249636303,22.285626375950073,5.571406593987518,,,
9313,0.15063757717394188,0.04254609925394829,0.9103734928815905,34,1.0391176883199922,5.230437954633611,1.4772856582955927,31.609988419834586,1.3076094886584027,0.36932141457389817,7.9024971049586465,36.08024437384677,9.020061093461692,,,
9349,-0.0006984162209183372,-0.002924317412164003,0.12219016344995379,21,0.15746947603840514,-0.024250408022726506,-0.10153814918515852,4.242686855309295,-0.0060626020056816264,-0.02538453729628963,1.0606717138273238,5.4676551470055035,1.3669137867513759,,,
9358,-0.0006462081907151563,0.00044617780151239657,0.8696139124444137,148,1.1608255090341901,-0.02243764079801166,0.015492185624113435,30.194734267894933,-0.005609410199502915,0.0038730464060283587,7.548683566973733,40.30618332468515,10.076545831171288,,,
9374,0.09084305115925645,-0.0020668613585120474,1.4529945604346093,48,1.831708148004201,3.1542524223517026,-0.07176556009025531,50.45087712741051,0.7885631055879256,-0.017941390022563827,12.612719281852627,63.60057031500187,15.900142578750467,,,
9382,0.001412427015719439,0.16973194121400934,0.8177168273281251,69,1.1807112719635162,0.04904229083981036,5.893432462832832,28.39276367848716,0.01226057270995259,1.473358115708208,7.09819091962179,40.99665678511721,10.249164196279303,,,
9402,0.03574266306386274,0.21958701638325634,0.6043303132887728,83,0.7602084729673908,1.2410567469034421,7.624500382859427,20.98355713801277,0.31026418672586054,1.9061250957148568,5.245889284503193,26.395958598373745,6.598989649593436,,,
9407,0.26604141349494537,0.0754679656920582,0.5945123952654252,66,0.7377358892343254,9.237489959371493,2.620398704759645,20.642659388406095,2.309372489842873,0.6550996761899113,5.160664847101524,25.615665545994247,6.403916386498562,,,
9435,-0.006332940766540673,0.33158326647981085,0.4122487410646679,28,0.7332025708636475,-0.21989236929582526,11.513234178711993,14.3141007872474,-0.054973092323956314,2.8783085446779983,3.57852519681185,25.458259665527567,6.364564916381892,,,
9459,0.05196387011923965,0.2686922196425951,0.5560512041857454,60,0.7418882921548915,1.804289498280239,9.329531250430188,19.307209911737452,0.4510723745700598,2.332382812607547,4.826802477934363,25.759845280202143,6.439961320050536,,,
9466,0.17243241196265272,0.18455286688789407,0.6437066905832086,92,0.767856436817251,5.987198208167228,6.408044644081459,22.35078371043017,1.496799552041807,1.6020111610203647,5.587695927607543,26.66151119916859,6.6653777997921475,,,
9481,0.105681998831812,0.25422230262429885,0.6489573586731674,55,0.7435660208263175,3.669490363438176,8.827106791720905,22.53309740784972,0.917372590859544,2.206776697930226,5.63327435196243,25.818099375131396,6.454524843782849,,,
9483,-0.0978189140173195,0.24084319591265077,1.047282426350852,24,1.1791691829885247,-3.3964683325093676,8.36255744847906,36.363740407754285,-0.8491170831273419,2.090639362119765,9.090935101938571,40.94311237172756,10.23577809293189,,,
9485,0.20454268765857958,0.35924631426799875,1.8102779921597483,43,2.1690483907925087,7.1021312008812005,12.473750524013452,62.856472443770784,1.7755328002203001,3.118437631003363,15.714118110942696,75.31369822509748,18.82842455627437,,,
9488,0.14769448490175907,0.0349504037066173,0.7049133913883778,31,0.886549533921165,5.1282479047588785,1.2135479175011659,24.476002775787254,1.2820619761897196,0.30338697937529147,6.119000693946814,30.782772916810693,7.695693229202673,,,
9489,0.19491117938626146,0.11179522364193911,0.7158809413924192,23,0.8106566255411247,6.767705970649771,3.88175375529541,24.85681804702758,1.6919264926624427,0.9704384388238525,6.214204511756895,28.147619352038934,7.036904838009733,,,
9524,0.02971462333758268,-0.012320433378847454,0.3707962218372043,29,0.4383501556010442,1.031751151527546,-0.42779008778034133,12.874786414631409,0.2579377878818865,-0.10694752194508533,3.218696603657852,15.220394102779457,3.805098525694864,,,
9540,0.07401904436404244,0.2511262722806422,0.8564170131745882,43,0.9961744347689787,2.5700892584082817,8.71960642612846,29.736511531448052,0.6425223146020704,2.179901606532115,7.434127882862013,34.58916872404848,8.64729218101212,,,
9551,-0.19356236038987415,-0.052077612753612765,0.6643236690515212,28,0.8401916300187806,-6.72087227745721,-1.8082388700309424,23.06664643680692,-1.6802180693643025,-0.4520597175077356,5.76666160920173,29.173133777512103,7.293283444378026,,,
9569,0.19944407319273563,0.10754507329160713,0.7236699698916298,22,0.8793630878728831,6.925097109398167,3.734180034831183,25.12726869457717,1.7312742773495418,0.9335450087077958,6.281817173644293,30.533245137122247,7.633311284280562,,,
9575,0.011149736199900805,0.06321460311868855,0.7588799328154623,27,0.8792023067844412,0.38714114033295577,2.194937449487104,26.349829027218483,0.09678528508323894,0.548734362371776,6.587457256804621,30.52766249616937,7.6319156240423425,,,
9594,0.002505027633396451,-0.0015668614793090709,0.36210347392847236,467,0.44662524407661636,0.08697956948679159,-0.05440456428456956,12.572956821744418,0.021744892371697896,-0.01360114107114239,3.1432392054361045,15.507721724828274,3.8769304312070685,,,
9607,0.052726580266010056,0.2320071612960355,0.6972991274690667,56,0.7694889200342118,1.8307723199964012,8.055752654520944,24.211620303980936,0.4576930799991003,2.013938163630236,6.052905075995234,26.718194281427902,6.6795485703569755,,,
9616,0.0018836163429212418,0.004039678862018509,0.602867340694139,37,0.7171463374619402,0.06540292665891136,0.1402657294470067,20.9327598035819,0.01635073166472784,0.03506643236175167,5.233189950895475,24.900755129353488,6.225188782338372,,,
9638,-0.0041584188207823645,0.13226647391361415,0.7555243281300893,46,1.055757713890684,-0.14438861829520527,4.592556507228511,26.23331572133296,-0.03609715457380132,1.1481391268071277,6.55832893033324,36.65801934171233,9.164504835428083,,,
9656,0.1459293643737409,-0.012559814609347894,1.468460136165367,45,1.8093366906205863,5.066959389785032,-0.4361018828657776,50.98787284793388,1.266739847446258,-0.1090254707164444,12.74696821198347,62.823788571728,15.705947142932,,,
9667,0.11680442177943211,0.03907323791255672,0.455822781728577,34,0.4994633109553772,4.0556831330254415,1.3567009667997945,15.82707862717965,1.0139207832563604,0.3391752416999486,3.9567696567949127,17.342365082992607,4.335591270748152,,,
9682,0.20364057978572517,0.03254358729503746,0.8911821786396213,23,0.9841057968590541,7.0708082113199495,1.1299784380582907,30.943627606724935,1.7677020528299874,0.28249460951457267,7.735906901681234,34.170121478540075,8.542530369635019,,,
9691,0.07710348145563974,0.30632352642012667,0.5993394776556515,29,0.6669882298612775,2.677187083102723,10.636165484359639,20.810265343159532,0.6692967707756807,2.6590413710899097,5.202566335789883,23.15916531724328,5.78979132931082,,,
9697,-0.017492250058464033,0.15653833036725895,0.7066464399658917,37,0.8258633161144374,-0.6073659065299882,5.435323907011965,24.536177688495695,-0.15184147663249706,1.3588309767529914,6.134044422123924,28.6756260621255,7.168906515531375,,,
9702,-0.0910706288669436,0.3961229521829455,1.45216093604149,47,2.093363344068767,-3.162154375518016,13.754181145696235,50.421932021232614,-0.790538593879504,3.4385452864240587,12.605483005308153,72.68576203275573,18.171440508188933,,,
9708,0.11809585523119374,0.1946779511074869,0.6778376010178165,19,0.8171528196984997,4.100524285337509,6.75960781835416,23.535877182540627,1.0251310713343773,1.68990195458854,5.883969295635157,28.37318020557131,7.093295051392827,,,
9709,0.031972128154285726,0.008611172961880098,0.68704996695848,19,0.8183801123329009,1.110136233773109,0.2989971475824008,23.85574895273234,0.2775340584432773,0.0747492868956002,5.963937238183085,28.415794260422985,7.103948565105746,,,
9715,0.02688204350003364,-0.04284112521680385,0.7697866156356146,37,0.9387134084664424,0.9333983144081681,-1.4875295497778636,26.72853086809981,0.23334957860204203,-0.3718823874444659,6.6821327170249525,32.594006968771815,8.148501742192954,,,
9717,0.25949330726742753,0.3173848792881106,0.9983574254076145,23,1.1900052094973488,9.010126614939619,11.020237778641777,34.664966525003194,2.2525316537349047,2.755059444660444,8.666241631250799,41.31936088416695,10.329840221041737,,,
9735,0.12345081177006655,0.19302472848202307,0.6070448134109273,183,0.6725058782082941,4.286459086280251,6.702204622352805,21.07781001125422,1.0716147715700628,1.6755511555882012,5.269452502813555,23.350749103148388,5.837687275787097,,,
9737,-0.004326321465850145,0.014834130025226535,0.7874335777932782,467,1.096947156531814,-0.15021853393724874,0.5150706627359157,27.341268688138204,-0.037554633484312185,0.12876766568397893,6.835317172034551,38.08819916909765,9.522049792274412,,,
9749,0.05390646062899881,0.011941802084759975,1.3243023800039837,39,1.88815738106218,1.8717401259600968,0.41464325198703583,45.982427238498325,0.4679350314900242,0.10366081299675896,11.495606809624581,65.56060058524102,16.390150146310255,,,
9753,0.045370897667822874,0.14773201640281997,0.8642176707739806,20,1.173708219544131,1.575368308822146,5.129551073538715,30.007365964614156,0.3938420772055365,1.2823877683846787,7.501841491153539,40.75349679901132,10.18837419975283,,,
9757,-0.016923372928177048,0.13729861306383723,0.9628892754602109,21,1.025409616844723,-0.5876133548121635,4.767282442802556,33.43344142252944,-0.14690333870304087,1.191820610700639,8.35836035563236,35.60427271608248,8.90106817902062,,,
9771,-0.012092130721313307,0.034889211919021584,0.4676397953478364,31,0.5613816434115384,-0.4198629629054407,1.2114232162522676,16.237388974067574,-0.10496574072636017,0.3028558040630669,4.059347243516894,19.492293422535436,4.873073355633859,,,
9785,0.08811135212563123,0.13789766314200821,0.7777258024043877,65,0.8838215221539416,3.0594023685061678,4.788082659616809,27.00419531108515,0.7648505921265419,1.1970206649042023,6.751048827771288,30.68805089222916,7.67201272305729,,,
9787,0.11261821950184488,0.09812881920079274,0.6880229410368998,87,0.8055604647566661,3.910329817543058,3.4072288602899254,23.889532558683236,0.9775824543857645,0.8518072150724814,5.972383139670809,27.97067045728096,6.99266761432024,,,
9809,0.30144272991066695,0.19644823114424068,0.7312052002036893,31,0.8472927128887906,10.466694467958177,6.821075481790325,25.3889069614725,2.6166736169895444,1.7052688704475814,6.347226740368125,29.419697576924587,7.354924394231147,,,
9823,-0.07432843956621582,-0.004785376116749801,1.2975283304554195,27,1.7490496071379045,-2.580832078618146,-0.1661578295257866,45.052778690073076,-0.6452080196545364,-0.04153945738144665,11.263194672518269,60.73050045904232,15.18262511476058,,,
9829,-0.046074854262127304,0.02248542306643436,0.771795642801172,99,0.9426693346133519,-1.5998110896895843,0.7807388597127338,26.798288309342293,-0.3999527724223961,0.19518471492818346,6.699572077335573,32.73136463644481,8.182841159111202,,,
9832,0.011502457917423076,-0.05437092193782837,1.2572043111369409,102,1.684992818507033,0.39938834380876403,-1.8878671515252767,43.65264809129686,0.09984708595219101,-0.4719667878813192,10.913162022824215,58.5063206442012,14.6265801610503,,,
9837,-0.025649787051649706,-0.023411511784865245,0.49325335897641986,31,0.6171731340006076,-0.8906119060073812,-0.812894512194091,17.12674313037925,-0.2226529765018453,-0.20322362804852276,4.2816857825948125,21.429485558769098,5.3573713896922746,,,
9858,-0.0740651510279629,0.044215536987315736,0.5105201853373144,26,0.5976219940796462,-2.5716901739929283,1.535251875273577,17.72628187528223,-0.6429225434982321,0.3838129688183943,4.431570468820557,20.750630878433476,5.187657719608369,,,
9864,0.25545894537223146,-0.05603212255022925,1.0790315571937792,20,1.2340683008713529,8.870045501214621,-1.94554735918906,37.466133728882404,2.2175113753036553,-0.486386839797265,9.366533432220601,42.84931954285511,10.712329885713778,,,
9881,0.1396445282890722,0.256867523260967,0.7987472321441536,28,0.9417289228525442,4.848737311253165,8.918954142667298,27.7341013945093,1.2121843278132913,2.2297385356668245,6.933525348627325,32.69871165928604,8.17467791482151,,,
9891,0.08286003554315212,0.13695195700283494,0.6553553130363102,101,0.7660146094924181,2.877066154129328,4.755245851052435,22.755247179246766,0.719266538532332,1.1888114627631088,5.688811794811691,26.597559270795742,6.6493898176989354,,,
9895,0.014294812013226266,-0.027977298160649866,0.907425581770432,232,1.284277830271795,0.49634446272324245,-0.9714277467340847,31.50763105023294,0.12408611568081061,-0.24285693668352118,7.876907762558235,44.59269482269727,11.148173705674317,,,
9898,-0.005697463110562596,0.2394023105775775,1.084347598715398,28,1.2600194355633074,-0.19782731412495447,8.312527027874646,37.65071732259605,-0.04945682853123862,2.0781317569686615,9.412679330649013,43.75039484162916,10.93759871040729,,,
9914,0.10621490623591398,-0.07054927299994536,0.7898865566561544,30,1.0679651616144852,3.6879939743234056,-2.449611857104103,27.426441020214995,0.9219984935808514,-0.6124029642760257,6.856610255053749,37.081886341578155,9.270471585394539,,,
9941,0.12753929319362,0.26616320050083625,0.8522155985978479,143,0.9978374125102016,4.428419338268874,9.241718647790037,29.590630014514478,1.1071048345672185,2.3104296619475093,7.397657503628619,34.646910637179225,8.661727659294806,,,
9943,0.06786649668165153,-0.026600879152727342,1.6583363645274936,31,2.0210384892946855,2.3564604977803043,-0.9236357259409989,57.580755249123634,0.5891151244450761,-0.2309089314852497,14.395188812280908,70.17449842529007,17.543624606322517,,,
9957,0.1653429976038865,0.25340363878716116,0.8498786928175982,235,1.085394732704195,5.741039562802147,8.79868114596781,29.509487972012646,1.4352598907005367,2.1996702864919526,7.377371993003162,37.687075908955066,9.421768977238766,,,
9971,0.10655553967937408,0.10283689514801893,0.5879797321675182,20,0.6979924716671057,3.699821448747227,3.5707026733295133,20.415832260320567,0.9249553621868067,0.8926756683323783,5.103958065080142,24.235694601225244,6.058923650306311,,,
9972,0.06368510702815554,-0.01725771477902207,0.6148444519264606,42,0.7328737151356994,2.2112742862316166,-0.5992223725572043,21.348629059790568,0.5528185715579041,-0.14980559313930109,5.337157264947642,25.446841136941757,6.361710284235439,,,
9987,0.00475233986714506,-0.0111231776656003,0.6169947005978025,27,0.7091847336803462,0.16501074486701078,-0.38621897490497364,21.4232899941569,0.041252686216752696,-0.09655474372624341,5.355822498539225,24.62431232284898,6.156078080712245,,,
9992,0.16626510752970455,0.2678914025101569,0.8097278149620365,33,0.9068419544689764,5.773057063646402,9.301725277957669,28.11536919111183,1.4432642659116004,2.325431319489417,7.028842297777958,31.487366343071802,7.8718415857679505,,,
9993,-0.005284871002678282,0.03574685284732626,0.9717632602579029,59,1.1851107652352888,-0.18350129095499532,1.2412022245648624,33.74156392267491,-0.04587532273874883,0.3103005561412156,8.435390980668727,41.1494159904997,10.287353997624924,,,
10011,0.11819057830445938,0.17529792140094666,0.8453148995049832,30,0.9052027660350981,4.103813259887438,6.08669442688367,29.351023940612027,1.0259533149718596,1.5216736067209176,7.337755985153007,31.430450442270676,7.857612610567669,,,
10048,0.03675779595971411,0.11516787161451976,0.6569439791388049,385,0.7644463313149722,1.2763041913131934,3.998858838199355,22.810408843657584,0.31907604782829835,0.9997147095498388,5.702602210914396,26.543105515918466,6.6357763789796165,,,
10049,-0.10753837039393326,0.25753843779318564,0.48486035494429636,46,0.576727761423092,-3.7339472968181506,8.942249637054992,16.83532124437586,-0.9334868242045377,2.235562409263748,4.208830311093965,20.025141332132602,5.0062853330331505,,,
10058,0.02549464184425574,0.005288013532128844,0.7767551301960866,40,1.2757672877074244,0.8852249541162478,0.18361040586257774,26.97049163066852,0.22130623852906195,0.045902601465644434,6.74262290766713,44.29719176377719,11.074297940944298,,,
10065,0.00563529883535782,0.004970947018689248,0.30442223246975236,141,0.36723256476115207,0.19566884616129424,0.17260122238292808,10.570148755814742,0.04891721154032356,0.04315030559573202,2.6425371889536855,12.751049113636723,3.187762278409181,,,
10069,0.19921744479450498,0.3105907972170165,1.7560539419086019,19,2.1200331959586745,6.917228118154802,10.784333660969248,60.97370497095048,1.7293070295387005,2.696083415242312,15.24342624273762,73.61179263007709,18.402948157519273,,,
10089,0.19270427782103394,0.199900934390033,0.8277157551681562,35,0.9731863203764648,6.691077934501941,6.940960243890727,28.73994645094872,1.6727694836254852,1.7352400609726817,7.18498661273718,33.790975416111614,8.447743854027904,,,
10095,0.14963445633989256,0.2720541181987743,0.8969099318142875,45,1.127179785667997,5.19560759303375,9.44626309209784,31.14250665245569,1.2989018982584375,2.36156577302446,7.785626663113923,39.13793651796419,9.784484129491048,,,
10129,-0.01504084424441506,-0.005086418789924589,0.7539621714941384,24,0.932249045207841,-0.5222481938545798,-0.17661063322376158,26.179074518619473,-0.13056204846364494,-0.044152658305940395,6.544768629654868,32.369551347706654,8.092387836926664,,,
10133,-0.03595380527253699,-0.03823330410265548,0.5105772985017534,37,0.5964441622493543,-1.2483880266730294,-1.3275367850524036,17.72826495857788,-0.31209700666825735,-0.3318841962631009,4.43206623964447,20.70973420162208,5.17743355040552,,,
10147,0.1867090749190936,0.2109070867458712,0.7462313849180213,20,0.8420095046838914,6.4829124993407685,7.32311586599014,25.910646147123536,1.6207281248351921,1.830778966497535,6.477661536780884,29.23625402163408,7.30906350540852,,,
10155,0.009644411633649952,0.012502294690834503,0.669705921469262,20,0.9088622371288613,0.33487326074359364,0.43410467625515564,23.253529005255714,0.08371831518589841,0.10852616906378891,5.813382251313929,31.557514597588323,7.889378649397081,,,
10162,0.15058037588985815,0.22497968037723845,0.6656012867263217,46,0.7400897725361298,5.228451811647655,7.811744462058474,23.11100787771134,1.3071129529119137,1.9529361155146185,5.777751969427835,25.6973970819995,6.424349270499875,,,
10163,0.0019707764405175704,0.00458842964123581,0.133709735052548,27,0.17564657404158235,0.06842929956765108,0.1593194540029898,4.642669420494571,0.01710732489191277,0.03982986350074745,1.1606673551236428,6.098800343871822,1.5247000859679556,,,
10165,0.15300346352254834,0.3098278241328831,0.5455501215326315,32,0.5981467419627235,5.312586260429923,10.757841709541967,18.94259131985603,1.3281465651074809,2.689460427385492,4.735647829964008,20.768851174429688,5.192212793607422,,,
10169,0.26439548877276375,0.013904736497222205,0.6686413973318801,21,0.7978690560098567,9.180340161167903,0.4828002606565494,23.21656659815754,2.295085040291976,0.12070006516413735,5.804141649539385,27.703609362774245,6.925902340693561,,,
10180,-0.03846305911550977,0.15636236724188476,1.1378494436111601,43,1.7360786087378208,-1.3355143386087303,5.429214115372723,39.5084083810667,-0.33387858465218256,1.3573035288431807,9.877102095266675,60.280121452594614,15.070030363148653,,,
10188,0.10703509482017981,0.2378249710955685,0.7465744420177063,132,0.8796785040448261,3.7164725623462833,8.25775864638033,25.9225577757388,0.9291181405865708,2.0644396615950824,6.4806394439347,30.54419701744445,7.6360492543611125,,,
10189,-0.06297299546163515,-0.04328703148389298,1.078106189849162,24,1.3421270790754285,-2.1865483484188957,-1.503012307183732,37.4340031239426,-0.5466370871047239,-0.375753076795933,9.35850078098565,46.60133643965703,11.650334109914258,,,
10199,0.2195062951515876,0.3003371957445786,1.0296940037882116,32,1.305588689329079,7.621697580253425,10.42830811064326,35.75303519953429,1.9054243950633563,2.607077027660815,8.938258799883572,45.33265047088428,11.33316261772107,,,
10201,0.07156791005772797,0.3131784488597482,0.7992467012122421,141,0.8937230842884683,2.484980973024431,10.874182101308177,27.75144395949147,0.6212452432561077,2.7185455253270443,6.937860989872868,31.031852932664197,7.757963233166049,,,
10212,0.01844567991516278,0.012924552571873468,0.38638638642190865,30,0.47522084443028556,0.640470898014282,0.44876631440059056,13.416108109341513,0.1601177245035705,0.11219157860014764,3.3540270273353783,16.500618160308377,4.125154540077094,,,
10215,0.08255407151573475,0.1512443497286274,0.5131565294357453,41,0.5519127439731383,2.8664424711693424,5.251506311277401,17.81782101506795,0.7166106177923356,1.3128765778193503,4.454455253766987,19.16351429623531,4.790878574058827,,,
10216,0.1727382924359766,0.21255635210700818,0.8347286052284485,32,1.0299143884607231,5.99781898996198,7.380381657859538,28.98344663074219,1.499454747490495,1.8450954144648846,7.2458616576855475,35.76068739613323,8.940171849033307,,,
10218,-0.0034339167487832797,-0.0006397187127831006,0.9442058783799868,380,1.4021520965704015,-0.11923245735125304,-0.02221231314525482,32.784716509109906,-0.02980811433781326,-0.005553078286313705,8.196179127277476,48.685525097117484,12.171381274279371,,,
10224,-0.12958536462133452,-0.10608458466411345,0.8365558560510534,19,1.055534880141771,-4.499463030381977,-3.6834689487073473,29.04689243380468,-1.1248657575954943,-0.9208672371768368,7.26172310845117,36.650282108282575,9.162570527070644,,,
10226,-0.008763039056780997,0.25357247723992565,0.6629925904859706,28,0.7374102285426685,-0.3042702421295498,8.804543554724699,23.020428726853872,-0.07606756053238745,2.2011358886811747,5.755107181713468,25.604357955458536,6.401089488864634,,,
10232,0.14021177883110844,0.2908800121758894,0.486610896465395,19,0.49003920823719094,4.8684333845737475,10.099935782771231,16.896103547071448,1.2171083461434369,2.524983945692808,4.224025886767862,17.015141388411745,4.253785347102936,,,
10236,-0.09634968251758251,0.2098182366346257,1.2394899971519402,22,1.5327480007192849,-3.3454536763755,7.285308812427474,43.03757168110967,-0.836363419093875,1.8213272031068686,10.759392920277417,53.22007608097501,13.305019020243753,,,
10250,-0.015000426952803991,0.28877433241954975,0.7499429168395952,20,0.8981708580146904,-0.5208448246552602,10.026822370271606,26.039517958504426,-0.13021120616381504,2.5067055925679016,6.5098794896261065,31.186288531986083,7.796572132996521,,,
10290,0.179751441878117,0.16398589508870548,0.7863900855271758,22,0.8591219564049771,6.241329564891979,5.693918249270032,27.3050365496746,1.5603323912229947,1.423479562317508,6.82625913741865,29.830432570293617,7.457608142573404,,,
10291,0.19519653805285347,0.15465008527821772,0.6989459508629213,51,0.8000503285532171,6.7776141942711785,5.369760261030276,24.268801305862354,1.6944035485677946,1.342440065257569,6.0672003264655885,27.779347508024806,6.9448368770062014,,,
10333,0.05019922749762973,0.15009156266782853,0.584616580185638,32,0.6511422139582004,1.7430175771726995,5.211479238952342,20.299056897205723,0.43575439429317486,1.3028698097380855,5.074764224301431,22.608959953056633,5.652239988264158,,,
10338,0.09628317184377791,0.09355240738563986,0.7632430370140754,23,0.8799749299949688,3.3431442927596566,3.248326689244187,26.501324731202725,0.8357860731899142,0.8120816723110468,6.625331182800681,30.55448951928531,7.638622379821327,,,
10339,-0.22183618773802852,0.08937507645257016,1.97449874484427,28,2.6288245114742654,-7.702596110639827,3.103281404586141,68.55854541848274,-1.9256490276599567,0.7758203511465352,17.139636354620684,91.27804468740945,22.819511171852362,,,
10371,-0.004920756945441134,-0.07246370394904444,0.9178605180003739,76,1.3449992695116524,-0.17085852265960708,-2.516084728518721,31.869952906008987,-0.04271463066490177,-0.6290211821296803,7.967488226502247,46.7010646359836,11.6752661589959,,,
10383,0.11047497900026176,0.021462468286668677,1.561180344649559,27,2.3541477374220263,3.835912220847089,0.7452198238497099,54.20730392692199,0.9589780552117723,0.18630495596242747,13.551825981730497,81.7407177387676,20.4351794346919,,,
10384,0.005320556367020886,0.0019684549224119234,0.21236063687789644,188,0.28307379672522465,0.1847403581756992,0.06834869181598681,7.373586033674321,0.0461850895439248,0.017087172953996702,1.8433965084185802,9.828888369893251,2.457222092473313,,,
10459,0.29812687756193074,0.27388243199912293,0.7012450458781011,19,0.7553518390167426,10.351561442705359,9.509745803873546,24.348630482979427,2.5878903606763397,2.3774364509683865,6.087157620744857,26.22732655433934,6.556831638584835,,,
10466,0.05255434302476563,-0.008336962971814426,0.5517785365814428,30,0.6233780684727694,1.8247918985059124,-0.2894760283073405,19.15885434718086,0.4561979746264781,-0.07236900707683512,4.789713586795215,21.644933293511503,5.411233323377876,,,
10476,0.1716280504143845,0.12389948965998189,0.7876568337647926,23,0.9328612985374213,5.959269166488259,4.302038079973891,27.34902058198113,1.4898172916220647,1.0755095199934728,6.837255145495282,32.39081000781634,8.097702501954085,,,
10479,-0.028307807698489285,0.3200202727496394,1.2688441850571772,32,1.6916788028215504,-0.982903698906945,11.11174391041298,44.05680779355531,-0.24572592472673624,2.777935977603245,11.014201948388827,58.738471391569874,14.684617847892468,,,
10483,0.00026689037369149245,0.11139049818271315,0.616870005299323,36,0.7524178823869898,0.009266967555316,3.8677008779001665,21.418960324003095,0.002316741888829,0.9669252194750416,5.354740081000774,26.12545371224106,6.531363428060265,,,
10495,0.13471019518385088,0.11261403328496221,0.7369025798217375,214,0.8641268403030253,4.6774073971736705,3.910184463720458,25.58673137657037,1.1693518492934176,0.9775461159301145,6.3966828441425925,30.004212149001646,7.501053037250411,,,
10499,0.01851416599844399,0.05566050503400949,1.5528432584960308,29,1.9193320223650447,0.6428488717979722,1.9326440557908775,53.91782362149918,0.16071221794949306,0.4831610139477194,13.479455905374795,66.6430464805591,16.660761620139773,,,
10522,0.0985557077696247,0.21223845772814856,0.7075446693609738,48,0.8714927439897091,3.422051285176909,7.369343729236775,24.567366009551733,0.8555128212942272,1.8423359323091937,6.141841502387933,30.25997105681068,7.56499276420267,,,
10529,-0.07492752522836997,-0.00509356675542443,0.7371765130290443,19,0.9320483280424787,-2.6016335309794623,-0.17685882488184707,25.596242885394478,-0.6504083827448656,-0.044214706220461766,6.3990607213486195,32.362582046290946,8.090645511572736,,,
10533,0.16650563380092587,0.20253319501727748,0.7124201181179476,45,0.789310240492012,5.781408616835749,7.032357597389909,24.736651341291378,1.4453521542089371,1.7580893993474773,6.184162835322844,27.40643017036364,6.85160754259091,,,
10546,0.1176834448824112,0.08926063910899328,0.9842323381130846,26,1.2449169624268208,4.086204573207082,3.0993079111424646,34.174515243962524,1.0215511433017705,0.7748269777856162,8.543628810990631,43.22600676938407,10.806501692346018,,,
10548,-0.022770061803925046,0.06932053159057432,0.5920328240124301,20,0.6955103255712632,-0.7906220859558855,2.4069474978879213,20.556563715359598,-0.19765552148897136,0.6017368744719803,5.1391409288398995,24.149509524485403,6.037377381121351,,,
10551,0.15195469514619023,0.14384706635934724,0.5030799729779852,22,0.5586729850665365,5.276170924866017,4.994657838129255,17.467942821741605,1.3190427312165043,1.2486644595323138,4.366985705435401,19.39824338748028,4.84956084687007,,,
10560,0.060870625426085505,0.025785893888251487,2.1675748625069664,29,2.824316132195171,2.113549856044541,0.8953378075878682,75.2625343759669,0.5283874640111352,0.22383445189696705,18.815633593991723,98.06590474208073,24.516476185520183,,,
10566,0.0661782259182783,0.06706334759524597,2.118239907719391,47,2.732907921288514,2.297840360334459,2.328573555202131,73.5495260758327,0.5744600900836148,0.5821433888005327,18.387381518958176,94.89202884297978,23.723007210744946,,,
10593,0.17052482750862055,0.2042505104671416,0.8965448604820178,25,1.0391075977458504,5.920963060754323,7.091986224440091,31.12983064565662,1.4802407651885807,1.7729965561100227,7.782457661414155,36.07989400893142,9.019973502232855,,,
10604,0.2300578274859554,0.40056603197721874,0.7022362429887693,34,0.8024798556451349,7.988067885967344,13.90845376231299,24.38304682905605,1.997016971491836,3.4771134405782473,6.095761707264012,27.863705547710374,6.965926386927594,,,
10628,-0.01750051320272529,-0.008732762033577037,0.8936478570095978,167,1.1558197803908343,-0.6076528194250276,-0.30321896332986187,31.029240891087255,-0.1519132048562569,-0.07580474083246547,7.757310222771814,40.13237441473055,10.033093603682637,,,
10633,-0.08247204520904289,0.23823300186875104,0.533641181795092,33,0.6212997711071347,-2.8635943537483874,8.271926290886775,18.529089114289185,-0.7158985884370969,2.0679815727216937,4.632272278572296,21.572770652381934,5.393192663095483,,,
10644,-0.09484833551112472,-0.0014968704405595489,0.4667904448640939,38,0.6328140606286392,-3.2933239056172727,-0.05197433543710866,16.207897826571067,-0.8233309764043182,-0.012993583859277165,4.051974456642767,21.97256981314761,5.493142453286903,,,
10667,0.0017511380496423475,-0.00040636530012473827,0.3577391507254889,394,0.47960044647270705,0.06080301535968159,-0.014109815950931163,12.421418791490426,0.015200753839920398,-0.003527453987732791,3.1053546978726065,16.652686702425335,4.163171675606334,,,
10678,9.306484464547774e-06,-0.0023233087842077435,0.6813325422447502,384,0.9320606195803617,0.0003231397535780278,-0.08066992760526127,23.657228531822216,8.078493839450695e-05,-0.02016748190131532,5.914307132955554,32.36300883306932,8.09075220826733,,,
10689,-0.0028004906478285695,-0.0007043224946027306,0.4117257625212369,380,0.49791790178475703,-0.0972386362739036,-0.02445548565759601,14.295941926262387,-0.0243096590684759,-0.006113871414399003,3.5739854815655967,17.288705385770335,4.322176346442584,,,
10704,0.34201867676483744,0.1834265885678595,0.7769722988276553,36,0.9418825593913485,11.875572494628686,6.3689380082532185,26.978032159893846,2.9688931236571716,1.5922345020633046,6.744508039973462,32.7040462271864,8.1760115567966,,,
10707,0.0541573812042908,0.027582412071962475,0.9271948535274209,248,1.4124627770773304,1.880452590175385,0.957716511962681,32.19405970417911,0.47011314754384625,0.23942912799067026,8.048514926044778,49.043532545679064,12.260883136419766,,,
10716,0.08532392021462394,0.029146000128467416,0.4096119059687222,21,0.46067991738269665,2.9626171576921725,1.0120074164606456,14.222544599045973,0.7406542894230431,0.2530018541151614,3.5556361497614932,15.995728091361993,3.9989320228404983,,,
10718,0.13397690033278692,0.15426518613834636,0.8046583414916008,383,0.9169906841237966,4.6519459333550275,5.356395793095663,27.939346933271363,1.1629864833387569,1.3390989482739157,6.984836733317841,31.839750534146468,7.959937633536617,,,
10723,0.06754643944329043,0.24265304817414138,1.3836733744368763,45,1.8046263688962578,2.3453474703499304,8.425399138702538,48.04390690719722,0.5863368675874826,2.1063497846756345,12.010976726799305,62.660236780815865,15.665059195203966,,,
10733,0.12741954749778184,0.17123683590840494,0.7525056818050344,136,0.8635709679656921,4.424261528217981,5.945685416411637,26.128502283634404,1.1060653820544952,1.4864213541029092,6.532125570908601,29.98491114970476,7.49622778742619,,,
10749,-0.14982534942204212,0.06801554838347386,2.4006336642721307,40,2.8950133317462927,-5.202235782632147,2.3616358709709795,83.35480209085692,-1.3005589456580366,0.5904089677427449,20.83870052271423,100.52065290489477,25.130163226223694,,,
10786,0.13542652491949525,0.30828728756049806,0.7236932333897133,32,0.8703069005075106,4.702279798254715,10.704351198675614,25.128076449757625,1.1755699495636787,2.6760877996689034,6.282019112439406,30.218796199421785,7.554699049855446,,,
10804,-0.05500518902078966,0.24290605886563732,0.8543225592073674,27,0.956341700119643,-1.9098901731798585,8.434184175932659,29.663787900798212,-0.47747254329496464,2.1085460439831647,7.415946975199553,33.20609651155425,8.301524127888563,,,
10811,0.025689527963411903,0.11039837869727699,0.8805499711949559,108,1.30177895468861,0.8919917899455881,3.833252505126852,30.57445609983126,0.22299794748639704,0.958313126281713,7.643614024957815,45.20036886469792,11.30009221617448,,,
10863,0.22964819468741893,0.07331605675996343,0.6540267576280533,50,0.7353027784553977,7.97384461593656,2.54568012281945,22.709117078361267,1.99346115398414,0.6364200307048625,5.677279269590317,25.53118307352832,6.38279576838208,,,
10894,-0.03375771438988036,0.12124404147378944,0.5789320860161946,29,0.6837532905896461,-1.1721353590454258,4.209835608052917,20.10167989065431,-0.29303383976135644,1.0524589020132293,5.0254199726635775,23.74128175585369,5.935320438963423,,,
10899,-0.050898874158402156,-0.08721137619024688,1.7113341284231087,28,1.914367799134947,-1.7673107085280397,-3.0281534040777522,59.42094360710718,-0.44182767713200993,-0.7570383510194381,14.855235901776796,66.47067872156363,16.617669680390907,,,
10902,0.09958508279218718,0.30178210189474225,0.6844958827408745,33,0.7721673245261457,3.4577932447103237,10.47847814198924,23.767066040528643,0.8644483111775809,2.61961953549731,5.941766510132161,26.811193842196833,6.702798460549208,,,
10904,0.03286013231883989,0.14331731349947177,0.6473628330381959,60,0.7422605377634027,1.1409695143747587,4.976263759328659,22.477732288752236,0.28524237859368967,1.2440659398321647,5.619433072188059,25.77277039222087,6.443192598055218,,,
10912,0.0494953220853614,0.028543113115548677,0.8204160921324062,199,1.184342490971284,1.7185765734479186,0.9910739735980811,28.48648755102141,0.42964414336197965,0.24776849339952028,7.121621887755352,41.12273997150493,10.280684992876232,,,
10913,0.14274169105812312,0.1448347493402648,1.0801217521221582,51,1.4033991903092877,4.956276996920151,5.028952166592674,37.50398747718558,1.2390692492300377,1.2572380416481685,9.375996869296396,48.72882668591909,12.182206671479772,,,
10917,0.11076541236834996,0.05389343553785893,0.6536175792699396,49,0.7721201398340016,3.8459966482538475,1.8712878687455377,22.694909587410844,0.9614991620634619,0.4678219671863844,5.673727396852711,26.809555495316207,6.702388873829052,,,
10971,0.03652633276360428,0.05893588955843144,0.5966991564472315,162,0.696727704717714,1.2682673262178679,2.0463719572478563,20.718588110160773,0.31706683155446697,0.5115929893119641,5.179647027540193,24.191779363208465,6.047944840802116,,,
10980,0.038030210115233616,0.055308527618408515,0.3993480599480168,38,0.46609741239158076,1.3204849556211418,1.9204226959663806,13.86616333751504,0.33012123890528544,0.48010567399159515,3.46654083437876,16.18383435306047,4.045958588265117,,,
10981,-0.01129177807284908,0.19045236646851585,0.7743266830801709,44,0.8834816944522571,-0.39207311824546576,6.612887068519807,26.886171089909695,-0.09801827956136644,1.6532217671299518,6.721542772477424,30.676251394771274,7.6690628486928185,,,
10987,-0.007169991999251124,-0.02173652963998336,1.0588543986683976,20,1.33162284182828,-0.24895646219799755,-0.7547357821595022,36.7655424305641,-0.06223911554949939,-0.18868394553987555,9.191385607641026,46.23660831396154,11.559152078490385,,,
10999,-0.009659729393555543,0.08576697057132844,0.9768628003700046,63,1.2764076384278356,-0.33540512400303557,2.978000752177666,33.9186301544473,-0.08385128100075889,0.7445001880444165,8.479657538611825,44.31942602149131,11.079856505372828,,,
11001,-0.001810241818852809,-0.004495884424295937,0.17178452869792962,32,0.23602821773159777,-0.06285521643420725,-0.15610609898040353,5.964702405449513,-0.01571380410855181,-0.039026524745100884,1.4911756013623783,8.195371776076538,2.0488429440191345,,,
11013,0.12550632142444687,0.2574126381872089,0.6726633204453355,28,0.7512032080385331,4.3578304924996445,8.937881623136267,23.35621581250294,1.0894576231249111,2.2344704057840667,5.839053953125735,26.08327778951395,6.5208194473784875,,,
11015,0.1343947571983406,0.3729399957117822,0.7400150934587393,37,0.8199651843715444,4.666454759440782,12.949222531104503,25.694804075074348,1.1666136898601955,3.237305632776126,6.423701018768587,28.470831131748767,7.117707782937192,,,
11028,0.16270326096469034,0.18158169354814135,0.663449514380957,25,0.7560953056492975,5.649382627215978,6.304879563378564,23.03629403833559,1.4123456568039945,1.576219890844641,5.759073509583898,26.253141202754907,6.563285300688727,,,
11041,0.018559004178034872,0.07171690348032674,0.5568639103038069,30,0.6220403126062347,0.6444057430697269,2.490154322643905,19.335428693568783,0.16110143576743172,0.6225385806609762,4.833857173392196,21.59848373431368,5.39962093357842,,,
11047,0.07925815917690043,0.14558622458547046,0.7037720648357336,99,0.8375985245885212,2.752001802940337,5.055044890056705,24.436373635226342,0.6880004507350842,1.2637612225141763,6.109093408806586,29.083095970762635,7.270773992690659,,,
11048,0.029798450421021697,-0.06867060969108252,0.6280915318021298,25,0.7096428066900804,1.0346617955187154,-2.384380909693767,21.808594167233554,0.25866544887967885,-0.5960952274234418,5.452148541808389,24.640217533892972,6.160054383473243,,,
11083,0.10930482960082555,0.27831159738789013,0.5326745575765769,37,0.60078254473198,3.7952822933998647,9.663535284502322,18.495525988173902,0.9488205733499662,2.4158838211255804,4.623881497043476,20.86037151818381,5.215092879545953,,,
11095,-0.10333439787797949,0.31016650708965293,0.5985795246298349,33,0.7111194015838049,-3.5879769631192038,10.76960145916693,20.783878254197127,-0.8969942407798009,2.6924003647917325,5.195969563549282,24.691487861792876,6.172871965448219,,,
11099,0.020975462347109897,0.046775887504042164,0.6171424414098924,30,0.8547528242241073,0.7283100036163499,1.624152365915352,21.428419850634285,0.18207750090408747,0.406038091478838,5.357104962658571,29.678727562709454,7.419681890677364,,,
11175,-0.007379661926089891,0.11458308417921657,0.8026739536522509,33,0.9836546697515285,-0.2562366213976932,3.978553848870758,27.870445018713458,-0.0640591553494233,0.9946384622176895,6.967611254678364,34.15445744311258,8.538614360778144,,,
11199,0.04662085581812176,0.06688049785106698,0.6238067237085191,356,0.847975828500375,1.618769355716824,2.322224646384748,21.6598170606072,0.404692338929206,0.580556161596187,5.4149542651518,29.443416717190022,7.3608541792975055,,,
11204,0.06013496101203868,0.10289760398799129,0.6949893653727726,39,0.9049894651033112,2.0880061162600074,3.572810605671034,24.13142074447341,0.5220015290650019,0.8932026514177585,6.032855186118352,31.423044207317176,7.855761051829294,,,
11210,0.03482638931177859,0.24309190678231626,0.9359941776924268,129,1.206042183078647,1.2092418896835762,8.440637187295586,32.499589837836446,0.30231047242089404,2.1101592968238965,8.124897459459111,41.87619668085678,10.469049170214195,,,
11213,0.0010943051984924068,0.2590982963858153,0.7198655228823901,20,0.9071236687254054,0.03799646510205335,8.996411047108278,24.99517068552235,0.009499116275513338,2.2491027617770696,6.2487926713805875,31.497148025483526,7.874287006370881,,,
11244,0.17978707133884864,0.16134163501780832,0.6396303591816537,53,0.7152918948859673,6.242566691027503,5.602104251088341,22.20924533150538,1.5606416727568757,1.4005260627720852,5.552311332876345,24.836365174230558,6.2090912935576394,,,
11266,0.004283646577447051,0.053323258163435965,0.7001244538528183,39,0.8563143972589268,0.1487367764621165,1.8514901699508237,24.309721286677558,0.037184194115529125,0.46287254248770593,6.0774303216693895,29.732948501624456,7.433237125406114,,,
11297,0.13783115916907462,0.16488464012719362,2.2207320099139722,32,2.9116370004657037,4.785773508668609,5.725124474496417,77.10825684823294,1.1964433771671523,1.4312811186241043,19.277064212058235,101.09785993017017,25.274464982542543,,,
11339,0.07663412879442195,0.13693646858483619,0.7548276230062193,27,0.9482454637793443,2.6608902199999194,4.754708062202682,26.209124726021948,0.6652225549999798,1.1886770155506705,6.552281181505487,32.92497899334639,8.231244748336598,,,
11343,0.43957589334946534,0.12424157064400333,0.6566870771626263,25,1.148370711427386,15.262954168880135,4.313915815901084,22.80148869324071,3.815738542220034,1.078478953975271,5.7003721733101775,39.8737278421817,9.968431960545425,,,
11346,0.1544819738918566,0.13455035612835003,0.8099205222724417,345,1.0249793315875633,5.363923097473045,4.6718574654885705,28.12206037434372,1.3409807743682614,1.1679643663721426,7.03051509358593,35.589332351383376,8.897333087845844,,,
11351,0.015934222145095385,0.052923664775677635,0.7859569437867514,28,1.0377296785921057,0.553268061322002,1.837615488341079,27.289997002163584,0.1383170153305005,0.4594038720852697,6.822499250540896,36.032049900075094,9.008012475018774,,,
11364,0.1431180235259356,0.13515536966099137,0.6801862813047795,115,0.7794577341293659,4.969344012867537,4.692864745368943,23.617428059464554,1.2423360032168842,1.1732161863422357,5.904357014866139,27.064331444439844,6.766082861109961,,,
11367,0.025484397723283692,0.010221909440541565,0.47824956129679747,39,0.5592850402237454,0.8848692577478564,0.35492513959448424,16.605781267347403,0.2212173144369641,0.08873128489862106,4.151445316836851,19.419495166648886,4.8548737916622215,,,
11374,-0.005175714879980579,-0.0037885851188407824,1.0908016547373622,340,1.4504923134326602,-0.1797111720626857,-0.13154725249638966,37.87481505579069,-0.04492779301567142,-0.032886813124097414,9.468703763947673,50.36399410700883,12.590998526752207,,,
11375,0.05381359149333849,0.05997507330679178,2.2766485687408453,29,2.806471303612575,1.868515523831699,2.0824544953584243,79.04979160381963,0.46712888095792476,0.5206136238396061,19.762447900954907,97.44629660403582,24.361574151008956,,,
11377,0.026049417147528005,0.24342466555253664,0.953649406253689,46,1.0675736770371678,0.9044878621964675,8.452191237315178,33.11261468394059,0.22612196554911687,2.1130478093287945,8.278153670985148,37.06829321408454,9.267073303521135,,,
11404,-0.014838665420273855,0.021384535367087665,0.9380874039252571,20,1.5241050865878087,-0.5152281407227488,0.7425138370160179,32.57227083909278,-0.1288070351806872,0.18562845925400448,8.143067709773195,52.919976816501894,13.229994204125473,,,
11419,0.15296394362661658,0.18967253805676212,0.8864658852806245,60,1.118067713443884,5.311214050603382,6.585809866406895,30.779868468713847,1.3278035126508454,1.6464524666017237,7.694967117178462,38.82154714619854,9.705386786549635,,,
11434,0.11194302148804568,0.11404508940762052,0.705107559574271,33,0.8246950161766848,3.886885592107922,3.9598735944114,24.482744683537838,0.9717213980269805,0.98996839860285,6.1206861708844595,28.635060351686853,7.158765087921713,,,
11439,0.049101278390721884,0.03734482293747581,0.4490797511503313,33,0.5174364773896016,1.7048945882826454,1.296686942035035,15.592947119441803,0.42622364707066135,0.3241717355087588,3.8982367798604507,17.966429367921748,4.491607341980437,,,
11458,-0.014769184331846832,-0.10374252373340451,0.8834886905191159,73,1.3577457613725996,-0.5128156183703857,-3.6021479090712716,30.676494312204746,-0.12820390459259642,-0.9005369772678179,7.669123578051186,47.143648326379406,11.785912081594851,,,
11471,0.06568131531953252,0.259223025452365,1.5933495818428056,27,2.227417552066179,2.280586630524808,9.000741889757016,55.3242841807459,0.570146657631202,2.250185472439254,13.831071045186475,77.34039224284187,19.335098060710468,,,
11475,0.01601675834612405,0.2090351113999343,0.5165218873804519,53,0.5880096324978712,0.5561338832941193,7.258117138028519,17.934672973624053,0.13903347082352982,1.8145292845071297,4.483668243406013,20.416870459591085,5.104217614897771,,,
11489,0.44599066440564455,0.3283500679812931,1.2888469493503356,20,1.7647811471792787,15.485687849492791,11.40097106044646,44.751343775342356,3.871421962373198,2.850242765111615,11.187835943835589,61.276730992358914,15.319182748089728,,,
11501,0.14869832480264905,0.17316559121158265,0.8227549827571368,40,0.9736258739891573,5.163103233797581,6.012655658048573,28.567698511293305,1.2907758084493952,1.5031639145121432,7.141924627823326,33.80623759665152,8.45155939916288,,,
11552,0.20928799086969954,0.027897690689362282,1.822470796637661,24,2.409126671211192,7.2668976189777075,0.9686636161160372,63.279831000852866,1.8167244047444269,0.2421659040290093,15.819957750213216,83.64969627779502,20.912424069448754,,,
11553,-0.06425106379015676,0.027722713641706618,2.4851810436019455,90,3.082536501388351,-2.2309254369218228,0.9625880630673372,86.29045619594676,-0.5577313592304557,0.2406470157668343,21.57261404898669,107.03183240120633,26.757958100301583,,,
11569,0.014229822616872159,-0.015114700874384823,0.38447616845700366,56,0.47169508504615615,0.4940879009030351,-0.5248126437603898,13.349781521164081,0.12352197522575878,-0.13120316094009746,3.3374453802910202,16.378196742972634,4.094549185743158,,,
11572,-0.00393581708009693,-6.490565047234874e-06,1.1069111454612188,318,1.4679590266996894,-0.1366594406551256,-0.0002253653995700893,38.43416879270444,-0.0341648601637814,-5.6341349892522326e-05,9.60854219817611,50.970473325066614,12.742618331266653,,,
11573,-0.047685208776355514,0.04460159579392858,0.5707457010611775,71,0.7019445872916723,-1.6557258191326163,1.5486566091567884,19.817432232246205,-0.4139314547831541,0.3871641522891971,4.954358058061551,24.372919959941445,6.093229989985361,,,
11581,0.0631318474882431,0.14009790319630486,0.5943523716636931,92,0.6916988505310289,2.1920640084867773,4.864479394782097,20.637103048906756,0.5480160021216943,1.2161198486955243,5.159275762226689,24.017167488138384,6.004291872034596,,,
11583,0.13831109562937532,0.14665243261737565,0.7213909547516975,121,0.8243388426629765,4.8024378624431705,5.092065765340518,25.04813673088844,1.2006094656107926,1.2730164413351295,6.26203418272211,28.622693294943872,7.155673323735968,,,
11586,0.0212051742501948,0.11759846561943346,0.5199244521221047,59,0.5936656219695665,0.7362860603152639,4.083253923237969,18.05281682658372,0.18407151507881597,1.0208134808094922,4.51320420664593,20.61325772602729,5.153314431506822,,,
11587,0.1791982086931935,-0.07428301188565214,0.6342116042001873,47,0.8783168428472438,6.222120202245065,-2.579254738693614,22.021095321038903,1.5555300505612661,-0.6448136846734035,5.505273830259726,30.496917417342,7.6242293543355,,,
11615,0.12364669313421152,-0.042575289140444283,0.7578008291992273,22,0.8475007433651288,4.293260479006093,-1.4782991895345066,26.31236039145557,1.0733151197515232,-0.36957479738362664,6.5780900978638925,29.426920811124003,7.356730202781001,,,
11676,0.2164654994251664,0.18116996056317075,0.646918827885232,21,0.7172821282922908,7.516115071040629,6.290583370674415,22.46231554183103,1.8790287677601571,1.5726458426686039,5.615578885457757,24.90547005856492,6.22636751464123,,,
11684,-0.0014928503055975956,-0.0005545995878813116,0.373021357335766,304,0.4619423219907677,-0.051834748310959716,-0.019256806890414903,12.952047569412468,-0.012958687077739929,-0.004814201722603726,3.238011892353117,16.039561304163435,4.009890326040859,,,
11692,0.16536910725541057,0.12131761447677825,0.8700016491434468,24,0.9957560730019704,5.741946142122366,4.212390209862694,30.208197261558762,1.4354865355305915,1.0530975524656736,7.552049315389691,34.57464236677442,8.643660591693605,,,
11701,0.05867569085931101,0.11262945834661799,0.7145062397953206,83,0.8544270056747225,2.037337338016997,3.91072005271127,24.80908565817312,0.5093343345042493,0.9776800131778175,6.20227141454328,29.667414491037718,7.4168536227594295,,,
11716,0.015984544028930497,0.01866271321888983,0.18402774144865275,24,0.37744356590304023,0.5550153377725248,0.6480067283862927,6.389811238580121,0.1387538344431312,0.16200168209657317,1.5974528096450302,13.105595495285364,3.276398873821341,,,
11717,0.3008815113620358,0.23137588345886684,1.1107046354091143,40,1.3800406488022345,10.447207837512607,8.033833425458775,38.56588635067527,2.611801959378152,2.008458356364694,9.641471587668818,47.91777140771119,11.979442851927798,,,
11718,0.2520004544655441,0.1379103771904216,0.7295353207900122,81,1.0177121032763583,8.749959779952622,4.788524116805819,25.330925408470804,2.1874899449881555,1.1971310292014548,6.332731352117701,35.33699964996171,8.834249912490428,,,
11735,0.008132783629357753,0.06567993180407333,0.6823543165239967,216,0.8380837030496825,0.2823865131785599,2.2805385921010344,23.692706578346215,0.07059662829463997,0.5701346480252586,5.923176644586554,29.099942337291075,7.274985584322769,,,
11746,-7.562877938929497e-05,-0.003976323356407972,0.1555626940423521,35,0.19822553896974826,-0.0026259824779550998,-0.1380658995811976,5.40144786253855,-0.0006564956194887749,-0.0345164748952994,1.3503619656346375,6.882787164107599,1.7206967910268998,,,
11747,0.0927466214816042,-0.0023992761200160753,0.5994386575519355,190,0.686736463941882,3.2203481910842613,-0.08330766543919817,20.813709067518303,0.8050870477710653,-0.02082691635979954,5.203427266879576,23.84486350099003,5.9612158752475075,,,
11748,0.10831378990243527,0.13081496379910343,0.6648012153278011,35,0.8023659639115499,3.7608714129923575,4.54215717303247,23.08322779861191,0.9402178532480894,1.1355392932581174,5.770806949652978,27.859750998936835,6.964937749734209,,,
11761,0.00541793328029495,0.08564924321930273,0.7680170948298403,44,0.980553544931074,0.18812147935840126,2.9739130230606294,26.667089566681714,0.047030369839600315,0.7434782557651574,6.6667723916704285,34.04678018709676,8.51169504677419,,,
11771,0.05180006020075879,0.4301467665024551,1.4596926078284613,19,2.1778407691637716,1.7986016902907467,14.935556026498245,50.683446729019835,0.44965042257268667,3.7338890066245614,12.670861682254959,75.61898718690448,18.90474679672612,,,
11785,0.2695146174312936,0.2950594864171457,0.6887586689324164,38,0.7728345667527972,9.358086546449378,10.245055487376133,23.915078502671363,2.3395216366123446,2.5612638718440333,5.978769625667841,26.834361826790623,6.708590456697656,,,
11802,-0.05476917051435137,0.2484993974319707,0.6788349747121496,32,0.7742915706578581,-1.9016951385993084,8.628396077632887,23.57050799195526,-0.4754237846498271,2.157099019408222,5.892626997988815,26.88495191638215,6.721237979095537,,,
11810,0.14891563950872846,0.1723552400202393,0.7753518967337049,21,0.9429063803177086,5.17064883502207,5.984518643982749,26.9217685583877,1.2926622087555175,1.4961296609956873,6.730442139596925,32.73959533739148,8.18489883434787,,,
11825,0.35981642866028996,0.33162288686767455,1.3853995868377704,19,1.832410869952737,12.493546035942588,11.514609877819396,48.103844454181065,3.123386508985647,2.878652469454849,12.025961113545266,63.62497022649894,15.906242556624735,,,
11850,-0.2530933702799385,-0.14321945694803825,1.6033854995901324,23,2.092589715113932,-8.787908002860025,-4.972865984149784,55.67275131676858,-2.1969770007150062,-1.243216496037446,13.918187829192146,72.65890008818594,18.164725022046486,,,
11851,0.12678228522856166,-0.009885948744930826,0.6557984306720134,28,0.7538650972004648,4.402134507706118,-0.3432599123214881,22.77063310979365,1.1005336269265296,-0.08581497808037203,5.6926582774484125,26.17570390499454,6.543925976248635,,,
11876,-0.003048360172425399,0.2153435963094795,1.3565666149454874,46,1.6703936850697676,-0.10584516190695471,7.477160351057747,47.10270600413721,-0.026461290476738678,1.8692900877644367,11.775676501034303,57.99940953299247,14.499852383248118,,,
11884,0.36110256061758766,0.07735744719059312,1.0863827535414445,23,1.8391129980949172,12.538203109763879,2.6860052813517745,37.72138196846604,3.1345507774409698,0.6715013203379436,9.43034549211651,63.85768151985172,15.96442037996293,,,
11912,0.04755734291472079,0.027050151185075526,0.8821973964979949,21,1.0211523482405571,1.6512860606849353,0.9392353494481924,30.63165800120338,0.41282151517123383,0.2348088373620481,7.657914500300845,35.456451835608625,8.864112958902156,,,
11913,0.008535822986096045,-0.012537870025608319,0.5358650952833236,24,0.6971051825693662,0.29638084572322687,-0.43533992302917207,18.60630783842756,0.07409521143080672,-0.10883498075729302,4.65157695960689,24.204886149173532,6.051221537293383,,,
11961,0.02051113116488068,0.1796609691828589,0.7410159480895624,53,0.8452900192817403,0.712187496306987,6.238188171967227,25.729555749565787,0.17804687407674674,1.5595470429918068,6.432388937391447,29.350160049500587,7.337540012375147,,,
11979,0.20466919010891615,0.2483250886444517,0.809446667881502,19,0.9352722163823071,7.106523618961787,8.622343727912654,28.105607202181513,1.7766309047404467,2.1555859319781634,7.026401800545378,32.47452189722647,8.118630474306617,,,
11989,-0.06428589918579018,0.06805314830366767,0.44402214244561683,31,0.5258651448985955,-2.2321349915290067,2.362941415399949,15.417336829996708,-0.5580337478822517,0.5907353538499872,3.854334207499177,18.259089561169034,4.564772390292259,,,
11996,0.020708163434436676,0.05969373075126273,0.7446631591836309,23,0.8179890583114298,0.7190288507705103,2.0726857191453445,25.85619421317403,0.17975721269262757,0.5181714297863361,6.464048553293508,28.402216082689467,7.100554020672367,,,
12005,0.08558662756064273,0.21643303253541468,0.7492409137718992,32,0.917692302902232,2.9717388821606368,7.514987755694669,26.015143007987884,0.7429347205401592,1.8787469389236673,6.503785751996971,31.8641121413713,7.966028035342825,,,
12011,0.010248483619042358,0.04747087021494849,0.6347371745971758,80,0.7717324974884812,0.3558478482203888,1.6482835556034414,22.03934417636314,0.0889619620550972,0.41207088890086035,5.509836044090785,26.796095777795045,6.699023944448761,,,
12023,0.16015229712598242,0.2314961237008292,0.6692087065256711,47,0.7577373914360588,5.560808060808362,8.038008407140191,23.236264707984354,1.3902020152020904,2.009502101785048,5.8090661769960885,26.310157705442833,6.577539426360708,,,
12024,0.14617398287994246,0.17424432398805773,0.7115778503826328,44,1.0383395921517589,5.075453033557363,6.050111417513341,24.707406120985777,1.2688632583893407,1.5125278543783351,6.176851530246444,36.053227318693374,9.013306829673343,,,
12043,-0.09976196241719855,-0.15303489235238601,1.8546738138398429,20,2.4909155615014433,-3.463934859049968,-5.313677532259548,64.39798416414703,-0.865983714762492,-1.328419383064887,16.09949604103676,86.48957012645312,21.62239253161328,,,
12072,0.033920650195768974,0.10752215364928881,0.60264031625465,42,0.6822651349602143,1.1777928160974904,3.733384219010606,20.924877060993957,0.2944482040243726,0.9333460547526515,5.231219265248489,23.689610016088565,5.922402504022141,,,
12081,0.002019905737701867,0.009308351640927703,0.2733815076547754,133,0.34533313539147426,0.07013516702448422,0.3232045856762917,9.492352708789113,0.017533791756121055,0.08080114641907292,2.3730881771972783,11.99065712706277,2.9976642817656924,,,
12086,-0.025573021694953478,0.13755372452341674,0.39908881094877724,61,0.5413608577368685,-0.8879464592921748,4.776140422902077,13.857161693763445,-0.2219866148230437,1.1940351057255192,3.464290423440861,18.79713170233955,4.699282925584887,,,
12087,0.11544531733218516,0.3418253638905092,0.6134475405244396,27,0.7028412864705994,4.008492308408133,11.868860285006262,21.300125502089593,1.0021230771020333,2.9672150712515655,5.325031375522398,24.404055148832153,6.101013787208038,,,
12121,0.14253812462978743,0.17654075903559985,0.7520940553336881,240,0.9662809379210185,4.94920876339548,6.129848235234098,26.11420978929632,1.23730219084887,1.5324620588085245,6.52855244732408,33.55120672649361,8.387801681623403,,,
12132,0.07339879217986815,0.1654589118422665,0.47714217243252727,36,0.6205591959350363,2.548552862069382,5.745064336987177,16.56733051120221,0.6371382155173455,1.4362660842467943,4.141832627800553,21.54705640125633,5.386764100314083,,,
12138,-0.004170169576474553,0.0025636805466142444,0.7764581447066731,289,1.0422514234273972,-0.14479662803434942,0.0890161159395398,26.960179700505105,-0.036199157008587356,0.02225402898488495,6.740044925126276,36.18905392424609,9.047263481061522,,,
12139,0.09664882352067394,0.023818444607749307,0.5326587521812917,28,0.7008214630007147,3.3558404502848407,0.8270240336702714,18.49497719323881,0.8389601125712102,0.20675600841756786,4.623744298309703,24.333922838310816,6.083480709577704,,,
12141,0.14900221183219683,0.19464690254087394,0.7482658011640441,290,0.8937818691044045,5.173654799237538,6.758529750024225,25.98128514801794,1.2934136998093846,1.6896324375060563,6.495321287004485,31.033894059043135,7.758473514760784,,,
12144,0.07490121164200048,0.02446362635762493,0.4467412978328084,24,0.5734386527359311,2.6007198706335406,0.8494260343894527,15.511751343350774,0.6501799676583851,0.21235650859736319,3.8779378358376935,19.910936900297,4.97773422507425,,,
12152,-0.009640676762251133,0.07958990895741351,0.6103879016766867,30,0.7417892420749146,-0.33474357853888387,2.763520818819312,21.193888722017913,-0.08368589463472097,0.690880204704828,5.298472180504478,25.756406063325187,6.439101515831297,,,
12174,-0.006572346927572673,0.14001982558363085,0.695946326881986,46,0.8610559571748262,-0.22820503001917836,4.86176838391483,24.164648361996317,-0.05705125750479459,1.2154420959787076,6.041162090499079,29.897584945024317,7.474396236256079,,,
12175,0.0839279464005358,0.15697661939887958,0.9440429292785304,21,1.1119485049797808,2.914146154919404,5.450542178767897,32.779058590409136,0.728536538729851,1.3626355446919742,8.194764647602284,38.60907598990795,9.652268997476988,,,
12187,0.13264503869600974,0.04370752534742274,1.2747918263545523,27,1.7125493126467364,4.60570103360285,1.5176126951132125,44.26332179468277,1.1514252584007125,0.3794031737783031,11.065830448670692,59.46313723371998,14.865784308429996,,,
12195,0.19501936768218847,0.2036383237321931,0.8302928604647595,49,0.9674742308938903,6.771462484660948,7.070729876629209,28.82942870105738,1.692865621165237,1.7676824691573023,7.207357175264345,33.59264024509766,8.398160061274416,,,
12198,0.02645974622666598,0.08644623629958958,0.6085497518819023,83,0.6852448933810498,0.9187353084822962,3.0015862167943497,21.130064484843412,0.22968382712057406,0.7503965541985874,5.282516121210853,23.793073187976812,5.948268296994203,,,
12203,0.13563231846711848,0.09467671544565674,0.5251738223522985,22,0.579460166828759,4.709425361815288,3.2873649137040934,18.235085459716508,1.177356340453822,0.8218412284260234,4.558771364929127,20.120015912628173,5.030003978157043,,,
12207,-0.12017531013207465,-0.11355459798357044,1.7068480249227673,33,2.1971240446098093,-4.172727118405896,-3.942842751185533,59.26517712136833,-1.043181779601474,-0.9857106877963833,14.816294280342083,76.2885410769418,19.07213526923545,,,
12238,-0.026083405522590718,0.21061581105979083,0.6635074820734851,22,0.7748043503083134,-0.9056680065553949,7.313002191618057,23.03830679255555,-0.22641700163884873,1.8282505479045144,5.759576698138887,26.90275665140526,6.725689162851315,,,
12242,0.2473824090989803,0.22281393705341268,0.7025290331410935,44,0.8073528452799228,8.589612008734795,7.736545522368595,24.393213088725048,2.1474030021836987,1.9341363805921488,6.098303272181262,28.03290549380948,7.00822637345237,,,
12246,0.09158885142938254,0.19789853561957216,0.8890041985868271,27,1.0386512998012427,3.1801480993310207,6.871432953782785,30.86800378333181,0.7950370248327552,1.7178582384456962,7.717000945832953,36.06405043169875,9.016012607924688,,,
12248,-0.059782823216243716,0.14685841517380793,0.6579004684632694,71,0.7708641006774064,-2.0757791877144145,5.099217891664959,22.843620065981643,-0.5189447969286036,1.2748044729162398,5.710905016495411,26.765943303720906,6.691485825930227,,,
12252,0.20254421300837294,-0.031331279830217225,0.9869349662713873,25,1.2430171925835987,7.032740164076726,-1.0878846982648025,34.268355898875114,1.7581850410191815,-0.2719711745662006,8.567088974718779,43.160042960887715,10.790010740221929,,,
12265,0.060374816390470716,0.007243001621824593,0.9350943307879895,81,1.5404308809029181,2.096334374709924,0.25149150231299355,32.46834535362057,0.524083593677481,0.06287287557824839,8.117086338405143,53.48684104671113,13.371710261677782,,,
12267,0.0006636005794098964,-0.0011526753158969632,0.30831461707350977,153,0.3899767676046869,0.023041539318270424,-0.04002319231857436,10.705300134026407,0.005760384829567606,-0.01000579807964359,2.676325033506602,13.540773324769939,3.3851933311924847,,,
12281,0.0280259997405394,0.021959875292571342,0.37786939649158324,56,0.46510525223899485,0.9731187629910091,0.7624907899086621,13.120381184980754,0.24327969074775227,0.19062269747716554,3.2800952962451886,16.14938456824238,4.037346142060595,,,
12298,-0.02115770315095861,-0.0612535081305892,1.78042030812214,21,2.5148603662351374,-0.7346377688075849,-2.126844309310318,61.81975393861694,-0.18365944220189623,-0.5317110773275795,15.454938484654235,87.32098163641645,21.830245409104112,,,
12299,0.09198047677933652,0.2561975440828519,1.2192341207383186,23,1.5923383613912498,3.193746114732123,8.895691125644785,42.3342471402759,0.7984365286830307,2.223922781411196,10.583561785068975,55.28917258422698,13.822293146056746,,,
12300,0.02905290171371701,0.09569907601118323,0.6967719100656579,133,0.8567524448356935,1.0087748533036822,3.322863317260304,24.193314261299772,0.25219371332592055,0.830715829315076,6.048328565324943,29.74815838958495,7.437039597396238,,,
12312,0.09839869589222872,0.02016288829108996,0.5662533209144279,19,0.6154678560498108,3.416599518769966,0.7000958072432256,19.66144780879077,0.8541498796924915,0.1750239518108064,4.915361952197692,21.370274897761533,5.342568724440383,,,
12313,0.10924775559018651,0.19048659126352596,0.8199291384203513,32,0.9386060010219901,3.793300569602456,6.6140754218521485,28.46957954423144,0.948325142400614,1.6535188554630371,7.11739488605786,32.59027756748554,8.147569391871386,,,
12330,0.0315250951567391,0.08861639961333087,0.9586644998899044,114,1.2699483548921453,1.094614354032295,3.0769386273740746,33.286748765177265,0.27365358850807375,0.7692346568435187,8.321687191294316,44.09514677856507,11.023786694641268,,,
12365,0.04050248296783252,0.1661395611357174,0.5765020576672095,30,0.6957679396028837,1.406327213609081,5.7686978417543795,20.01730444632085,0.35158180340227024,1.4421744604385949,5.0043261115802125,24.15845439889133,6.039613599722832,,,
12379,0.1821887428951749,0.24847598154898012,0.8981758459514037,21,1.0941896823791464,6.325957530806263,8.627583031343688,31.186461723124637,1.5814893827015657,2.156895757835922,7.796615430781159,37.99245415156872,9.49811353789218,,,
12385,0.14069873009683223,0.18052480751775202,0.6546476395904596,22,0.6978420427722236,4.885341306422209,6.268182366631386,22.73067534185994,1.2213353266055522,1.5670455916578465,5.682668835464985,24.23047140913715,6.057617852284287,,,
12389,0.17629462282096142,0.1759585935404472,0.8687035458609982,96,1.0279186972032353,6.121301893589423,6.109634284911408,30.16312451938558,1.5303254733973557,1.527408571227852,7.540781129846395,35.69139300429074,8.922848251072685,,,
12398,0.17098250988008204,0.27522149232671894,1.5652172445537946,20,1.738211770064255,5.936854708056209,9.556240656568335,54.347473165396856,1.4842136770140522,2.3890601641420837,13.586868291349214,60.35418908017106,15.088547270042765,,,
12413,0.048619011229741875,0.09381422814080775,0.7399783771105067,61,0.8338587917557484,1.6881493079190975,3.257417629505127,25.693529210031016,0.42203732697977436,0.8143544073762817,6.423382302507754,28.953244967343096,7.238311241835774,,,
12416,0.13750359227401823,0.21558359704448748,0.6828023712322583,39,0.7914998801064111,4.774399730938462,7.4854936565786945,23.708263933926474,1.1935999327346154,1.8713734141446736,5.927065983481619,27.48245883705481,6.870614709263703,,,
12424,0.03298814539244985,0.20143381650555098,0.8093831745409632,54,1.0856448522545898,1.1454143843166436,6.994184976705741,28.103402586411324,0.2863535960791609,1.7485462441764352,7.025850646602831,37.69576055998387,9.423940139995967,,,
12479,-0.024137717739989344,-0.0770641820416888,2.1812635159414757,36,2.8399601299334334,-0.8381098353679101,-2.6758225288515187,75.73783180051993,-0.20952745884197752,-0.6689556322128797,18.934457950129982,98.60909563154868,24.65227390788717,,,
12506,-0.00043343001250021045,0.012450059780482046,1.9271124884315372,255,2.4562239418988234,-0.015049556894032309,0.43229097569789765,66.91319982331983,-0.003762389223508077,0.10807274392447441,16.728299955829957,85.28500771061096,21.32125192765274,,,
12512,0.041092930312822774,0.13974421884100252,0.661226055025451,20,0.7766665484613929,1.4268287263218324,4.85219876659729,22.95909108259371,0.3567071815804581,1.2130496916493225,5.739772770648427,26.967415895676485,6.741853973919121,,,
12513,0.11096862927313847,-0.031166902205917533,0.7988633323891109,58,0.9799937114751224,3.853052745621914,-1.0821771783938685,27.73813262721471,0.9632631864054785,-0.2705442945984671,6.934533156803678,34.0273416498392,8.5068354124598,,,
12514,-0.015201125982537178,-0.41956519551251714,0.995367151449743,20,1.6987617491965328,-0.5278134963656559,-14.568142718585621,34.56113823263798,-0.13195337409141397,-3.6420356796464053,8.640284558159495,58.984405455602015,14.746101363900504,,,
12533,0.07478145413092138,0.08372419684735138,0.5323961419461777,23,0.652324678551098,2.5965616503338524,2.907071562933735,18.485858840655183,0.6491404125834631,0.7267678907334337,4.621464710163796,22.650017488651226,5.6625043721628066,,,
12535,0.027208935688984564,0.05586356655818589,0.5078821659968089,36,0.6315930582244867,0.9447486649929221,1.9396947580333306,17.6346845677412,0.23618716624823052,0.48492368950833264,4.4086711419353,21.93017416767063,5.482543541917657,,,
12552,0.20021788143781843,0.2500376976447212,0.9508610688972842,41,1.1547803114121908,6.951965279283932,8.68180893762001,33.0157980342515,1.737991319820983,2.1704522344050026,8.253949508562876,40.096281972854094,10.024070493213523,,,
12559,-0.009302009675976526,-0.002570273992004882,0.12050758785833929,19,0.16316164801680294,-0.32298437996925694,-0.08924505355039351,4.1842644656172565,-0.08074609499231424,-0.02231126338759838,1.0460661164043141,5.665298742439432,1.416324685609858,,,
12590,0.07273835929481334,0.11635870050547491,0.5310359763660663,59,0.5964362511983557,2.525621311434509,4.0402067989510995,18.438631171382553,0.6314053278586272,1.0100516997377749,4.609657792845638,20.70945951410931,5.177364878527327,,,
12593,0.1236984980771994,0.2014708837052445,0.8281358295998147,41,1.0266122909062905,4.295059250236518,6.995472024013499,28.754532275364767,1.0737648125591295,1.7488680060033748,7.188633068841192,35.64603196484822,8.911507991212055,,,
12600,0.1085928305194819,0.29446411749490137,0.6453452312007312,26,0.7602787044694985,3.770560261297451,10.224383087657966,22.40767711775179,0.9426400653243627,2.5560957719144914,5.601919279437947,26.398397176589928,6.599599294147482,,,
12604,0.004307777741288822,-0.023638519456433003,0.916093205278486,257,1.4767913370317112,0.14957465873303047,-0.8207766725662667,31.808588273679593,0.03739366468325762,-0.20519416814156669,7.952147068419898,51.27714880441508,12.81928720110377,,,
12632,0.0832354251162718,0.05504270011831653,0.593376967429123,253,0.7104663180866858,2.8901004308871894,1.9111926335081866,20.60323506307401,0.7225251077217973,0.47779815837704664,5.150808765768502,24.668811496605905,6.167202874151476,,,
12636,0.14112026327371127,0.2768227736848362,1.6536471996540532,21,1.98208401218426,4.899977781389803,9.611840347884883,57.41793806638804,1.2249944453474508,2.4029600869712207,14.35448451659701,68.82192107106188,17.20548026776547,,,
12648,0.14404080383773277,0.34655662620906114,0.7544832541121226,32,0.9267820130951253,5.001384790853757,12.033139175231021,26.197167549281122,1.2503461977134394,3.0082847938077553,6.549291887320281,32.179725058688945,8.044931264672236,,,
12651,0.10391106832125274,0.05037585101016475,0.6202958485735938,30,0.6833605047883056,3.608000114250538,1.7491502987749405,21.537912454172325,0.9020000285626345,0.43728757469373514,5.384478113543081,23.727643447259545,5.931910861814886,,,
12663,-0.013605621469658255,0.10790211918269389,1.5783194380385797,68,2.0731157407899174,-0.47241438866947394,3.7465773822614974,54.80240752757557,-0.11810359716736848,0.9366443455653743,13.700601881893892,71.98272475170752,17.99568118792688,,,
12719,0.24365861950710155,0.0673464121621724,0.4641177531933525,28,0.5272603027770167,8.46031458652558,2.33840212309495,16.115096626379586,2.115078646631395,0.5846005307737375,4.0287741565948965,18.307532233023576,4.576883058255894,,,
12730,-0.19899822812118922,-0.1260265078239539,2.8706462558842474,31,3.3041386766441647,-6.909616476823932,-4.375892404663327,99.67457929681284,-1.727404119205983,-1.0939731011658318,24.91864482420321,114.7263031304387,28.681575782609674,,,
12759,0.08672920793862286,0.14096857441256203,0.7369277997988888,37,0.8548757277069907,3.011411558044863,4.894710840752979,25.587607064617018,0.7528528895112158,1.2236777101882448,6.396901766154254,29.68299501744213,7.420748754360533,,,
12774,0.09253288297327983,0.046579897005933756,1.0243620748245117,98,1.357672799493243,3.2129267625982223,1.617347183840032,35.5678999620567,0.8032316906495556,0.404336795960008,8.891974990514175,47.141114944004386,11.785278736001096,,,
12778,-0.10431890200097525,-0.16141478888236804,2.047339643317658,28,2.5242233901048907,-3.622160915277863,-5.604644299573583,71.08772709527572,-0.9055402288194657,-1.4011610748933958,17.77193177381893,87.64608455122202,21.911521137805504,,,
12780,0.105450843003784,0.10503210932622917,0.6470312875645238,28,0.8216184069086254,3.6614641707773883,3.646924900025329,22.466220366815396,0.9153660426943471,0.9117312250063323,5.616555091703849,28.528234324681293,7.132058581170323,,,
12782,0.15685629080527028,0.2923928968943545,0.8841414388379887,111,1.0494239547001645,5.446364129340595,10.152466165965777,30.699159039332645,1.3615910323351488,2.538116541491444,7.674789759833161,36.43809855509911,9.109524638774777,,,
12795,0.14117729288838712,0.11331682421191223,0.6718643855367092,214,0.789887471048707,4.9019579636705775,3.9345867702860167,23.32847519460562,1.2254894909176444,0.9836466925715042,5.832118798651405,27.426472769753207,6.856618192438302,,,
12821,0.04912068563987924,-0.0036659348886496773,1.1640215914238978,69,1.4241526982378863,1.7055684467878869,-0.1272885912036941,40.417157697420585,0.4263921116969717,-0.031822147800923524,10.104289424355146,49.44942998821589,12.362357497053972,,,
12830,-0.06941875348479698,-0.00908608162013729,0.4921278966573092,19,0.5521119468907164,-2.410357958499121,-0.315486926014407,17.08766482773509,-0.6025894896247802,-0.07887173150360174,4.271916206933772,19.170431019939457,4.792607754984864,,,
12832,-0.008594596296001455,-0.003914570429358832,0.44838590901228575,24,0.6551151264380204,-0.29842157258976254,-0.1359217144481974,15.568855532724587,-0.07460539314744064,-0.03398042861204935,3.892213883181147,22.746907420180946,5.686726855045237,,,
12836,0.0026532602652430855,-0.002839293373493444,2.5611129981089222,155,3.041474002608002,0.09212650292977041,-0.09858594451443937,88.926965520338,0.023031625732442603,-0.024646486128609844,22.2317413800845,105.60606031855504,26.40151507963876,,,
12849,0.12663246034546577,0.22061867768294932,0.66297364515129,69,0.759479353564439,4.396932288115263,7.660321726507367,23.01977090694309,1.0992330720288157,1.9150804316268417,5.754942726735773,26.370642114464452,6.592660528616113,,,
12853,-0.005776405808081268,-0.200416793637477,0.968799821941887,37,1.6800306955294735,-0.2005683624681978,-6.958871908680477,33.6386674174662,-0.05014209061704945,-1.7397179771701192,8.40966685436655,58.33402581017438,14.583506452543595,,,
12870,0.08034608955858114,0.12477097264468906,0.7447039646900317,128,0.8773751714216425,2.789776921653054,4.332297712168894,25.857611061967283,0.6974442304132635,1.0830744280422235,6.464402765491821,30.46422070210227,7.616055175525568,,,
12884,-0.02279497409918463,0.14841823942329702,0.49970861963888247,22,0.5614021460142387,-0.7914870906718887,5.153378109255719,17.350882691101276,-0.19787177266797218,1.2883445273139298,4.337720672775319,19.493005313906394,4.873251328476599,,,
12886,0.09231700669176976,0.2562818170764379,0.653876134707307,38,0.7104725911540566,3.2054311063516296,8.898617252528076,22.703887149307114,0.8013577765879074,2.224654313132019,5.6759717873267785,24.669029310051155,6.167257327512789,,,
12896,0.1216252800012991,0.11370629839212651,0.638698574115085,236,0.7457922331605458,4.223072972205108,3.948110092771417,22.17689189042398,1.055768243051277,0.9870275231928543,5.544222972605995,25.89539791980047,6.473849479950117,,,
12898,-0.11976499404409452,0.27385501450601085,0.9175309383191588,25,1.2017567635503301,-4.15848012319905,9.508793813677709,31.858509240317833,-1.0396200307997625,2.3771984534194273,7.964627310079458,41.727398343994565,10.431849585998641,,,
12912,-0.001373491919369485,0.010213377617138803,0.6338597995389977,50,0.7557428272474114,-0.04769038642434726,0.35462889762229355,22.00887995959308,-0.011922596606086815,0.08865722440557339,5.50221998989827,26.24090244768462,6.560225611921155,,,
12925,0.06229791894897894,0.11715926658056151,0.533186738728609,44,0.6070573911519151,2.163108341746447,4.068004054210257,18.51330994213476,0.5407770854366117,1.0170010135525642,4.62832748553369,21.078246735576798,5.269561683894199,,,
12951,0.24093676152253957,0.1844674891440461,1.261618470918691,87,1.5797860547534377,8.36580623358562,6.405080158059569,43.805916547238795,2.091451558396405,1.6012700395148922,10.951479136809699,54.85333139314886,13.713332848287216,,,
12953,-0.04063924486236244,0.20117748105573777,1.4768537032156546,35,1.90105499811069,-1.4110758601109488,6.985284497217327,51.27931428305396,-0.3527689650277372,1.7463211243043317,12.81982857076349,66.00843164439938,16.502107911099845,,,
12957,0.11542101699821174,0.172948224711548,0.8216163702312436,231,1.0174804987157475,4.007648552211908,6.00510825843437,28.52816360716924,1.001912138052977,1.5012770646085924,7.13204090179231,35.32895787640819,8.832239469102047,,,
12959,0.2560373574993691,0.192559426468552,1.0581730248292136,26,1.2173565902942707,8.890129127093095,6.686048405841063,36.741883768119955,2.2225322817732738,1.6715121014602659,9.185470942029989,42.26905552819767,10.567263882049417,,,
12961,0.10810989009391599,0.04276439049307138,0.6215572468098486,24,0.8334498235386725,3.753791603840951,1.4848651667004247,21.581710723731565,0.9384479009602378,0.37121629167510617,5.395427680932891,28.939044772909785,7.234761193227446,,,
12965,-0.02162197877763647,-0.007563063561614551,0.13658570296267308,21,0.18581041011356017,-0.7507583471170935,-0.26260469298638045,4.742528778269935,-0.1876895867792734,-0.06565117324659511,1.1856321945674837,6.4517090599630365,1.6129272649907591,,,
12985,0.1200863239887364,-0.06084694893762048,0.6015842850570551,30,0.7416637485142916,4.169637341536905,-2.1127277610120583,20.888209545751067,1.0424093353842263,-0.5281819402530146,5.222052386437767,25.752048675913233,6.438012168978308,,,
13009,0.042152323277096865,0.07210743625841876,0.43950867186642006,68,0.5066294785361045,1.4636129688273574,2.503714401764816,15.260620104545838,0.36590324220683934,0.625928600441204,3.8151550261364595,17.59118875373062,4.397797188432655,,,
13015,0.1793888105381519,0.10397204870701426,0.6948167913052555,65,0.8425431452492053,6.22873827950571,3.6101174752049494,24.125428627701083,1.5571845698764275,0.9025293688012374,6.031357156925271,29.254783089342908,7.313695772335727,,,
13029,0.10739048150335861,-0.0035224977418053527,1.1910682576463003,36,1.508269363552555,3.728812298759618,-0.12230816659096547,41.35627204199484,0.9322030746899045,-0.030577041647741367,10.33906801049871,52.370128841271814,13.092532210317954,,,
13031,0.10128648972090559,0.16953024878271966,0.9150326851746642,30,1.0445909088091487,3.516869496089284,5.886429298233592,31.771764894634693,0.879217374022321,1.471607324558398,7.942941223658673,36.27028553567126,9.067571383917816,,,
13034,0.04830785916174293,0.10257786406554255,0.6523507004229764,87,0.787643756931882,1.6773454858140382,3.5617085960837684,22.650921020086585,0.41933637145350955,0.8904271490209421,5.662730255021646,27.348566528188808,6.837141632047202,,,
13035,0.10664976414282516,0.1681046534051881,0.5129900164754422,36,0.5872512130168019,3.7030931105671754,5.836929775534942,17.812039352060303,0.9257732776417938,1.4592324438837354,4.453009838015076,20.3905366183694,5.09763415459235,,,
13038,0.004805490089525904,-0.006591724434064039,1.3889646005816825,223,2.157259975358759,0.16685622688851845,-0.22887785579957157,48.22762886139718,0.04171405672212961,-0.05721946394989289,12.056907215349295,74.90438086440683,18.726095216101708,,,
13043,-0.017417261070944025,0.008239029230402104,0.41499771701661026,26,0.52275654783571,-0.6047621389053185,0.2860755729380219,14.409550730250741,-0.15119053472632962,0.07151889323450547,3.6023876825626853,18.151152853951523,4.537788213487881,,,
13045,0.0319573055085346,0.13731846771328482,1.1957115791242174,21,1.3407051668059056,1.1096215618673384,4.767971835940676,41.51749745035108,0.2774053904668346,1.191992958985169,10.37937436258777,46.55196480183466,11.637991200458664,,,
13049,0.16887449441472593,0.2161757854371929,0.7806559974011186,224,0.9092144958774752,5.863660195068114,7.506055621950212,27.10593754176164,1.4659150487670285,1.876513905487553,6.77648438544041,31.569745725857693,7.892436431464423,,,
13050,0.025527468391810543,0.07375308680163471,0.6392472735374293,25,0.7658607222581089,0.8863647575004457,2.5608546799263605,22.19594383176662,0.22159118937511144,0.6402136699815901,5.548985957941655,26.592215998246058,6.648053999561514,,,
13059,0.07306016809255862,0.06603696563604836,0.4545943985575703,29,0.5644471802613876,2.536795156509821,2.292935520814871,15.784426706715955,0.6341987891274552,0.5732338802037178,3.9461066766789887,19.5987349930359,4.899683748258975,,,
13066,0.03963309821001973,0.0840121360394763,0.5714012073330101,72,0.680353334828406,1.3761404360483052,2.9170693875626963,19.84019272101678,0.3440351090120763,0.7292673468906741,4.960048180254195,23.623228491911913,5.905807122977978,,,
13072,0.13182822813739675,0.21159085541189143,0.5690067881593082,25,0.6232661181829788,4.577339737386691,7.346857681611694,19.757053698467498,1.1443349343466727,1.8367144204029235,4.9392634246168745,21.641046155549393,5.410261538887348,,,
13080,-0.06011149596975404,0.10136621756695494,0.6574866497536668,29,0.8023144462985704,-2.0871913630618,3.5196378063598095,22.829251452746817,-0.52179784076545,0.8799094515899524,5.707312863186704,27.857962204378964,6.964490551094741,,,
13093,-0.0050092382033080475,0.02182729306342609,0.44704695875119216,23,0.6247515481731641,-0.17393076889526204,0.7578872697482807,15.522364501758895,-0.04348269222381551,0.18947181743707017,3.880591125439724,21.692623255668607,5.423155813917152,,,
13098,0.049508423166007225,0.26768039591315673,0.7774318804432387,27,0.8634703262809381,1.719031469170103,9.294398706896628,26.993989752750135,0.42975786729252574,2.323599676724157,6.748497438187534,29.981416669126734,7.4953541672816835,,,
13099,0.0009225493490188809,-0.004532547331531866,0.8240255751782959,221,1.0833086121600841,0.03203275849663358,-0.15737910844544944,28.61181602134079,0.008008189624158396,-0.03934477711136236,7.152954005335197,37.614641631422444,9.403660407855611,,,
13105,0.046145210207165194,0.27303638786054224,0.7495999844105704,67,0.8703092136230008,1.60225398881319,9.480369459293748,26.027610658703825,0.4005634972032975,2.370092364823437,6.506902664675956,30.218876515417836,7.554719128854459,,,
13108,0.011294008161761453,-0.007263139161319677,0.9451851467869837,93,1.3181265194246878,0.3921505513926812,-0.25219071795934184,32.81871866673765,0.0980376378481703,-0.06304767948983546,8.204679666684413,45.76798900746401,11.441997251866002,,,
13110,0.025953074285811537,0.19407127451156148,0.5929795035081301,22,0.6738023925914418,0.9011426453519482,6.738542793590438,20.589434320809296,0.22528566133798705,1.6846356983976094,5.147358580202324,23.395766675560044,5.848941668890011,,,
13141,-0.005667050508698326,-0.0012033546320735166,0.9050946725351839,146,1.1437976962664926,-0.1967713277630233,-0.04178287953485665,31.42669721976666,-0.04919283194075583,-0.010445719883714162,7.856674304941665,39.71494360976516,9.92873590244129,,,
13161,-0.04561409729955131,0.06850718201106588,0.6937537891950037,50,0.8649547018168657,-1.5838126864350206,2.37870637378823,24.08851906842892,-0.39595317160875515,0.5946765934470575,6.02212976710723,30.032957156485214,7.5082392891213035,,,
13166,0.10197718721414382,0.24704638607681173,0.7934570753385346,133,0.9331408389065388,3.540851894449502,8.577944617359057,27.5504165699046,0.8852129736123755,2.144486154339764,6.88760414247615,32.40051620851284,8.10012905212821,,,
13168,0.15181535010858319,0.03900915570980601,0.6631486986547187,52,0.8017371561018731,5.271332586470225,1.3544759045558843,23.025849114689144,1.3178331466175564,0.3386189761389711,5.756462278672286,27.83791753416924,6.95947938354231,,,
13170,-0.030816597020759673,0.06256587134465737,0.5707880085945294,48,0.6574398167608154,-1.0700138817548175,2.1724121848291933,19.81890123441925,-0.26750347043870437,0.5431030462072983,4.954725308604813,22.827625317569034,5.706906329392258,,,
13187,0.01106995976369338,0.014079045289107995,0.21358089095672866,213,0.2834481526167512,0.38437114291496155,0.4888526105284078,7.415955695799533,0.09609278572874039,0.12221315263210195,1.8539889239498832,9.841886755158836,2.460471688789709,,,
13217,-0.022856315975649882,0.05133137573294192,0.8398442968069549,83,1.1098337803800555,-0.7936170033065153,1.7823280281992095,29.16107367373109,-0.19840425082662883,0.4455820070498024,7.290268418432772,38.53564852235629,9.633912130589072,,,
13233,0.2773335944798576,0.10891744302177307,0.6712557500505192,36,0.7927948589667168,9.629577067529617,3.7818314566020046,23.30734215325413,2.407394266882404,0.9454578641505011,5.826835538313532,27.52742309304234,6.881855773260585,,,
13263,0.11119410029621814,0.29124373942934395,0.6178036215096739,23,0.6878207840077287,3.8608815504852863,10.112565120465682,21.451377346058898,0.9652203876213216,2.5281412801164205,5.3628443365147245,23.88251326231636,5.97062831557909,,,
13269,-0.00336809459609988,0.3413980868827018,1.0498748921534815,32,1.255463518552432,-0.11694698056578003,11.854024372741172,36.453756005353185,-0.029236745141445006,2.963506093185293,9.113439001338296,43.59220429117755,10.898051072794388,,,
13295,-0.00815485391978208,-0.013150753823901795,1.6322271819717193,67,2.006625189724182,-0.2831528378026734,-0.45662047427351815,56.67419221242204,-0.07078820945066835,-0.11415511856837954,14.16854805310551,69.67403983760305,17.41850995940076,,,
13317,0.1703622149640532,0.06860080469147078,0.728156475474956,31,0.8460829720057094,5.915316827981856,2.381957140497249,25.283049141441424,1.478829206995464,0.5954892851243122,6.320762285360356,29.37769295398224,7.34442323849556,,,
13321,0.02838258129854746,-0.009346094298251728,0.39187125822139857,19,0.5138525130385848,0.985499987848165,-0.3245150862238965,13.6065538279634,0.24637499696204124,-0.08112877155597413,3.40163845699085,17.84198695772574,4.460496739431435,,,
13332,0.007246155635971121,-0.00011543431572746954,0.882002033264002,200,1.133780586686056,0.25160101599218926,-0.004008110310689197,30.624874598992676,0.06290025399804731,-0.0010020275776722993,7.656218649748169,39.36712953091324,9.84178238272831,,,
13343,-0.008009123857389772,-0.068926869137472,1.06878069804053,22,1.3671608198257974,-0.27809279857628766,-2.393278750191303,37.110203397363286,-0.06952319964407191,-0.5983196875478257,9.277550849340821,47.47055798599134,11.867639496497835,,,
13347,-0.06458526579783504,0.17917600460212263,1.3814143688863358,56,1.6954833266363467,-2.2425295990324283,6.221349231794902,47.965469716471354,-0.5606323997581071,1.5553373079487256,11.991367429117838,58.87057206746723,14.717643016866807,,,
13351,0.100469534524733,-0.019398865460488548,0.48685664680709373,49,0.5588766186404777,3.4885031777677797,-0.6735674065190834,16.90463649043591,0.8721257944419449,-0.16839185162977086,4.226159122608977,19.405313952434668,4.851328488108667,,,
13361,0.014071871554136806,0.18139945042399344,0.4217658037462775,31,0.492957747374677,0.48860352410273816,6.2985517176219,14.644552237678248,0.12215088102568454,1.574637929405475,3.661138059419562,17.116478904343534,4.2791197260858835,,,
13378,0.36927289585588896,-0.3247662393923657,1.719914858873651,19,2.293308232182637,12.821893489908177,-11.276533364181722,59.71888372981091,3.2054733724770443,-2.8191333410454305,14.929720932452728,79.62824843784551,19.90706210946138,,,
13379,0.06096706430055818,0.09560520651927447,0.6781656520702068,200,1.0044335527525003,2.116898406643981,3.319603980762248,23.547267771181723,0.5292246016609953,0.829900995190562,5.886816942795431,34.87594181867232,8.71898545466808,,,
13397,-0.11656698901632086,0.08518400846482202,0.6092477719009006,39,0.8406800091081199,-4.047438992624693,2.9577591419155502,21.154301135943072,-1.0118597481561733,0.7394397854788876,5.288575283985768,29.19009127625214,7.297522819063035,,,
13402,0.08907628558196261,0.41172147282457416,0.6396925158581734,48,0.8145938189863227,3.0929067879769057,14.295792979414864,22.2114035356275,0.7732266969942264,3.573948244853716,5.552850883906875,28.284326582843097,7.071081645710774,,,
13405,0.06489781307269848,0.08196362874086649,0.8953422761708618,160,1.1678534102728575,2.253381865510237,2.8459411171403666,31.088074513204663,0.5633454663775592,0.7114852792850916,7.772018628301166,40.55020611149416,10.13755152787354,,,
13416,0.2632015560385038,0.35237778216823507,0.8267510687412427,28,1.2557718370037068,9.13888442876893,12.235261352445459,28.706450608833432,2.2847211071922326,3.0588153381113647,7.176612652208358,43.60290972444271,10.900727431110678,,,
13436,0.09348334245959222,0.2705243789675147,1.0560839559806086,34,1.273798955335261,3.245928616881961,9.393147486510045,36.669347119558694,0.8114821542204903,2.3482868716275114,9.167336779889673,44.22884732715094,11.057211831787734,,,
13438,0.1569539566631306,-0.019208744944822945,0.873614375118881,33,0.9861139251832952,5.449755283257221,-0.6669660419741423,30.333638332877786,1.3624388208143052,-0.16674151049353558,7.583409583219447,34.23984771021438,8.559961927553594,,,
13449,0.022120556800380036,0.03923250465689908,0.6042747489703674,140,0.6980596976668805,0.7680699732227957,1.3622310266968498,20.981627833749098,0.19201749330569892,0.34055775667421245,5.2454069584372744,24.238028822389424,6.059507205597356,,,
13459,0.12803393328961993,0.1588104610686841,0.6665442890364789,91,0.804112710552698,4.4455942316821835,5.514216829226849,23.143750803924622,1.1113985579205459,1.3785542073067123,5.7859377009811555,27.92040153581078,6.980100383952695,,,
13480,0.165525277505094,0.41502265817510137,0.7245158181439242,20,0.8290351895301727,5.747368685531874,14.41041673715587,25.156638237593338,1.4368421713829684,3.6026041842889676,6.2891595593983345,28.785759850866658,7.196439962716664,,,
13491,-0.01597056742266895,0.05731415298785586,0.6071945760331795,54,0.7483518613011487,-0.5545300420499113,1.9900620200443313,21.08301006902406,-0.13863251051247782,0.4975155050110828,5.270752517256015,25.984273328098485,6.496068332024621,,,
13502,0.0378778041423239,0.14720719111322836,0.5701362166481189,27,0.6685314988381749,1.3151931154297705,5.111328089833515,19.796269714455985,0.3287982788574426,1.2778320224583788,4.949067428613996,23.212750702659108,5.803187675664777,,,
13503,0.1525191277747495,0.15274959780225572,0.647351100706359,78,0.7408069522503778,5.295769154594852,5.303771534889924,22.4773249187262,1.323942288648713,1.325942883722481,5.61933122968155,25.72229899603762,6.430574749009405,,,
13549,0.12249390800833884,0.20330006211786597,0.7015297441890553,58,0.8578321448725805,4.253233473865541,7.0589847568565425,24.35851577773238,1.0633083684663853,1.7647461892141356,6.089628944433095,29.78564773426574,7.446411933566435,,,
13551,0.022619140401861415,0.11689080306067012,0.5119670420370878,32,0.5594083796806586,0.785381793033432,4.0586824638725885,17.776519633611763,0.196345448258358,1.0146706159681471,4.444129908402941,19.42377775927183,4.855944439817957,,,
13555,0.18380085889214115,0.15429533717069657,0.5893993183316704,19,0.6234123618594123,6.381933422452925,5.357442697240927,20.46512313111226,1.5954833556132313,1.3393606743102318,5.116280782778065,21.646124028482514,5.411531007120629,,,
13562,0.01739179290280827,-0.001009741035931274,0.5348345419035372,51,0.604528208946553,0.6038778331713087,-0.035060228249605696,18.57052496397462,0.15096945829282718,-0.008765057062401424,4.642631240993655,20.990428471042215,5.247607117760554,,,
13563,-0.0015737119023621442,0.0003702886278505693,0.8806903413657063,174,1.269998011604326,-0.05464242467381837,0.012857161736227469,30.579330032900057,-0.013660606168454593,0.003214290434056867,7.644832508225014,44.09687095892541,11.024217739731352,,,
13570,0.14295153761695129,0.13887886973189414,0.7670808095204961,46,0.8736706989692922,4.963563289135783,4.822152114830828,26.634579868170665,1.2408908222839456,1.205538028707707,6.658644967042666,30.335594009611764,7.583898502402941,,,
13582,0.11099208164263914,0.18408269300229232,0.6590656517234433,181,0.7690158214056801,3.8538670587957164,6.391719266425595,22.8840775591414,0.9634667646989291,1.5979298166063987,5.72101938978535,26.701767350848026,6.675441837712007,,,
13583,0.08146251399593368,0.0447983486271419,0.8221459584612641,52,1.0064126288424506,2.8285414109668094,1.5554882610316212,28.546551969692015,0.7071353527417024,0.3888720652579053,7.136637992423004,34.944659298667574,8.736164824666893,,,
13605,0.035619595383014645,0.05006550121396668,0.34366739229687504,27,0.4283554706862562,1.2367835908890346,1.7383743331513513,11.932819195332096,0.30919589772225864,0.4345935832878378,2.983204798833024,14.873358653168188,3.718339663292047,,,
13606,0.03923135864716216,0.21909596962850955,0.6323119973036703,47,0.7214955887221067,1.3621912349467644,7.607450257441109,21.95513717037804,0.3405478087366911,1.9018625643602773,5.48878429259451,25.05176983160899,6.2629424579022475,,,
13634,0.0843808354238221,0.06982423631615624,0.707139586792453,79,0.8256598565084068,2.9298713675859513,2.424437133369577,24.553300732607553,0.7324678418964878,0.6061092833423942,6.138325183151888,28.6685615376849,7.167140384421225,,,
13636,0.07897426076232791,-0.023728469167080914,0.40227047511328073,21,0.48657186043895706,2.74214428218955,-0.8238999064193835,13.967635436883334,0.6855360705473875,-0.20597497660484587,3.4919088592208336,16.894748138161468,4.223687034540367,,,
13639,-0.0012358150200971214,0.09901187250609346,0.3521577715309707,31,0.39413367959277873,-0.04290996912781225,3.4378902371565774,12.227622143098365,-0.010727492281953063,0.8594725592891443,3.0569055357745913,13.685109622820464,3.421277405705116,,,
13655,-0.036266570503007856,0.040888429065681464,0.5635727518252089,32,0.6543644226629631,-1.2592478610054387,1.4197280340185918,19.568373088874907,-0.3148119652513597,0.35493200850464796,4.892093272218727,22.720841483703406,5.680210370925852,,,
13676,0.19305403469169227,0.11769441149605496,0.6469929611062933,23,0.6934873922197748,6.703222192564939,4.086585355966021,22.464889595532718,1.6758055481412348,1.0216463389915051,5.616222398883179,24.079269232655022,6.019817308163756,,,
13678,0.1130161128733262,0.164747298912847,0.6464659998044481,22,0.6830275479686214,3.9241454711876327,5.720355712851874,22.446592445210047,0.9810363677969082,1.4300889282129685,5.611648111302512,23.716082520566474,5.929020630141618,,,
13679,0.021815592731377995,0.004103297308583522,0.639230078959858,72,0.7534493108875057,0.7574810108189067,0.14247468914863706,22.195346801644188,0.18937025270472668,0.035618672287159266,5.548836700411047,26.16126697263597,6.540316743158993,,,
13718,0.016720135507576533,0.0015997807052385456,0.3418417062709576,34,0.43276470479125745,0.5805565450940724,0.055547585647292785,11.869427725140191,0.1451391362735181,0.013886896411823196,2.967356931285048,15.026456079762042,3.7566140199405105,,,
13723,-0.09886457586331485,0.2734404652826199,0.8065026067122939,21,0.8723720244260952,-3.432775803126018,9.494399835543128,28.00338351026427,-0.8581939507815045,2.373599958885782,7.000845877566068,30.290501432122877,7.572625358030719,,,
13726,0.0876276800570044,0.029810200482975686,0.6000575558832192,171,0.688574066372728,3.042608306939307,1.035069781169882,20.83519845537714,0.7606520767348267,0.2587674452924705,5.208799613844285,23.908668732593863,5.977167183148466,,,
13738,0.08974931372759534,0.0631965992431667,0.6044155832110906,167,0.7568712003312431,3.1162756712495656,2.1943123189212344,20.986517880255487,0.7790689178123914,0.5485780797303086,5.246629470063872,26.280081817901426,6.570020454475356,,,
13746,-0.021413836774017085,-0.021170126960083937,0.7704785673536535,113,0.9391687316362819,-0.7435312404674213,-0.7350691483080345,26.75255681565356,-0.1858828101168553,-0.18376728707700862,6.68813920391339,32.60981669987498,8.152454174968746,,,
13753,0.20119507415126275,0.3458204310000682,1.0388685669656248,23,1.1590014125018215,6.985895364680146,12.007577005184368,36.07159438218043,1.7464738411700365,3.001894251296092,9.017898595545107,40.24284704488825,10.060711761222063,,,
13764,0.1455037698318376,0.30169611994047535,0.7294828369401637,28,0.8372232952433164,5.052181896101065,10.475492676573186,25.329103064236364,1.2630454740252663,2.6188731691432965,6.332275766059091,29.070067257438435,7.267516814359609,,,
13778,0.13805208641188096,0.03441838993259102,0.5090877939888122,48,0.6352139290311922,4.793444544393331,1.1950753352394254,17.67654638287954,1.1983611360983328,0.29876883380985636,4.419136595719885,22.055898043821056,5.513974510955264,,,
13788,0.05064162155584194,0.06259627420212088,0.5522524404340328,172,0.6414012806385576,1.758378383661944,2.1734678328460415,19.175309236750486,0.439594595915486,0.5433669582115104,4.793827309187622,22.270735266331997,5.567683816582999,,,
13791,0.15106410975616313,0.038123234007596804,0.8938704337668059,20,1.0727146611337484,5.245248018953497,1.3237149312117762,31.036969201251033,1.3113120047383742,0.33092873280294405,7.759242300312758,37.24679846388601,9.311699615971502,,,
13794,0.09092042027208962,0.17954955272358522,0.5967353723269506,108,0.6899433791899856,3.1569388326874956,6.234319569668326,20.71984559793638,0.7892347081718739,1.5585798924170815,5.179961399484095,23.956214012234682,5.9890535030586705,,,
13826,0.2575663396513346,-0.0419137924925019,0.9687414146266398,25,1.2038202403240739,8.94321844537364,-1.455330702924651,33.63663939866619,2.23580461134341,-0.36383267573116274,8.409159849666548,41.799046384532495,10.449761596133124,,,
13828,0.1519777418023683,0.10547771341576179,0.7111624328140542,166,0.8060800297656702,5.276971150861833,3.662397165222081,24.692981992169592,1.3192427877154582,0.9155992913055202,6.173245498042398,27.9887107935236,6.9971776983809,,,
13846,0.24427679200460362,0.21633736453658994,1.4255073056362806,23,1.7061379090571676,8.481778771983848,7.511665971439476,49.496464666302934,2.120444692995962,1.877916492859869,12.374116166575734,59.240520478282974,14.810130119570744,,,
13851,0.15160374154132544,0.24359324078853384,0.8783628937293333,36,1.0868291919525117,5.263985113797903,8.458044506659473,30.498516396069913,1.3159962784494756,2.114511126664868,7.624629099017478,37.736883202975115,9.434220800743779,,,
13896,0.04776718335763427,0.1271166675199085,0.6781681466703469,77,0.7922995290450678,1.658572140543777,4.4137449296262625,23.547354388687786,0.41464303513594425,1.1034362324065656,5.886838597171947,27.510224247502848,6.877556061875712,,,
13906,0.05349453168746544,0.13762575825625065,0.6446032151674074,46,0.7490057758515187,1.857437129252175,4.778641578173535,22.38191283704272,0.46435928231304374,1.1946603945433838,5.59547820926068,26.006978549116436,6.501744637279109,,,
13921,0.020391796056303698,-0.05306599346109244,0.6074691027098693,83,0.7041328505074045,0.708043942666977,-1.842557424956052,21.092542184292082,0.17701098566674425,-0.460639356239013,5.2731355460730205,24.4489008353181,6.112225208829525,,,
13923,0.09775907251254792,0.1393250763570553,0.6995843692778829,158,0.7985598921200375,3.3943905157806893,4.837645301269674,24.29096847006665,0.8485976289451723,1.2094113253174186,6.072742117516663,27.727596574191946,6.931899143547986,,,
13932,0.0030150650798894674,0.0031374490438267344,0.1479332228152363,40,0.18397991810399048,0.10468908970392209,0.10893850569975187,5.1365373625906345,0.02617227242598052,0.027234626424937968,1.2841343406476586,6.3881507164067575,1.5970376791016894,,,
13942,0.02373099950564107,-0.09742113269728686,0.5344213015777517,44,0.6308603706467353,0.8239877648348692,-3.3826565695151944,18.556176433382696,0.2059969412087173,-0.8456641423787986,4.639044108345674,21.904733789595944,5.476183447398986,,,
13954,-0.018975606677858633,0.16824991238868356,0.7007203119079478,29,0.8147717303654355,-0.6588710150686075,5.84197345795987,24.330410670067764,-0.16471775376715186,1.4604933644899676,6.082602667516941,28.290504021748653,7.072626005437163,,,
13957,0.0075020899501044395,0.04298010342993822,1.1768446806743231,47,1.685273832220514,0.26048756724752636,1.492355151294315,40.86240100237385,0.06512189181188159,0.37308878782357874,10.215600250593463,58.51607800236069,14.629019500590173,,,
13971,0.038676360683945886,0.027700951985568878,0.6164532462045671,80,0.70142219971812,1.342920595667969,0.9618324548429226,21.40448961471498,0.33573014891699227,0.24045811371073064,5.351122403678745,24.354781618612563,6.088695404653141,,,
13981,-0.07384228797576717,0.13458830327334242,0.48440225419635075,52,0.5749628912240965,-2.5639519230945877,4.673175066256996,16.81941507020569,-0.6409879807736469,1.168293766564249,4.204853767551422,19.963861509083078,4.990965377270769,,,
13987,0.22597804657810966,0.31568976712772956,0.7255732679898624,21,0.7664233263727471,7.846409733285124,10.961380094209026,25.193355011144003,1.961602433321281,2.7403450235522566,6.298338752786001,26.611750738314527,6.652937684578632,,,
13989,-0.005343253718122972,0.18037749111208182,0.7095050720148287,19,0.8015184501046646,-0.18552845560066583,6.263067246393705,24.635435110498882,-0.04638211390016646,1.5657668115984262,6.158858777624721,27.830323624534167,6.957580906133542,,,
14000,0.2665929028809103,0.17278767016234048,2.1937035880139915,20,2.9275648769692997,9.256638773830968,5.999533483376786,76.16977598302181,2.314159693457742,1.4998833708441965,19.042443995755452,101.65090765812803,25.41272691453201,,,
14004,0.13169845066751296,0.158710243636106,0.8544324959858991,152,0.9914721745413497,4.572833604077385,5.5107370795328725,29.66760512562239,1.1432084010193462,1.3776842698832181,7.416901281405598,34.42589684442475,8.606474211106187,,,
14016,0.1327143511098911,-0.03559129705214325,0.7340832914779992,33,0.9470342247706375,4.608107699237639,-1.2358010162445179,25.48884004669909,1.1520269248094097,-0.30895025406112947,6.372210011674772,32.88292235248608,8.22073058812152,,,
14022,-0.025338924101091082,0.10312731680059965,0.6223441681406476,26,0.770258864864331,-0.8798181226380846,3.5807866939504214,21.60903420617957,-0.21995453065952114,0.8951966734876053,5.402258551544892,26.744928305819304,6.686232076454826,,,
14027,0.034865352419010294,0.06567111374940389,0.8282125552098076,53,0.9951302930864078,1.2105947666928756,2.280232411606802,28.75719634199494,0.3026486916732189,0.5700581029017004,7.189299085498735,34.552914036546255,8.638228509136564,,,
14035,0.03322171545592993,0.06150869479791033,1.2121986615809595,73,1.6190685975817785,1.153524404060799,2.1357049007730424,42.08996192741407,0.28838110101519976,0.5339262251932606,10.522490481853518,56.217299845234514,14.054324961308629,,,
14037,0.06208524177369375,-0.0527149417880148,0.7332068217016389,19,0.892541796565613,2.1557237648661944,-1.83036820876345,25.458407263124307,0.5389309412165486,-0.4575920521908625,6.364601815781077,30.990836260351216,7.747709065087804,,,
14053,0.0797582777469594,0.3320323735239654,1.3447224487158755,28,1.8870142387833468,2.7693669199299245,11.528828073499128,46.69145286431263,0.6923417299824811,2.882207018374782,11.672863216078158,65.52090839903538,16.380227099758844,,,
14054,-0.00637141322717277,-0.0002409729066333679,1.30529832015063,152,1.785024403830081,-0.22122821007389296,-0.008367061264123801,45.32256827227018,-0.05530705251847324,-0.0020917653160309503,11.330642068067545,61.97961734978808,15.49490433744702,,,
14071,0.08889688788982197,-0.011759803152723815,0.46731543864069325,103,0.5785638533015021,3.0866777413103987,-0.40832388506887635,16.22612666048215,0.7716694353275997,-0.10208097126721909,4.056531665120538,20.088894114334757,5.022223528583689,,,
14095,0.008636565726392507,0.015418239466171036,0.4166174250158208,21,0.6321249630588953,0.29987883515180064,0.5353521107443907,14.46579023139933,0.07496970878795016,0.13383802768609768,3.6164475578498325,21.948642967330965,5.487160741832741,,,
14109,0.005137358267305203,-0.0007646426297354312,0.4127855280829539,143,0.5226708519813732,0.17837935375737127,-0.02654992138967364,14.332739106096325,0.04459483843934282,-0.00663748034741841,3.583184776524081,18.14817732249724,4.53704433062431,,,
14118,-0.016866051437762052,-0.016459724070666936,0.7954792599502671,20,1.0584965420957915,-0.585623038021974,-0.5715145391816974,27.620630863993178,-0.1464057595054935,-0.14287863479542434,6.905157715998294,36.75311693465007,9.188279233662518,,,
14124,0.09262266410014665,0.29077149882578424,0.709117843212051,26,0.7700799143590336,3.216044142885292,10.09616798222888,24.621989752008833,0.804011035721323,2.52404199555722,6.155497438002208,26.738714786374363,6.684678696593591,,,
14125,0.21185679480588754,0.2575912523767189,1.2394530576626128,31,1.6349040452789896,7.356091629250027,8.944083465024434,43.036289068161246,1.8390229073125068,2.2360208662561085,10.759072267040311,56.76713826017708,14.19178456504427,,,
14130,0.16297960926657384,0.14812213088502144,0.5814924634785009,145,0.68790682996762,5.658977992953977,5.143096628589714,20.19058131690051,1.4147444982384942,1.2857741571474286,5.047645329225127,23.8855009501357,5.971375237533925,,,
14142,0.027395165819129222,0.020869493383808023,0.4140437655913153,47,0.47089592823493914,0.9512149475718049,0.7246305492725822,14.37642762886165,0.23780373689295123,0.18115763731814555,3.5941069072154126,16.350448420173556,4.087612105043389,,,
14150,0.07027921710478811,0.10720158463677833,1.078783987265114,137,1.4783275405813299,2.440234976312453,3.722253421758217,37.45753760581929,0.6100587440781132,0.9305633554395543,9.364384401454823,51.33048886406494,12.832622216016235,,,
14157,0.00014481708112007734,-0.00023196316309275446,1.0905017243758988,19,1.832955025539734,0.0050283386906513254,-0.00805422494890662,37.86440087377996,0.0012570846726628314,-0.002013556237226655,9.46610021844499,63.64386439679065,15.910966099197662,,,
14158,-0.00024031793285830518,-0.00017837891170212493,0.10121800859521463,144,0.19501205154781223,-0.008344319264706072,-0.006193672572121182,3.514491694443042,-0.002086079816176518,-0.0015484181430302955,0.8786229236107606,6.771208453843137,1.6928021134607842,,,
14159,0.013645452352333281,0.05165141961783671,0.587265556389043,77,0.6721432450454914,0.4737973965777162,1.7934405919705263,20.39103464894035,0.11844934914442905,0.4483601479926316,5.097758662235088,23.338157754469552,5.834539438617388,,,
14201,0.10899095409770684,0.04802633301071368,0.9004546402089669,19,1.0053460632543134,3.784383908180577,1.6675703347980004,31.26558601733575,0.9460959770451443,0.4168925836995001,7.816396504333937,34.90762600831627,8.726906502079068,,,
14256,0.18727428906965335,0.218953050659267,0.9270219283780938,30,1.232801930877218,6.502537865076504,7.602487824991069,32.188055397144176,1.625634466269126,1.9006219562477673,8.047013849286044,42.80534864391876,10.70133716097969,,,
14282,0.2038443701828575,0.04127193548029709,0.5269318087699635,25,0.5912371862203142,7.077884221489178,1.4330441437468755,18.296126264110672,1.7694710553722945,0.3582610359367189,4.574031566027668,20.52893757994175,5.132234394985438,,,
14293,0.14206236334374825,0.0899588791402469,0.7395509598485493,84,0.8635267966977435,4.9326893800216265,3.123552201507653,25.67868842786133,1.2331723450054066,0.7808880503769132,6.419672106965333,29.98337743493905,7.495844358734763,,,
14300,0.09923443633757263,0.08389288627251906,0.5101149189195426,69,0.5632757730476398,3.4456180985131972,2.912928797154407,17.71221021472436,0.8614045246282993,0.7282321992886017,4.42805255368109,19.55806139176015,4.889515347940037,,,
14332,0.0844105251048534,0.06987753792045583,0.7602645515195734,28,1.3481481801788766,2.93090225269072,2.4262878716740675,26.397905757862627,0.73272556317268,0.6065719679185169,6.599476439465657,46.81040111217096,11.70260027804274,,,
14364,0.1205347038056659,-0.016600689708986413,0.5910740258796685,54,0.7002060009492083,4.185205985540332,-0.5764091480754262,20.52327232659385,1.046301496385083,-0.14410228701885655,5.130818081648463,24.31255276495841,6.078138191239603,,,
14386,0.09913185578870971,-0.010110196383389317,0.8896301885591783,126,1.2303300841593199,3.4420562966955788,-0.3510462388240439,30.88973940715179,0.8605140741738947,-0.08776155970601097,7.7224348517879475,42.7195211821799,10.679880295544976,,,
14391,0.16106448345191982,0.19535701495479108,0.9398819150859683,31,1.01974669473216,5.59248099441756,6.783186273260256,32.634579855614994,1.39812024860439,1.695796568315064,8.158644963903749,35.40764473449006,8.851911183622516,,,
14414,-0.056217092125080026,-0.10310540848781595,0.8772837467372132,27,1.187300933051873,-1.9519698727670287,-3.5800259935139453,30.461046254209517,-0.4879924681917572,-0.8950064983784863,7.615261563552379,41.22546299742713,10.306365749356782,,,
14438,-0.01403911440825881,-0.05633113051290096,0.8025169897094091,86,1.3169587027484144,-0.48746613048356247,-1.9559295136689472,27.864994916690105,-0.12186653262089062,-0.4889823784172368,6.966248729172526,45.72744007683045,11.431860019207612,,,
14439,0.04825080563917486,-0.020220838741143984,0.6151535159330924,53,0.7364309133418896,1.6753644734034296,-0.7021079627700014,21.359360380228836,0.4188411183508574,-0.17552699069250036,5.339840095057209,25.57035417305709,6.392588543264273,,,
14440,0.14590650940694516,0.1833205075178368,0.8101131554876941,64,1.1810697474529503,5.06616581962795,6.36525466203433,28.128748984843718,1.2665414549069876,1.5913136655085824,7.032187246210929,41.00910377106134,10.252275942765335,,,
14448,0.09158903009165442,-0.006348787776351566,0.5830617410078548,22,0.6729415235954043,3.180154302842425,-0.2204426091704791,20.245069771274736,0.7950385757106062,-0.05511065229261977,5.061267442818684,23.365875582279628,5.841468895569907,,,
14451,0.21800615805717494,0.01739105607110761,0.7980261508755574,22,0.9422420367647804,7.5696098200612285,0.6038522489009985,27.709064010701105,1.8924024550153071,0.15096306222524963,6.927266002675276,32.7165280005467,8.179132000136676,,,
14460,-0.01951542594922882,0.013335733980143767,1.437101747716845,119,1.8343560551126232,-0.6776146198091231,0.4630433552585519,49.8990468842243,-0.16940365495228077,0.11576083881463797,12.474761721056074,63.692510945620505,15.923127736405126,,,
14483,0.21061177855942842,0.3424666138170448,0.7361030531094479,21,0.8258824666977416,7.312862175140474,11.89112576495543,25.558970210066253,1.8282155437851184,2.9727814412388573,6.389742552516563,28.676291008678984,7.169072752169746,,,
14491,0.21279545835518185,0.18884598965532595,0.9033856110710361,44,1.029970658680816,7.388683905008625,6.557110452812228,31.367355187608517,1.8471709762521562,1.639277613203057,7.841838796902129,35.762641210715294,8.940660302678824,,,
14498,0.17172225329978008,0.1828788603313589,0.8861251448189825,116,1.066899377731032,5.962540079074964,6.349919788425444,30.768037278404712,1.490635019768741,1.587479947106361,7.692009319601178,37.044880193576894,9.261220048394224,,,
14499,-0.000637141887868135,0.0758812881651655,0.636859264904983,120,0.7490257545467067,-0.022122840630557382,2.6347500876708767,22.11302739603082,-0.0055307101576393455,0.6586875219177192,5.528256849007705,26.007672249370753,6.501918062342688,,,
14500,0.010615941585212894,0.017742278798576285,2.3431118637385273,31,2.8963387864687546,0.3686067237217621,0.6160474044441658,81.35753013272915,0.09215168093044053,0.15401185111104146,20.339382533182288,100.5666753437681,25.141668835942024,,,
14510,-0.02864247933935393,-0.02907987087208571,0.39981617201841446,43,0.6098517067869785,-0.9945241676210471,-1.00971127642056,13.882417124823387,-0.24863104190526178,-0.25242781910514,3.470604281205847,21.175270963057468,5.293817740764367,,,
14515,0.08955135056707084,0.03536668964894806,0.6367934748066599,113,0.71761032303916,3.1094019943898337,1.2280021979907747,22.110743032236847,0.7773504985974584,0.3070005494976937,5.527685758059212,24.916865636565714,6.229216409141428,,,
14541,0.22049570625056528,0.24127152644010721,1.022786783822937,45,1.2043473437633896,7.656051912432128,8.377429941053403,35.51320270790002,1.914012978108032,2.094357485263351,8.878300676975005,41.81734847015242,10.454337117538104,,,
14546,0.02060816002897985,0.3515753647307577,0.7414114248921486,20,0.8396430960937936,0.7155565325262384,12.207399814181368,25.743287495105186,0.1788891331315596,3.051849953545342,6.435821873776296,29.154087582568703,7.288521895642176,,,
14549,0.11524079863853369,-0.04281183046046522,1.2179960692306846,24,1.5133296334952258,4.001391010327167,-1.4865123772482733,42.29125951582783,1.0003477525817916,-0.37162809431206834,10.572814878956958,52.54583153422123,13.136457883555307,,,
14557,0.001664481245629506,0.08378587133076204,0.5545159132677806,90,0.6377535726626388,0.05779411781074771,2.9092130243467196,19.253901540483877,0.014448529452686928,0.7273032560866799,4.813475385120969,22.144079549992146,5.536019887498036,,,
14606,0.13192577543951278,0.10013971720739547,0.6375170587607605,41,0.764308251681584,4.580726774810763,3.4770512608751853,22.135867314291126,1.1451816937026909,0.8692628152187963,5.533966828572781,26.53831111488796,6.63457777872199,,,
14612,0.03582383064251455,0.015616929656338622,0.6484091975555455,30,0.7597819341757837,1.2438750475693903,0.5422510315273896,22.514064157523652,0.31096876189234757,0.1355627578818474,5.628516039380913,26.38114831845156,6.59528707961289,,,
14615,-0.022889654238370465,0.027594283601476827,0.902753539216015,95,1.2349411469763212,-0.7947745744646993,0.9581287152104785,31.345408388658473,-0.19869364361617484,0.23953217880261962,7.836352097164618,42.879626505311826,10.719906626327957,,,
14639,0.11212277762617681,0.0424056734017576,0.5920120945640213,94,0.7663201829248106,3.8931270847361112,1.4724097918558274,20.555843947451947,0.9732817711840278,0.36810244796395686,5.138960986862987,26.608169391515275,6.652042347878819,,,
14641,-0.010243648198793793,0.03606260626903499,0.4311699277303936,44,0.5177232087576179,-0.3556799527585181,1.2521658148734331,14.971082230654726,-0.08891998818962953,0.3130414537183583,3.7427705576636816,17.97638525448201,4.494096313620503,,,
14655,0.0011457363454063679,-0.010902185119510662,0.1301720686823653,21,0.17714232109560338,0.03978225738519991,-0.3785456717196492,4.519834568789088,0.009945564346299977,-0.0946364179299123,1.129958642197272,6.150735673081541,1.5376839182703852,,,
14664,-0.002808168708121962,0.010712037644555882,0.12980153628038604,108,0.17034256440758655,-0.09750523388341076,0.37194337109426934,4.506968942727564,-0.02437630847085269,0.09298584277356733,1.126742235681891,5.91463452136022,1.478658630340055,,,
14666,-0.0007901657181966837,0.059298215645014245,0.7680484443575729,101,0.8992959830676117,-0.02743613406722525,2.0589526436261845,26.668178084983648,-0.006859033516806313,0.5147381609065461,6.667044521245912,31.225355124073616,7.806338781018404,,,
14693,0.1281090558429044,0.148072090236988,1.2826159300293916,68,1.8181451257838315,4.448202636977327,5.141359117208697,44.53499032248054,1.1120506592443318,1.2853397793021744,11.133747580620135,63.129635057466196,15.782408764366549,,,
14726,0.20303836670421105,0.23732745894655963,1.0667639599275272,53,1.2714852902446567,7.049898168703616,8.240484029542444,37.0401782166036,1.762474542175904,2.060121007385611,9.2600445541509,44.148512247874976,11.037128061968744,,,
14753,-0.24185234625455035,-0.0425875567470617,1.44352016874818,30,2.1542776295575004,-8.397597166650497,-1.4787251453714765,50.121907299274305,-2.0993992916626243,-0.3696812863428691,12.530476824818576,74.80082785349553,18.700206963373883,,,
14775,0.04786597152882324,0.07349618321047797,0.7032479313760337,99,0.8022187397054169,1.6620022634238008,2.5519344734342164,24.418174673238642,0.4155005658559502,0.6379836183585541,6.1045436683096606,27.854639080051488,6.963659770012872,,,
14804,0.09782030562899674,-0.013667747090938452,0.6867429997886279,27,0.8175510530756077,3.3965166520500247,-0.4745715144915649,23.845090438660737,0.8491291630125062,-0.11864287862289123,5.961272609665184,28.387007664891254,7.096751916222813,,,
14874,0.07281876416798869,0.10134023403160079,0.6651270849725088,57,0.748770303424894,2.5284131294409034,3.518735606045243,23.09454264441545,0.6321032823602258,0.8796839015113107,5.773635661103863,25.99880247551917,6.499700618879793,,,
14880,-0.006670053366639518,-0.005680149972169163,0.25281769415457633,89,0.32554187038519206,-0.23159759299645735,-0.19722616733365766,8.7783359764352,-0.05789939824911434,-0.049306541833414416,2.1945839941088,11.30346482351464,2.82586620587866,,,
14888,0.1634969944448825,0.1827434834888534,0.8485550685004478,90,0.9761262300310536,5.67694264111521,6.345219233699967,29.46352908847255,1.4192356602788025,1.5863048084249918,7.365882272118138,33.89305495913825,8.473263739784562,,,
14899,0.017751435447391373,0.02795537716074238,1.5196839774080337,30,1.9252264413580937,0.6163653416043233,0.970666605775297,52.76646706356175,0.15409133540108083,0.24266665144382424,13.191616765890437,66.84771249683574,16.711928124208935,,,
14904,0.09690588937361137,0.03199260772991768,0.49998773837927213,30,0.5652547582779135,3.3647662908305342,1.1108473255982019,17.360574252005087,0.8411915727076336,0.27771183139955047,4.340143563001272,19.626775716925714,4.906693929231428,,,
14925,0.0020398090863118553,-0.000833572612600355,0.30934076719248443,86,0.3725681779082925,0.07082625109492025,-0.028943308254709525,10.740930118457445,0.01770656277373006,-0.007235827063677381,2.6852325296143613,12.936312273331733,3.2340780683329333,,,
14961,0.16731465374758436,0.07662214601820949,0.527652403025371,76,0.595669034403361,5.809499407423624,2.66047415404427,18.32114673784693,1.452374851855906,0.6651185385110675,4.580286684461733,20.682820212553505,5.170705053138376,,,
14976,0.07218054700677357,0.07174047972379387,0.6696582960607169,48,0.7635697221471013,2.506252953169192,2.4909729369695706,23.251875355820214,0.626563238292298,0.6227432342423926,5.812968838955054,26.51266789239165,6.628166973097913,,,
14981,0.15986681362807617,-0.012865336894354044,0.744190938149074,84,1.072700694241287,5.550895502794061,-0.4467102276457611,25.83979775441215,1.3877238756985153,-0.11167755691144028,6.459949438603037,37.24631350544596,9.31157837636149,,,
15021,-0.11147748473985075,0.044056601110395374,2.3657526419833834,20,2.930166558752406,-3.870721225137098,1.5297333037551482,82.14366323494704,-0.9676803062842745,0.38243332593878704,20.53591580873676,101.74124325300104,25.43531081325026,,,
15035,0.08624846764687107,0.13925318984809482,0.8493395449069808,40,0.9589037534353165,2.9947192936346574,4.835149257905548,29.49076767826019,0.7486798234086643,1.208787314476387,7.372691919565048,33.29505612678106,8.323764031695266,,,
15043,0.12323637864903467,0.07381230463097718,0.6879104238955611,81,0.7490531290744938,4.279013539451782,2.56291084139679,23.885625738501673,1.0697533848629455,0.6407277103491975,5.971406434625418,26.008622747724576,6.502155686931144,,,
15045,0.06340437158470195,-0.00040307998012913517,0.5050877316706759,25,0.6075426358876701,2.2015265901640215,-0.013995743070043832,17.53765621906921,0.5503816475410054,-0.003498935767510958,4.384414054767302,21.095095403291683,5.273773850822921,,,
15062,-0.1476501689775817,0.13427813170886355,0.9538291445418134,26,1.289058794301794,-5.126709167239592,4.66240528919516,33.11885555678085,-1.281677291809898,1.16560132229879,8.279713889195213,44.75869945574689,11.189674863936723,,,
15079,0.06920241581451118,0.0037632697167519305,0.6967190924170943,60,0.7912572599133402,2.4028462819114575,0.13066825110506053,24.191480326906348,0.6007115704778644,0.03266706277626513,6.047870081726587,27.474034578711,6.86850864467775,,,
15080,-0.025444816733859763,0.05643286786632203,0.9382074035122322,23,1.1026124191849096,-0.8834949266330787,1.9594620380544336,32.57643746475173,-0.22087373165826968,0.4898655095136084,8.144109366187932,38.284908418938436,9.571227104734609,,,
15096,0.029374505238648943,0.06941099668666678,0.8901087631718293,65,1.2400081297416004,1.0199415708963686,2.410088626954444,30.90635647485226,0.25498539272409215,0.602522156738611,7.726589118713065,43.05556228088785,10.763890570221962,,,
15109,-0.01069370841543542,0.09270360376488021,0.7250596195238768,26,0.8366529478135116,-0.3713069436007487,3.2188545299241706,25.17552010910805,-0.09282673590018717,0.8047136324810427,6.293880027277012,29.050263653980753,7.262565913495188,,,
15112,0.02919727701642311,0.1476576445504088,0.645441948903251,75,0.7457596119549023,1.0137878525642432,5.126968734079295,22.411035349818683,0.2534469631410608,1.2817421835198237,5.602758837454671,25.89426524629812,6.47356631157453,,,
15124,0.1786242847493853,0.0494310571727389,0.6096404562668806,75,0.7643101402936691,6.202192415068157,1.7163451671518402,21.16793592249863,1.5505481037670392,0.42908629178796004,5.291983980624657,26.538376691276778,6.634594172819194,,,
15130,0.017155468174161824,0.003910555669554583,2.4838744457407573,20,3.089687824456194,0.5956721659432469,0.13578231395827425,86.24508850501059,0.14891804148581173,0.03394557848956856,21.561272126252646,107.28014064076797,26.820035160191992,,,
15161,0.22104561763719452,0.006846478891780431,0.6224623357786244,38,0.7096530367895234,7.675145935598668,0.23772344008040014,21.613137222905397,1.918786483899667,0.059430860020100035,5.403284305726349,24.640572743405833,6.160143185851458,,,
15184,0.07355808480679714,0.13488631781620453,0.7077778251056615,38,0.7799363431134979,2.5540838206616105,4.683522727214254,24.57546164331878,0.6385209551654026,1.1708806818035635,6.143865410829695,27.080949705586875,6.770237426396719,,,
15198,-0.011747235892946028,-0.056248731209693835,1.8693005853083706,69,2.278562771848962,-0.407887524674872,-1.9530684450629894,64.90585492307724,-0.101971881168718,-0.48826711126574734,16.22646373076931,79.11625656413966,19.779064141034915,,,
15201,0.019301367669100542,0.0892482920334543,0.9009092462747339,69,1.1191600168220037,0.670182088206509,3.0988791959856004,31.281370849151312,0.16754552205162726,0.7747197989964001,7.820342712287828,38.859474104093614,9.714868526023404,,,
15231,0.03977940985815361,-0.08254289174943183,0.6654767804240282,21,0.7807717584280728,1.3812206690948097,-2.866054287323772,23.10668476988311,0.3453051672737024,-0.716513571830943,5.776671192470777,27.109956996139545,6.777489249034886,,,
15242,-0.030833120969838375,-0.005254870383532581,0.4504191519393255,63,0.5372830728326671,-1.070587626314728,-0.18245960945701828,15.639453793637262,-0.267646906578682,-0.04561490236425457,3.9098634484093155,18.655542854895867,4.663885713723967,,,
15253,-0.10142933230820686,-0.019246490580824033,0.7185230331399758,23,0.8322557012494411,-3.5218292764055588,-0.6682766459473721,24.94855675668624,-0.8804573191013897,-0.16706916148684303,6.23713918917156,28.897582458783095,7.224395614695774,,,
15281,-0.05997065400219608,0.10140746449052283,0.8821344993696062,61,1.437509476189597,-2.0823010482642523,3.521069982039934,30.62947408711147,-0.5205752620660631,0.8802674955099835,7.657368521777867,49.91320403225519,12.478301008063797,,,
15292,-0.047964710724606854,0.00825461890131199,0.399935559823931,60,0.4811788509903421,-1.6654306857797994,0.28661687749135495,13.886562508206532,-0.41635767144494984,0.07165421937283874,3.471640627051633,16.707492064086658,4.1768730160216645,,,
15293,0.09141761650198532,0.22262375895349448,0.540237353401332,36,0.5749547565322831,3.1742024801819344,7.729942158383236,18.75812138480105,0.7935506200454836,1.932485539595809,4.689530346200263,19.963579056313936,4.990894764078484,,,
15294,0.1019766273022924,0.08784129998357788,0.8941490993558538,24,1.2283935227538278,3.540832453190197,3.0500256180297916,31.046645027833957,0.8852081132975492,0.7625064045074479,7.761661256958489,42.65227989705841,10.663069974264603,,,
15308,0.3013066550498741,0.23129887692469925,0.5646844535969446,33,0.5733701733933853,10.46196967664173,8.031159604579408,19.60697359779311,2.6154924191604323,2.007789901144852,4.901743399448278,19.908559160565122,4.977139790141281,,,
15318,0.033062858784243566,0.0074152221727634545,0.8877762205952462,60,1.1059905150156937,1.1480085827065052,0.2574713442826927,30.825365931508138,0.2870021456766263,0.06436783607067317,7.7063414828770345,38.40220266237492,9.60055066559373,,,
15324,-0.000328254818336299,0.00016268310836856607,0.2801820727624083,27,0.5395722560985073,-0.011397663802272974,0.005648682888773351,9.728481930456342,-0.0028494159505682436,0.0014121707221933378,2.4321204826140854,18.735027876252374,4.683756969063094,,,
15326,0.006619973205003736,-0.03182419726445718,0.6843696667519152,59,0.7734780609330225,0.2298587096241397,-1.1049997774164821,23.762683568960004,0.05746467740603493,-0.27624994435412054,5.940670892240001,26.856705231716408,6.714176307929102,,,
15327,-0.1309096222122173,0.056217711068010774,2.0220052665871755,50,2.555325183471852,-4.545443902452609,1.9519913637034703,70.2080668664399,-1.1363609756131523,0.48799784092586757,17.552016716609977,88.72600102050964,22.18150025512741,,,
15348,0.1497071339768881,0.32874801350128924,0.9757273101685677,22,1.1274290659739987,5.198131105945508,11.414788524791765,33.87920366367301,1.299532776486377,2.8536971311979413,8.469800915918253,39.14659202874918,9.786648007187296,,,
15373,0.1296828824520541,0.0435506502132036,0.7099941548847916,54,0.7827783614057628,4.5028490445002225,1.5121656767028553,24.652417045909733,1.1257122611250556,0.3780414191757138,6.163104261477433,27.1796302647309,6.794907566182725,,,
15388,-0.005365936592760625,-0.0023053490189685823,0.9674413165886345,52,1.1816496853760832,-0.18631605037383445,-0.08004632863662711,33.59149739459057,-0.04657901259345861,-0.020011582159156778,8.397874348647642,41.02924037562836,10.25731009390709,,,
15390,0.058419952423111585,-0.13590009356514235,1.9964984794907812,29,2.6454627377103157,2.0284575880352804,-4.718723048768873,69.32242020487891,0.5071143970088201,-1.1796807621922183,17.330605051219727,91.85575717877758,22.963939294694395,,,
15399,0.14117986045341127,0.15229756732101968,2.132893995381255,20,2.6812498659704707,4.902047114663346,5.2880761325204455,74.05834530762793,1.2255117786658365,1.3220190331301114,18.514586326906983,93.09835784622669,23.274589461556673,,,
15402,0.02190709420567714,0.013135972812207512,0.7441082112083666,50,0.8890463273986187,0.7606581250095217,0.45610724798546926,25.836925309576905,0.19016453125238042,0.11402681199636731,6.459231327394226,30.869466579934837,7.717366644983709,,,
15425,0.22355462388564623,0.08567648295183782,0.6918756950605929,30,0.9197034710332026,7.762263650557409,2.9748588410537127,24.023307883893906,1.9405659126393522,0.7437147102634282,6.005826970973477,31.933943921214862,7.9834859803037155,,,
15445,0.006548597844979371,0.10171432154687181,1.0322912620667397,49,1.2598221592936245,0.22738041437337372,3.531724672750483,35.84321720148134,0.05684510359334343,0.8829311681876207,8.960804300370334,43.74354501499323,10.935886253748308,,,
15463,0.108318295062287,0.16656979293606183,0.8076963342282726,20,0.9179306644554257,3.7610278411527296,5.783636350325939,28.044832117074083,0.9402569602881824,1.4459090875814848,7.011208029268521,31.872388531221294,7.968097132805323,,,
15476,0.20852795556382092,0.007465267693567057,0.6549704893745785,20,0.7628905443206998,7.240507673086991,0.25920902485603536,22.741885332064115,1.8101269182717477,0.06480225621400884,5.685471333016029,26.48908547990334,6.622271369975835,,,
15501,0.08398699768511556,0.03798487099967613,0.645868188077819,45,0.7289864837579941,2.9161965336225824,1.3189106908507546,22.425835226438032,0.7290491334056456,0.32972767271268866,5.606458806609508,25.311868689045074,6.3279671722612685,,,
15512,-0.08541143876289918,0.02328616087157527,1.0225356036662905,42,1.347104874348011,-2.9656559767253854,0.8085420777828366,35.50448123050094,-0.7414139941813463,0.20213551944570915,8.876120307625236,46.77417544711164,11.69354386177791,,,
15520,0.01854589063915076,0.14592112272547247,0.69608922853579,42,0.8471647574753406,0.6439504147725926,5.066673223273855,24.169610193219704,0.16098760369314816,1.2666683058184638,6.042402548304926,29.41525470905878,7.353813677264695,,,
15535,0.146326273655878,0.07137001482156452,1.0823453428060699,42,1.230664659075606,5.080740873879396,2.4781096546343635,37.58119499291236,1.270185218469849,0.6195274136585909,9.39529874822809,42.731138292423196,10.682784573105799,,,
15558,-0.011293542120808258,0.01747660914431696,0.5548910916699706,41,0.7260956049533647,-0.39213436951870434,0.6068228227089735,19.266928484964723,-0.09803359237967608,0.15170570567724337,4.816732121241181,25.21149159519073,6.302872898797682,,,
15561,0.08841929333863022,0.0004952623099470088,0.9836609847568225,40,1.1551900184546804,3.0700947033039183,0.01719649792598004,34.15467671272639,0.7675236758259796,0.00429912448149501,8.538669178181598,40.11050782078341,10.027626955195853,,,
15596,0.05064261120136943,-0.0646374494399806,1.295473383056103,35,1.727470804279124,1.7584127461339494,-2.244341519455006,44.981426806474005,0.43960318653348734,-0.5610853798637515,11.245356701618501,59.981241266179744,14.995310316544936,,,
15615,0.09197598894049407,0.044770522386109374,0.619940752926044,25,0.776690838514369,3.193590287991835,1.5545220782904898,21.5255828230981,0.7983975719979588,0.38863051957262246,5.381395705774525,26.968259294895923,6.742064823723981,,,
15632,-0.014051873626504416,-0.006926495341616601,0.3935506362896377,34,0.4934147645563751,-0.4879091560594863,-0.24050177125161162,13.6648651932488,-0.12197728901487158,-0.060125442812902906,3.4162162983122,17.132347454926457,4.283086863731614,,,
15647,0.25831849694591014,0.02695100940950747,0.9182463328326528,28,1.0779289589640886,8.969334850955892,0.9357929487169184,31.88334916861537,2.242333712738973,0.2339482371792296,7.970837292153843,37.427849313151086,9.356962328287771,,,
15656,0.08521275578504434,0.02194910594760131,0.42761660157342857,35,0.49916777726425465,2.9587573063683097,0.7621168567126128,14.847703639832588,0.7396893265920774,0.1905292141781532,3.711925909958147,17.33210356216945,4.333025890542363,,,
15673,0.2196485239278514,0.04235287863558102,0.4411872376290637,33,0.6461847559666852,7.626636047822856,1.4705766519846444,15.31890326495635,1.906659011955714,0.3676441629961611,3.8297258162390877,22.436827096675245,5.609206774168811,,,
15684,0.22405857467673604,0.009815494392347844,0.5841808337632809,19,0.6747204384283123,7.779761829925629,0.34081359629110186,20.28392690992864,1.9449404574814073,0.08520339907277547,5.07098172748216,23.427643063107862,5.8569107657769655,,,
15720,0.2893338300577119,0.22804791333497898,0.8375212310183102,31,0.9609887587511021,10.046249247263873,7.91827964681714,29.080412183417767,2.5115623118159682,1.979569911704285,7.270103045854442,33.36745168135577,8.341862920338942,,,
15733,0.13459356345583728,0.16458858506762794,0.8292811173456155,30,0.930730633544546,4.673357710313582,5.714844850718178,28.794298956474464,1.1683394275783956,1.4287112126795445,7.198574739118616,32.316829057933724,8.079207264483431,,,
15737,0.030217780974524055,0.096568688093457,0.6633805998149983,29,0.7819060646827849,1.0492217909974242,3.353057987981014,23.033901186776372,0.26230544774935605,0.8382644969952535,5.758475296694093,27.14934237791566,6.787335594478915,,,
15744,0.07810306528030354,0.12358654464072671,0.6805264221724008,28,0.8209514805008553,2.7118946326626996,4.291172003015313,23.6292384306701,0.6779736581656749,1.0727930007538282,5.907309607667525,28.5050773059507,7.126269326487675,,,
15760,0.22628861244039628,0.15360827833109397,0.6514574453450429,25,0.7107793770695666,7.8571932011554395,5.333586640212245,22.61990541727058,1.9642983002888599,1.3333966600530613,5.654976354317645,24.679681530609493,6.169920382652373,,,
15770,0.004078779921325717,-0.017375065587689927,0.6012536160119817,21,0.7135962038862657,0.14162339642827157,-0.6032970273357696,20.87672805516803,0.03540584910706789,-0.1508242568339424,5.2191820137920075,24.777487391338916,6.194371847834729,,,
15774,-0.026999604404695985,0.05625555421599157,0.5623894947291063,22,0.6704930179121185,-0.9374802641398541,1.9533053534876594,19.52728803598403,-0.23437006603496352,0.48832633837191486,4.881822008996007,23.280858567944577,5.820214641986144,,,
15787,0.026295136813530462,-0.026210070549625056,0.6038619005059718,22,0.6970991086904964,0.9130197404394047,-0.9100660696240812,20.967292909368354,0.22825493510985118,-0.2275165174060203,5.241823227342088,24.204675251951418,6.0511688129878545,,,
15794,0.059353695909373984,0.1321890017669137,0.8526159724671226,20,1.0226923483259012,2.0608790293652834,4.589866519350777,29.60453179600343,0.5152197573413209,1.1474666298376943,7.401132949000858,35.50992371857194,8.877480929642985,,,
15799,0.035885728463793974,0.16988196247747092,0.49328926501533626,24,0.5721002406993662,1.2460242637198544,5.8986415011427455,17.127989859862506,0.3115060659299636,1.4746603752856864,4.2819974649656265,19.86446455756339,4.966116139390848,,,
15810,0.02724609054957043,-0.07930971398344527,0.5276643868903983,21,0.5980457185926807,0.9460387560621846,-2.7537918889331867,18.32156284160841,0.23650968901554614,-0.6884479722332967,4.580390710402103,20.765343440975062,5.191335860243766,,,
weighted_mean,0.0429965775915781,0.06660623105527837,0.0792785954717774,164687,0.8798835723670939,1.4929271671347748,2.3127015547013756,2.752711391971055,0.3732317917836937,0.5781753886753439,0.6881778479927637,30.551317399730237,7.637829349932559,4.2002503584680623e-13,1.336701908093989e-23,0.9681692509059064
