particle,mean_vx_px_per_frame,mean_vy_px_per_frame,mean_speed_px_per_frame,n_steps,rms_residual_speed_px_per_frame,mean_vx_px_per_s,mean_vy_px_per_s,mean_speed_px_per_s,mean_vx_um_per_s,mean_vy_um_per_s,mean_speed_um_per_s,rms_residual_speed_px_per_s,rms_residual_speed_um_per_s,D_m2_per_s,k_B_est_J_per_K,k_B_ratio_to_accepted
0,-0.0032771367230269794,-0.07216747439409522,0.3965655011500143,579,0.6241804263939933,-0.11378874129694279,-2.5057990459117745,13.769547330930799,-0.028447185324235697,-0.6264497614779436,3.4423868327326996,21.672792765252236,5.418198191313059,,,
1,-0.00017143421526233382,-0.00041447607449670204,0.39947351259718905,384,0.48631302489371847,-0.0059525388223387555,-0.01439143825867449,13.870519304399599,-0.0014881347055846889,-0.0035978595646686223,3.4676298260998997,16.885760850359695,4.221440212589924,,,
4,0.007555997568605014,0.00620166212146322,0.7095826763507963,276,0.9283000949271277,0.2623593475771033,0.21533411218144594,24.63812968825235,0.06558983689427582,0.053833528045361484,6.159532422063087,32.232435896059734,8.058108974014933,,,
5,-0.00066070020848735,-3.073948996645286e-05,1.1705481716043349,1344,1.4750904820259394,-0.022940832639097766,-0.0010673365706151763,40.64377361444572,-0.005735208159774441,-0.0002668341426537941,10.16094340361143,51.21809171690467,12.804522929226167,,,
6,-0.019400661244128883,-0.5763797410881157,1.0054027951014655,139,1.2019397178294895,-0.6736297597186431,-20.013057370061556,34.90959585151308,-0.16840743992966078,-5.003264342515389,8.72739896287827,41.73375088247553,10.433437720618883,,,
7,0.0006869409292112065,-0.0008708402591688872,0.43285481132391346,212,0.600861252651711,0.023851962944071513,-0.030237315478862103,15.029584758788923,0.005962990736017878,-0.007559328869715526,3.7573961896972308,20.86310441457271,5.215776103643178,,,
8,0.039898648616383176,-0.1391699236967908,0.6469921120126955,49,0.7355034493794403,1.3853608772580566,-4.83225809059997,22.464860113304812,0.34634021931451414,-1.2080645226499924,5.616215028326203,25.538150769352928,6.384537692338232,,,
9,0.015271403762228896,-0.15206585092514716,0.6208843372317004,526,0.7185336843259302,0.5302536814321117,-5.28003047582296,21.558345957359105,0.13256342035802793,-1.32000761895574,5.389586489339776,24.94892658716495,6.237231646791238,,,
10,-0.001666057219239758,0.011640987337019213,2.1540047382814698,122,2.7418419979490483,-0.057848838766442874,0.4041983623159811,74.7913525226092,-0.014462209691610719,0.10104959057899528,18.6978381306523,95.20223785278685,23.800559463196713,,,
11,-0.012599974609563767,0.0808425970756437,0.5618330127752189,33,0.6929674350033812,-0.43749631839327313,2.8070166556605005,19.507965869581152,-0.10937407959831828,0.7017541639151251,4.876991467395288,24.061215278187404,6.015303819546851,,,
12,-0.004386594340936928,0.00024272194875782813,1.1167351568969257,870,1.4667432087441863,-0.15231132870601202,0.008427791504769308,38.77527811777506,-0.038077832176503006,0.002106947876192327,9.693819529443765,50.92825769401564,12.73206442350391,,,
15,0.0033505478454008467,0.004150808585370198,0.48837820112848623,169,0.6610364112200636,0.1163377222880082,0.14412437570122402,16.9574678995833,0.02908443057200205,0.036031093925306006,4.239366974895825,22.95250627038305,5.738126567595763,,,
16,0.03300482240400017,-0.09914498755242919,1.0208261590723895,28,1.1013975950969677,1.1459934435116939,-3.4425122577954466,35.445125895311506,0.28649836087792346,-0.8606280644488616,8.861281473827876,38.242727296956915,9.560681824239229,,,
17,-0.00021070563231747455,5.8373272022768966e-05,0.31052219533522923,1339,0.40170395814447907,-0.007316120965327352,0.002026836751174584,10.78195166642983,-0.001829030241331838,0.000506709187793646,2.6954879166074575,13.947964834692602,3.4869912086731505,,,
18,-0.21947642543860088,-0.09544468994398644,1.1086087941395086,19,1.4418007983175831,-7.6206604440791,-3.3140305242350974,38.49311455011202,-1.905165111019775,-0.8285076310587743,9.623278637528005,50.06220731918312,12.51555182979578,,,
19,0.14199772984321377,-0.0560084183608128,0.6276639800138023,26,0.808134741172188,4.930445175616069,-1.944724302324142,21.793748714039243,1.2326112939040172,-0.4861810755810355,5.448437178509811,28.06005448298071,7.015013620745178,,,
20,0.0022667752382134906,0.0004965810551176247,0.4316401040526901,1309,0.5470344200992507,0.07870696982124882,0.017242287395794167,14.987407692917506,0.019676742455312205,0.004310571848948542,3.7468519232293764,18.994129134686183,4.748532283671546,,,
21,-0.03637230860114076,-0.2547055854603908,0.6750251366028717,299,0.7700968439815942,-1.2629192992488096,-8.843887338355689,23.43822279312491,-0.3157298248122024,-2.210971834588922,5.859555698281228,26.739302616728914,6.684825654182228,,,
22,0.00034805023287684967,5.3578424641154306e-05,0.3249487567445231,1343,0.411710288391823,0.012085000185949974,0.0018603500603901599,11.282870731683332,0.0030212500464874936,0.00046508751509753997,2.820717682920833,14.295404633540878,3.5738511583852195,,,
23,0.06329324767967819,-0.00622786904278314,0.3046680320932085,20,0.39650107553894737,2.197668145933786,-0.21624406890351622,10.578683410340386,0.5494170364834465,-0.054061017225879054,2.6446708525850964,13.767310344863331,3.4418275862158327,,,
24,0.034165216809226656,-0.11647596070443064,1.0113770026164541,116,1.3301446385016176,1.186284658049968,-4.044278307579241,35.11703228484852,0.296571164512492,-1.0110695768948101,8.77925807121213,46.18528213805317,11.546320534513292,,,
26,0.000228902222173945,-0.00033852691121591,0.6395672810650024,1344,0.8444234636345102,0.007947942958323718,-0.011754331411238828,22.207055133139015,0.0019869857395809296,-0.002938582852809707,5.551763783284754,29.32007150431746,7.330017876079365,,,
27,4.41881143114894e-05,-8.903710381687125e-05,0.20611170767322284,1344,0.27165094138400636,0.0015342997051235351,-0.0030915463187294037,7.156610713829644,0.0003835749262808838,-0.0007728865796823509,1.789152678457411,9.43226398673547,2.3580659966838673,,,
28,-0.06386427568565409,-0.44032122451632816,0.8212373641240468,20,0.9158402327401403,-2.217495380357281,-15.288833557655947,28.515003757115153,-0.5543738450893203,-3.8222083894139867,7.128750939278788,31.79980456120315,7.949951140300787,,,
30,-0.11322539658842429,-0.13359453123024226,0.628126865005195,58,0.7182210346327662,-3.9314122203432684,-4.638669313376472,21.809821006710383,-0.9828530550858171,-1.159667328344118,5.452455251677596,24.93807076451891,6.234517691129727,,,
31,0.001241322289022719,-0.3531916798636337,0.8227057221472046,1000,0.937129871074236,0.04310119251944685,-12.26352150822509,28.56598808439524,0.010775298129861713,-3.0658803770562724,7.14149702109881,32.53902338343962,8.134755845859905,,,
32,0.00029305182967322087,-4.759449257151831e-05,0.4026308081209126,1165,0.4873876386573836,0.010175345629913575,-0.0016525759710682587,13.980146919574329,0.0025438364074783937,-0.00041314399276706467,3.4950367298935823,16.923073589461673,4.230768397365418,,,
33,0.021701671806886414,-0.0065376231551685276,1.5514247419386074,150,1.9113404037078943,0.7535254484787101,-0.22699935119376163,53.86856988959233,0.18838136211967751,-0.05674983779844041,13.467142472398082,66.36556149754551,16.59139037438638,,,
34,0.0008124960296071011,0.00021821412183503324,0.3442571629868943,314,0.4260058398142577,0.028211487140017765,0.0075768307383560244,11.953297213230945,0.007052871785004441,0.0018942076845890061,2.9883243033077362,14.791774770030656,3.697943692507664,,,
35,0.08958182700371912,-0.03747720263886236,2.163031264135714,69,2.716195327127616,3.1104601972231354,-1.301283430026579,75.10477155332026,0.7776150493057838,-0.32532085750664474,18.776192888330066,94.31173414852509,23.577933537131273,,,
37,0.04367616706220598,-0.25167272212763986,0.7647348725976253,115,0.8975735513561511,1.516523872733916,-8.738580257715912,26.553124246334747,0.379130968183479,-2.184645064428978,6.638281061583687,31.16554885018828,7.79138721254707,,,
40,-0.12358439696186566,-0.29440562817521465,0.9334733341350562,60,1.123691821949415,-4.2910974313098995,-10.222352221499804,32.412061107837424,-1.0727743578274749,-2.555588055374951,8.103015276959356,39.016827441727585,9.754206860431896,,,
41,-0.0027902689705535527,0.0002549326764490216,1.3824413923890964,658,1.7931668823755151,-0.09688371919556046,0.008851772391662929,48.001130026534206,-0.024220929798890116,0.002212943097915732,12.000282506633551,62.262340489842636,15.565585122460659,,,
45,-2.1029848005871916e-06,-0.00013900213530559463,0.16986743519756892,1061,0.23246446992350736,-7.301983824598846e-05,-0.004826432142080857,5.898137084929989,-1.8254959561497116e-05,-0.0012066080355202142,1.4745342712324971,8.071631324684024,2.017907831171006,,,
48,-0.034912498767190776,0.053296152053766206,0.5844414869669733,59,0.8854914653194129,-1.2122317821943982,1.8505489916108704,20.292977310467247,-0.30305794554859955,0.4626372479027176,5.073244327616812,30.746034658820655,7.686508664705164,,,
52,-0.005928359657621679,-0.0030749946124193216,0.6784953661579114,33,0.8918154197923542,-0.20584450403193993,-0.10676996293242369,23.558716103735,-0.051461126007984984,-0.026692490733105922,5.88967902593375,30.965615006030124,7.741403751507531,,,
55,-0.05767052381453698,-0.03592972716549617,1.8462305454380876,31,2.249453333541269,-2.002435927888353,-1.247551986640358,64.10481699870128,-0.5006089819720883,-0.3118879966600895,16.02620424967532,78.10551864721995,19.526379661804988,,,
56,0.06950674315495083,-0.3837290832396697,0.8012402561587861,27,0.8400782325596624,2.4134131358262025,-13.323841228247812,27.820664174345374,0.6033532839565506,-3.330960307061953,6.955166043586344,29.169196390936598,7.2922990977341495,,,
64,-0.025697781043302458,0.013393322089543304,1.506432991462422,124,2.0058408604219986,-0.892278353385548,0.4650429295931226,52.306366329558216,-0.223069588346387,0.11626073239828065,13.076591582389554,69.64680635557264,17.41170158889316,,,
65,-0.09642309636906828,-0.18478366852630917,0.5860236753776372,53,0.6384027117111103,-3.348002752126789,-6.416058538570508,20.34791405646232,-0.8370006880316972,-1.604014634642627,5.08697851411558,22.166618956033172,5.541654739008293,,,
69,0.0016496384169558636,-0.3942798288601836,0.7605217707306116,87,0.8454975835453556,0.0572787451135415,-13.690184217683296,26.406836923308294,0.014319686278385375,-3.422546054420824,6.6017092308270735,29.35736709586184,7.33934177396546,,,
72,0.028298151214128087,-0.0013711109961377587,0.32318564683019124,20,0.3877236681282737,0.9825684064569555,-0.04760771600789526,11.221652029237902,0.24564210161423888,-0.011901929001973816,2.8054130073094754,13.46254120474992,3.36563530118748,,,
73,-0.0017124245727220735,-0.0016837291848185532,0.37897981930026264,1343,0.4759677834073473,-0.059458806014055836,-0.05846244475526981,13.15893728574372,-0.014864701503513959,-0.014615611188817452,3.28973432143593,16.526553375469913,4.131638343867478,,,
74,-0.05796742563976733,-0.06484784021981685,0.6164531228220721,62,0.7543405638239717,-2.0127449530640016,-2.2516467081124807,21.40448533062799,-0.5031862382660004,-0.5629116770281202,5.351121332656997,26.192213057095948,6.548053264273987,,,
75,0.021771043043445976,-0.00504803771851555,0.6448420424482318,31,0.8877865768862299,0.7559341565545312,-0.17527796566229695,22.390205397887506,0.1889835391386328,-0.04381949141557424,5.5975513494718765,30.825725522643676,7.706431380660919,,,
80,-0.010989556733403561,0.0045027427657188925,0.2919145717117288,20,0.3627060449082422,-0.38157938889723847,0.15634423431129138,10.135857758974648,-0.09539484722430962,0.039086058577822845,2.533964439743662,12.593879291303987,3.1484698228259966,,,
81,-0.027525634730279615,-0.10565033571861171,0.8779481270161678,23,1.051733689374906,-0.9557450891047689,-3.6683909568216357,30.48411486625538,-0.2389362722761922,-0.9170977392054089,7.621028716563845,36.51829716247549,9.129574290618873,,,
83,0.0601180679736716,-0.1813563001024758,0.7826589616907835,59,0.8865289075501646,2.087419556181825,-6.297053452158165,27.17548446782739,0.5218548890454563,-1.5742633630395413,6.793871116956847,30.782056727956814,7.6955141819892035,,,
84,-0.00642951980751879,0.0014633601017516838,0.34472995123263195,226,0.42546753629504225,-0.22324578675666745,0.05081078945302197,11.969713366699446,-0.05581144668916686,0.012702697363255492,2.9924283416748616,14.773083795236458,3.6932709488091144,,,
86,0.003488627191899917,-0.0005265709703102013,0.3424560079817923,84,0.4669531013983839,0.12113211335714894,-0.01828359723111081,11.890757509143793,0.030283028339287234,-0.004570899307777702,2.972689377285948,16.213545586754687,4.053386396688672,,,
90,-3.9895009186927786e-05,0.00011424218131833321,0.10346806452743842,1344,0.1502495833918438,-0.0013852345089885067,0.003966717019735166,3.592618136521717,-0.00034630862724712667,0.0009916792549337914,0.8981545341304292,5.216966034531601,1.3042415086329002,,,
91,0.02481384469255492,0.058935305156313275,2.0171656026827702,41,2.452798591849385,0.8615863154148921,2.0463516656375096,70.04002405635116,0.21539657885372301,0.5115879164093774,17.51000601408779,85.16607270619436,21.29151817654859,,,
92,-0.01147747644941115,-0.023309232190828942,0.5355259561753654,179,0.6249416724311396,-0.39852093727645393,-0.8093431601299625,18.594532250321038,-0.09963023431911348,-0.20233579003249064,4.648633062580259,21.69922475015403,5.424806187538508,,,
93,0.012848145564414378,-0.08654998855340036,0.5099643367517382,702,0.683675704869306,0.44611331028759604,-3.0051887025511674,17.706981700693856,0.11152832757189901,-0.7512971756377919,4.426745425173464,23.73858782447204,5.93464695611801,,,
94,0.026608255503001072,-0.20372443558756315,0.7730582098912954,146,0.902999359979301,0.9238918475752033,-7.073719852471368,26.842127163845557,0.23097296189380082,-1.768429963117842,6.710531790961389,31.35394377720129,7.838485944300323,,,
95,0.055637090095115124,-0.4797000397731452,0.7814623965704944,360,0.9076200544433937,1.9318310422825875,-16.656144781003146,27.13393733372071,0.4829577605706469,-4.1640361952507865,6.783484333430177,31.514383530383515,7.878595882595879,,,
96,6.678429461712927e-05,-1.9676716517818838e-05,0.096519859101904,1344,0.1445533132123362,0.0023188842776959624,-0.0006832149509317057,3.351362547736311,0.0005797210694239906,-0.00017080373773292642,0.8378406369340777,5.019180141358738,1.2547950353396844,,,
97,5.0240368390963575e-05,0.0003895639876803715,0.27665807413320703,1344,0.3490987235712493,0.0017444460712710372,0.01352644078023786,9.606121650053215,0.0004361115178177593,0.003381610195059465,2.4015304125133037,12.12140587984092,3.03035146996023,,,
98,-0.010570056145664123,0.006756734110763472,1.0269339996501763,296,1.382948459301927,-0.36701348948974966,0.23460732179392926,35.65720233585342,-0.09175337237243741,0.058651830448482316,8.914300583963355,48.01873640388151,12.004684100970378,,,
99,-0.027510039073846308,-0.00956559951177472,0.27250317473298397,349,0.5217865881752499,-0.9552035767220916,-0.3321367462478419,9.46185523307867,-0.2388008941805229,-0.08303418656196047,2.3654638082696673,18.11747391462103,4.5293684786552575,,,
100,0.00059151301265408,0.000447501956724748,0.5336145562078656,1344,0.6975570191083,0.020538514825374967,0.0155381629413967,18.52816462064951,0.005134628706343742,0.003884540735349175,4.632041155162377,24.220574817478393,6.055143704369598,,,
101,0.2500464208042207,-0.38824316507035,1.9839149430459886,55,2.7009835870760184,8.682111823164151,-13.480579177572693,68.88549465244282,2.1705279557910377,-3.3701447943931733,17.221373663110704,93.78355211045351,23.44588802761338,,,
102,-0.03175502197081178,-0.1066638959772031,0.44515988286409985,26,0.526401958070356,-1.1025978728705266,-3.7035837961204465,15.456841452807275,-0.27564946821763164,-0.9258959490301116,3.8642103632018188,18.2777287881189,4.569432197029725,,,
104,0.0014864721229410605,-0.006678129264420918,0.15492905539371066,199,0.23228296750254426,0.05161328505275951,-0.23187800431922312,5.379446661380421,0.012903321263189877,-0.05796950107980578,1.3448616653451053,8.065329197623342,2.0163322994058355,,,
105,5.0054046419653574e-05,0.0001852447511263333,0.7852352097781915,447,1.054268421281729,0.0017379765997832114,0.006432068248608545,27.264936953918365,0.00043449414994580285,0.0016080170621521363,6.816234238479591,36.6063081237442,9.15157703093605,,,
106,0.025087175161871755,-0.10435698278852712,1.1523133272583277,96,1.6575137628907841,0.8710768959705111,-3.6234831563832386,40.01062334906366,0.21776922399262777,-0.9058707890958096,10.002655837265914,57.55219287509381,14.388048218773452,,,
107,-0.04108127628196045,-0.33743298574516195,0.8580963960691221,304,0.9999419411910028,-1.4264240750622308,-11.716348131043514,29.79482306431206,-0.3566060187655577,-2.9290870327608785,7.448705766078015,34.719984082034,8.6799960205085,,,
108,-0.0008357367774147046,0.0005785116692518928,0.8319003169234662,961,1.1033171253460163,-0.029018452385393374,0.020087082179764223,28.885242804216595,-0.007254613096348343,0.005021770544941056,7.221310701054149,38.30937722626438,9.577344306566095,,,
109,0.0006996682322210642,9.844276670607014e-05,0.7505822481535989,969,1.3028119239589808,0.02429388035917979,0.0034181297455681673,26.06171682038926,0.006073470089794948,0.0008545324363920418,6.515429205097315,45.236235623703735,11.309058905925934,,,
110,-0.023902081109865626,-0.0041236229096713655,0.856586705248421,287,1.1666688347706606,-0.8299280602967543,-0.14318043466960917,29.742403579635674,-0.20748201507418856,-0.03579510866740229,7.4356008949089185,40.50907528090688,10.12726882022672,,,
111,-3.5536127650708803e-06,1.7951402767608536e-05,0.3656676741779015,439,0.46252687180978075,-0.0001233885424287911,0.0006233086068969037,12.696712982805098,-3.084713560719778e-05,0.0001558271517242259,3.1741782457012744,16.059858042979208,4.014964510744802,,,
112,-3.6304961115491655e-06,2.5111478528741383e-06,0.14437627181045495,1344,0.2602457553648242,-0.00012605808598521013,8.719207574749583e-05,5.013032909802617,-3.151452149630253e-05,2.1798018936873957e-05,1.2532582274506543,9.036253117777425,2.2590632794443564,,,
114,0.06568094210874359,0.010888937510222223,1.0491154469117272,73,1.397827117181222,2.280573671899795,0.37808568822993605,36.427386547668995,0.5701434179749487,0.09452142205748401,9.106846636917249,48.53535316276639,12.133838290691598,,,
116,5.0978495737060335e-05,-8.153812893475445e-05,0.07274020898695899,1344,0.12513868841608125,0.001770075328982209,-0.002831166912872544,2.5256855364451902,0.00044251883224555224,-0.000707791728218136,0.6314213841112976,4.345065539183174,1.0862663847957934,,,
118,7.095430730289961e-07,-0.18519284246672912,0.6781126678976666,364,0.8529067009526873,2.4636754581712804e-05,-6.430265876129769,23.54542805474278,6.159188645428201e-06,-1.6075664690324423,5.886357013685695,29.61462647047921,7.403656617619802,,,
119,0.007165734082172389,-0.11470506181268679,0.5145158137249423,907,0.5999836891846436,0.24880861880118968,-3.982789156260111,17.865018084157445,0.06220215470029742,-0.9956972890650277,4.466254521039361,20.832633655869195,5.208158413967299,,,
120,-0.025993765060965214,-0.14033933546071078,0.522249490139586,188,0.6418826962975136,-0.9025555104468342,-4.8728624058668,18.133546796626707,-0.22563887761170856,-1.2182156014667,4.533386699156677,22.28745098084227,5.571862745210567,,,
121,-0.004571526905266686,-0.05368517634412822,0.38219782969866667,103,0.5038999910799687,-0.15873255720466986,-1.8640566930208202,13.270673042797105,-0.039683139301167465,-0.46601417325520506,3.3176682606992762,17.496415490278675,4.374103872569669,,,
122,0.001407219373485885,-0.017004955133901836,0.11749366484463208,611,0.29119781611103346,0.048861471086176896,-0.5904460521593395,4.079615030735315,0.012215367771544224,-0.14761151303983489,1.0199037576838288,10.110970571007304,2.527742642751826,,,
123,0.013809310161440679,-0.09292974562478613,0.4730438322919838,354,0.6784937872580362,0.47948686742554325,-3.226706627583824,16.425027944842263,0.11987171685638581,-0.806676656895956,4.106256986210566,23.558661281173535,5.889665320293384,,,
124,-0.03299989750526476,-0.17741940378745824,0.6734131278042621,212,0.8139922550046406,-1.145822441177803,-6.160356538308125,23.38225062361959,-0.28645561029445077,-1.5400891345770313,5.845562655904898,28.26343907827113,7.0658597695677825,,,
126,0.003468348686665608,-0.3657976431173665,0.78819300971836,165,0.9164910514201426,0.12042800309840325,-12.701225764321201,27.367637683440897,0.030107000774600812,-3.1753064410803002,6.841909420860224,31.822402287410195,7.955600571852549,,,
130,0.0926967263317627,-0.28878771102432915,0.9776595421485298,23,1.4391219329920752,3.2186157316914645,-10.027286902186757,33.946294622481254,0.8046539329228661,-2.5068217255466894,8.486573655620314,49.96919175735084,12.49229793933771,,,
131,0.006180250747003354,-0.005305639262960332,0.5998374734853377,1118,0.8249100521916498,0.21459066643745048,-0.18422240648850866,20.827556754357897,0.05364766660936262,-0.046055601622127164,5.206889188589474,28.642526832198467,7.160631708049617,,,
132,0.02174640367981509,-0.22409206173950844,0.7131534920843235,151,0.8473262529010589,0.7550786285705396,-7.780924567719212,24.762115552151883,0.1887696571426349,-1.945231141929803,6.190528888037971,29.42086215323057,7.355215538307642,,,
133,-0.18158264332879254,0.0005401250742536268,0.7011087386645422,21,0.7944365179659806,-6.304912541662334,0.01875422282823443,24.343897623910234,-1.5762281354155836,0.0046885557070586075,6.0859744059775585,27.584424776814778,6.8961061942036945,,,
134,0.025254373339457903,-0.13196187488881206,0.812784733673993,256,1.1664887816373384,0.8768823510926573,-4.581980219889332,28.221511522628383,0.21922058777316433,-1.145495054972333,7.055377880657096,40.50282347601166,10.125705869002916,,,
135,-0.00028610502793999357,0.00028453169343603573,0.09591885620013797,568,0.17556767470153165,-0.009934138780132457,0.009879509459486032,3.330494524981191,-0.0024835346950331143,0.002469877364871508,0.8326236312452977,6.096060800986582,1.5240152002466456,,,
136,-0.0030893292043965774,-0.07613461047426144,0.5325441946024042,1342,0.6182286318001862,-0.10726768863505796,-2.6435459448873058,18.49099952498468,-0.02681692215876449,-0.6608864862218264,4.62274988124617,21.466134553366064,5.366533638341516,,,
137,-0.0005605506028420614,8.447090423248585e-05,0.2877795689626335,194,0.38165139067634374,-0.019463438031882056,0.002932998736760374,9.99228219352056,-0.004865859507970514,0.0007332496841900935,2.49807054838014,13.251699587064008,3.312924896766002,,,
138,-5.1454519592653014e-05,-2.219601836539993e-05,0.3650229390741124,1344,0.5233779839282421,-0.001786603829296098,-0.0007706901496834164,12.67432649053133,-0.0004466509573240245,-0.0001926725374208541,3.1685816226328325,18.17273035795642,4.543182589489105,,,
139,0.061213107884148306,-0.025294810469300297,0.4028971637069439,116,0.5517790794319724,2.1254415319533977,-0.878286409115045,13.989395318232507,0.5313603829883494,-0.21957160227876124,3.4973488295581268,19.158873196036946,4.789718299009237,,,
140,-0.0016852025557086406,0.025584251780142512,0.2576396964123437,29,0.3358427886339895,-0.05851360313931542,0.8883363903101084,8.945765538829399,-0.014628400784828854,0.2220840975775271,2.2364413847073497,11.661133306949383,2.9152833267373457,,,
141,0.008689070112081912,-0.5051757930509245,0.9465412721617528,189,1.0899337773972602,0.30170189243170814,-17.5407138863142,32.86580605200038,0.07542547310792704,-4.38517847157855,8.216451513000095,37.84468061878767,9.461170154696918,,,
142,0.008084312647957954,-0.3772870014324111,0.8190649327852265,118,0.9448324146679552,0.2807035037623961,-13.10015926373618,28.439572596168635,0.07017587594059903,-3.275039815934045,7.109893149042159,32.806471102100744,8.201617775525186,,,
143,-1.2417963802812709e-05,-0.0006976205640104435,0.8300785260453901,1344,1.2074201504197586,-0.0004311765391612629,-0.024222781223570623,28.821986581348035,-0.00010779413479031573,-0.006055695305892656,7.205496645337009,41.92404246287486,10.481010615718715,,,
144,-0.11456599957940863,-0.20941637467151542,1.2269259489866895,43,1.4895156183550218,-3.977960637396227,-7.271355361344359,42.601322800715835,-0.9944901593490567,-1.8178388403360897,10.650330700178959,51.71896130052307,12.929740325130767,,,
146,-0.0027930282377638034,-0.16203500754572478,0.8175553723584006,249,1.0073922090857934,-0.09697952647163478,-5.626179532002656,28.387157639028388,-0.024244881617908696,-1.406544883000664,7.096789409757097,34.97867228387692,8.74466807096923,,,
147,0.005127887637200956,-0.5445667495185466,0.9505442129200353,264,1.0432914823878694,0.17805051453889162,-18.908446676782976,33.004796161009466,0.044512628634722905,-4.727111669195744,8.251199040252367,36.225166851471606,9.056291712867901,,,
148,0.0006192759788870709,0.0005926957044190411,1.1045825644873604,761,1.4596471808036857,0.021502500538916877,0.020579580248837943,38.353315804130126,0.005375625134729219,0.005144895062209486,9.588328951032532,50.68186941186558,12.670467352966394,,,
149,0.0470115849797096,-0.3238749392112857,0.9389692082853983,79,1.1206580765385756,1.6323362536654769,-11.245585639294262,32.6028888500856,0.4080840634163692,-2.8113964098235655,8.1507222125214,38.911489733572424,9.727872433393106,,,
150,-0.027901188047342793,-0.4809602647663424,0.8761992443630626,177,0.9900592997127161,-0.9687850513798365,-16.699902313216942,30.42339016277426,-0.24219626284495913,-4.1749755783042355,7.605847540693565,34.37683900462493,8.594209751156232,,,
151,9.99430912412571e-06,0.00010061655337345599,0.19507991073622893,1344,0.24045159231516944,0.0003470224014078929,0.0034936079662331388,6.773564660583341,8.675560035197323e-05,0.0008734019915582847,1.6933911651458353,8.348960188367313,2.087240047091828,,,
153,-0.00012366591575153592,0.00025762288778716366,0.5596638226105741,1343,0.7316964968768072,-0.004293927926724831,0.008945181909745897,19.432647248684354,-0.0010734819816812077,0.002236295477436474,4.858161812171089,25.4059657645565,6.351491441139125,,,
154,0.060698713770017676,-0.4484259593151638,1.0216302060334606,128,1.1985748531666078,2.107580739522554,-15.570246159341119,35.47304401389382,0.5268951848806385,-3.8925615398352797,8.868261003473455,41.61691605165096,10.40422901291274,,,
155,0.08254674358322098,-0.171906022070326,0.6295300061002571,73,0.7460961851508525,2.8661880306965988,-5.968920898325859,21.85854087181313,0.7165470076741497,-1.4922302245814647,5.464635217953282,25.905951740807904,6.476487935201976,,,
156,-9.134427487610166e-05,0.0001550773302488189,0.3738179990567483,1051,0.4938696575089985,-0.0031716559122480018,0.00538459506089949,12.979708563248414,-0.0007929139780620004,0.0013461487652248725,3.2449271408121034,17.148142248027447,4.287035562006862,,,
157,0.03673466526638549,-0.07337211499602951,0.7705425752354593,55,0.9987158969793528,1.275501047379437,-2.547626576892137,26.75477929732562,0.31887526184485926,-0.6369066442230342,6.688694824331405,34.67741337491709,8.669353343729272,,,
158,-0.0005825245705226155,-0.0006452541765694283,0.588608918765254,1344,0.8726863923392132,-0.020226418137686258,-0.02240451551884369,20.43767887736715,-0.005056604534421564,-0.0056011288797109225,5.109419719341788,30.30141691480216,7.57535422870054,,,
160,-0.009258271107587021,-0.339099894759298,0.8205948098187497,269,0.919986070687247,-0.32146568939763653,-11.774226545832347,28.492692986526627,-0.08036642234940913,-2.9435566364580867,7.123173246631657,31.943756346402594,7.9859390866006486,,,
163,0.015448001291984249,-0.2735021364434346,0.5936199670333965,80,0.6598473917030964,0.5363855008602771,-9.496541181588936,20.611672495333593,0.13409637521506929,-2.374135295397234,5.152918123833398,22.911221134714914,5.7278052836787285,,,
164,-0.011483894995392928,-0.008331399258293503,0.8367748711834525,204,1.0377879941659012,-0.39874380203003323,-0.289282845046467,29.05449707723184,-0.09968595050750831,-0.07232071126161675,7.26362426930796,36.03407473342842,9.008518683357105,,,
165,-0.0158252098866584,-0.11943028711905203,1.1874024181903369,77,1.7213807268781038,-0.5494829376845529,-4.146858429347724,41.22898676440488,-0.13737073442113823,-1.036714607336931,10.30724669110122,59.769781598661524,14.942445399665381,,,
166,0.0016248713666636209,0.0032611484061378956,0.20932913458683844,140,0.27044571464193734,0.05641878359329425,0.11323359495792001,7.268326211124204,0.014104695898323562,0.028308398739480004,1.817081552781051,9.39041610379735,2.3476040259493374,,,
168,0.0007077491020027083,-0.011727396344517237,0.6692452668338653,185,0.836543621706725,0.02457446431973804,-0.4071986558743275,23.237534155005473,0.00614361607993451,-0.10179966396858188,5.809383538751368,29.046467632900907,7.261616908225227,,,
169,0.005539708823113004,-0.00454078301578909,0.3107698784745183,186,0.4569992913052733,0.19234976975612972,-0.1576650678742288,10.790551720392225,0.04808744243903243,-0.0394162669685572,2.697637930098056,15.867929392701699,3.9669823481754247,,,
170,-0.006424796226716514,0.015675131293717618,0.8507374324771634,85,1.138735707907182,-0.2230817745840508,0.5442719087804632,29.53930513047207,-0.0557704436460127,0.1360679771951158,7.384826282618017,39.539181249953174,9.884795312488293,,,
171,-0.0008144029593453255,-0.06863359335569896,0.8817709110782466,108,1.473685841822684,-0.028277699554388393,-2.3830956284965796,30.61684957445888,-0.007069424888597098,-0.5957739071241449,7.65421239361472,51.16931979976723,12.792329949941807,,,
172,-0.21150028412134012,0.0867017537840032,0.6340212196231766,24,0.7395454182276513,-7.343712865261172,3.010458294888159,22.01448478775594,-1.835928216315293,0.7526145737220398,5.503621196938985,25.67849601170051,6.4196240029251275,,,
173,-0.027906792679352588,-0.11914712193361608,0.6062648073822375,399,0.7012751564061284,-0.9689796554124805,-4.1370263677790176,21.05072664192605,-0.24224491385312014,-1.0342565919447544,5.262681660481513,24.34967598073359,6.0874189951833975,,,
175,-0.025556517184251486,-0.4485061768510552,0.877295536094612,135,1.0439601882183744,-0.8873733896715802,-15.57303147262234,30.461455604277116,-0.22184334741789505,-3.893257868155585,7.615363901069279,36.2483856553184,9.0620964138296,,,
176,0.004020428980220801,-0.007037587874399429,0.9033198874404474,133,1.4738333611876107,0.13959733505122665,-0.244359126174897,31.365073131707216,0.03489933376280666,-0.06108978154372425,7.841268282926804,51.17444196715622,12.793610491789055,,,
177,0.03957043185421734,0.007088993675568866,0.9533018198773353,47,1.253638092452006,1.3739645348421345,0.24614403840310217,33.10054578978084,0.34349113371053364,0.06153600960077554,8.27513644744521,43.528821846118554,10.882205461529638,,,
178,0.006388090725220301,0.0041060326330734235,0.32738616771582485,155,0.3942375882800212,0.22180728616109932,0.14256966508557542,11.367502515428871,0.05545182154027483,0.035642416271393855,2.841875628857218,13.688717540258896,3.422179385064724,,,
179,0.0014878800735121864,0.0014753222824792568,1.288177438475676,1220,1.6680143471834417,0.05166217191249014,0.05122614029224476,44.72809701875242,0.012915542978122535,0.01280653507306119,11.182024254688105,57.916794162903464,14.479198540725866,,,
180,0.00016920837512352755,-8.99795682162194e-05,0.5321680000132913,1344,0.6949789227545291,0.005875253201039124,-0.0031242705676035702,18.4779372964615,0.001468813300259781,-0.0007810676419008926,4.619484324115375,24.131058155882762,6.0327645389706905,,,
181,0.272265403639632,0.21149090673623924,1.3752177236598715,26,1.7835214017449046,9.453599345175302,7.343387263695699,47.75030980091806,2.3633998362938256,1.8358468159239247,11.937577450229515,61.92743011138658,15.481857527846644,,,
182,-0.025903809058572085,-0.24772064707652505,0.724151809824682,21,0.7977216879112659,-0.89943205813174,-8.601356307791104,25.143999140732607,-0.224858014532935,-2.150339076947776,6.285999785183152,27.698492447654974,6.924623111913744,,,
190,-0.013271403322017912,-0.28779063702516794,1.1457044299060386,28,1.3844464114609825,-0.46080966614710595,-9.992666498787882,39.78114921519747,-0.11520241653677649,-2.4981666246969705,9.945287303799368,48.070748298748235,12.017687074687059,,,
210,0.021968123884598255,-0.2617984663470054,0.5097698003375664,20,0.6250981323438318,0.7627771975210207,-9.090166348500722,17.70022700732098,0.19069429938025517,-2.2725415871251804,4.425056751830245,21.70465735124253,5.426164337810633,,,
219,0.016383184164425302,0.0033585029977967196,0.8507601849762939,24,1.2160164904716584,0.5688569205571754,0.1166139410894977,29.54009514274688,0.14221423013929385,0.029153485272374425,7.38502378568672,42.22252458215692,10.55563114553923,,,
222,-0.017212956906933283,-0.0006397342779596979,0.14668467575176142,28,0.19469525481011538,-0.5976682897225375,-0.022212853599316632,5.09318531145266,-0.14941707243063437,-0.005553213399829158,1.273296327863165,6.760208637516826,1.6900521593792066,,,
224,0.011143590458418982,-0.3379829969898895,0.7142335601156589,63,0.8429767242195975,0.3869277478972239,-11.735445621482944,24.79961767433591,0.09673193697430597,-2.933861405370736,6.199904418583977,29.269837818352865,7.317459454588216,,,
234,0.0656926523679171,-0.0947445459056163,0.98388416385359,70,1.187615972275294,2.2809802755188175,-3.2897201229348094,34.16242593732435,0.5702450688797044,-0.8224300307337024,8.540606484331088,41.23640178934276,10.30910044733569,,,
240,0.13008910776216337,-0.2284503361808527,0.8153521892045268,67,1.0773355716780513,4.5169539997178365,-7.932252572871568,28.31065871355958,1.1292384999294591,-1.983063143217892,7.077664678389895,37.407245719805296,9.351811429951324,,,
245,-0.01573074647123239,-0.2510024226185794,1.0938892720876956,178,1.4060526900569663,-0.5462029789741311,-8.715306118162315,37.98202330542897,-0.13655074474353276,-2.178826529540579,9.495505826357242,48.820961504157985,12.205240376039496,,,
254,-0.042133418993211595,-0.3359259792171075,0.652076467890132,22,0.6623268927775571,-1.462956574282293,-11.664021850376406,22.641399118081164,-0.36573914357057324,-2.9160054625941014,5.660349779520291,22.997314371022338,5.749328592755584,,,
256,0.051340453113943946,-0.09690872249878964,0.9752738891377281,59,1.1769829088630601,1.7826432130223617,-3.364864662602974,33.86345997864019,0.44566080325559043,-0.8412161656507435,8.465864994660048,40.86720056154317,10.216800140385793,,,
284,0.031277528345173305,-0.059169581232179067,0.5815187602653601,78,0.8061029027497174,1.0860183392011076,-2.054486199543722,20.191494393933834,0.2715045848002769,-0.5136215498859305,5.047873598483458,27.989504989275687,6.997376247318922,,,
285,0.04570746095378722,-0.04689236419601312,0.7960973827757292,42,0.9521039774598976,1.5870544592373999,-1.6281966696139676,27.64209332473887,0.39676361480934996,-0.4070491674034919,6.910523331184717,33.05895430536257,8.264738576340642,,,
327,-0.038219541431458094,-0.015262647754070713,0.6966716869282671,21,0.9989838765172575,-1.327058917583088,-0.5299496553168433,24.189834313523292,-0.331764729395772,-0.13248741382921084,6.047458578380823,34.686718160432214,8.671679540108054,,,
328,-0.04546920777831321,-0.2883885014400836,0.7200825069795923,46,0.8463257588845728,-1.5787818324785914,-10.013425547002583,25.002704807345406,-0.39469545811964785,-2.503356386750646,6.2506762018363515,29.38612299999014,7.346530749997535,,,
366,-0.0003516964045466315,0.00015100063864370133,0.18283868323121055,1166,0.30283767774469245,-0.01221160255866814,0.005243044174986598,6.348524759154093,-0.003052900639667035,0.0013107610437466494,1.5871311897885232,10.515129846651211,2.628782461662803,,,
370,-0.1044571057439173,-0.52504298433815,0.9766158063104252,23,1.2545298359980679,-3.6269596256402967,-18.230542502189245,33.91005402671058,-0.9067399064100742,-4.557635625547311,8.477513506677646,43.55978496552491,10.889946241381228,,,
380,-0.004914711580510349,-0.10234901735452512,0.4981439298510611,31,0.5845376244332511,-0.17064861549848037,-3.5537625805838213,17.296553532288545,-0.04266215387462009,-0.8884406451459553,4.324138383072136,20.296315395571344,5.074078848892836,,,
389,0.12260374148109732,0.07449289781095259,0.5949630926157549,38,0.7771383758962047,4.257047111706661,2.5865423977918955,20.658308501804242,1.0642617779266652,0.6466355994479739,5.164577125451061,26.98379868786802,6.745949671967005,,,
395,0.025457415433403265,-0.526928973350156,1.011862940289698,218,1.2052031956352298,0.8839323786786282,-18.296027812664118,35.13390501273889,0.22098309466965704,-4.5740069531660295,8.783476253184723,41.84706535884645,10.461766339711613,,,
401,0.014144366755986439,-0.038317174044537196,0.6221966040660459,77,0.7872662618142341,0.49112070250136114,-1.3304489171744205,21.60391048638125,0.12278017562534028,-0.3326122292936051,5.400977621595312,27.335459142713837,6.833864785678459,,,
402,-0.12527820963398947,-0.010889032342035653,1.5425361064422438,61,1.927222902554835,-4.349909994911383,-0.37808898098016197,53.559938687887595,-1.0874774987278457,-0.09452224524504049,13.389984671971899,66.91703362250898,16.729258405627245,,,
405,-0.03303279731042934,-0.22676166727740715,0.6932827175539902,61,0.7719261645976776,-1.1469647882127274,-7.8736186112061315,24.072162518909646,-0.28674119705318185,-1.9684046528015329,6.018040629727412,26.802820287160564,6.700705071790141,,,
418,-0.007289792876242375,-0.12551474742180332,0.6876913290030097,105,0.933995041161602,-0.25311618824888776,-4.358123059979855,23.878018325642504,-0.06327904706222194,-1.0895307649949637,5.969504581410626,32.43017581921315,8.107543954803287,,,
425,0.136390230525497,-0.36704336195236015,1.1664978499640595,44,1.5912198223733653,4.735741584306307,-12.74447961370985,40.503138346452076,1.1839353960765768,-3.1861199034274623,10.125784586613019,55.25033467244799,13.812583668111998,,,
428,-0.03253064372211919,-0.0922163277012304,1.2134131758545568,41,1.6997422661025552,-1.1295290113194225,-3.201935330442122,42.13213229202192,-0.28238225282985563,-0.8004838326105305,10.53303307300548,59.01845096361292,14.75461274090323,,,
430,0.07002149169239093,-0.0634661870498228,0.8350662521396881,85,1.1323031317726457,2.431286234543198,-2.2036729467439478,28.99517040679425,0.6078215586357995,-0.5509182366859869,7.248792601698563,39.31582934140981,9.828957335352452,,,
432,-0.021137171949855354,-0.0032846749704974953,0.21141403211002702,21,0.2629977456256222,-0.7339248844428776,-0.11405048432561404,7.340718022924358,-0.1834812211107194,-0.02851262108140351,1.8351795057310896,9.131807723612855,2.282951930903214,,,
447,-0.03737439140062809,-0.18547229011550978,0.6795464893369006,226,0.8142207591088817,-1.2977136182126088,-6.439968857390731,23.595213202755865,-0.3244284045531522,-1.6099922143476828,5.898803300688966,28.27137319777859,7.067843299444648,,,
449,0.06543471518597305,-0.013120055673246672,0.4152624492977802,94,0.5827801555358182,2.2720241806873562,-0.45555457308647096,14.418742764517525,0.5680060451718391,-0.11388864327161774,3.604685691129381,20.23529256051468,5.05882314012867,,,
456,-0.0023401134349994024,-0.4283321944131835,0.8916408332817661,192,1.0036868566565067,-0.08125341869004925,-14.872550454414558,30.959553013209486,-0.020313354672512312,-3.7181376136036395,7.739888253302372,34.85001503682723,8.712503759206808,,,
470,-0.11292077760241717,-0.20836193438483802,0.8807327533224173,26,1.1294542758186346,-3.920835239911129,-7.234743085710346,30.580802660860975,-0.9802088099777823,-1.8086857714275866,7.645200665215244,39.21691136497463,9.804227841243657,,,
471,-0.035367457597784965,-0.5407236989161675,0.9878493961243084,22,1.1340101293353169,-1.2280288627102895,-18.775008273767167,34.30010673222824,-0.3070072156775724,-4.693752068441792,8.57502668305706,39.37509971078087,9.843774927695218,,,
486,-1.4341501275744184e-05,0.003571810686723076,0.378585205898707,64,0.4562073940523222,-0.0004979656072963896,0.12402041066439864,13.145235519214904,-0.0001244914018240974,0.03100510266609966,3.286308879803726,15.840433136284732,3.960108284071183,,,
490,-0.12006729359296966,-0.3582822991557613,0.7843160804950408,19,0.8117355804958717,-4.1689765681350925,-12.440277991286345,27.233022946948807,-1.0422441420337731,-3.1100694978215864,6.808255736737202,28.18508282597766,7.046270706494415,,,
494,0.0001894755826015171,-0.00992847219309229,0.3162051738583577,21,0.3838316109387207,0.006578971179089877,-0.3447364114885505,10.979276046709897,0.0016447427947724692,-0.08618410287213762,2.744819011677474,13.32740119501426,3.331850298753565,,,
497,0.052804541228917715,-0.17713155155416999,0.8361940809393859,45,0.9566176688018977,1.833479280550481,-6.150361733063891,29.034330878377357,0.45836982013762023,-1.5375904332659727,7.258582719594339,33.21567869613949,8.303919674034873,,,
498,-0.0017156214785852522,0.002796987688941983,0.26160400746842,47,0.3464411870436056,-0.05956980897943713,0.09711700653544353,9.08341434731848,-0.014892452244859283,0.024279251633860882,2.27085358682962,12.029130896528073,3.0072827241320184,,,
499,0.015518478433187648,-0.007865350522189668,2.378231640913389,58,2.931272714097569,0.5388326081571415,-0.2731007008314697,82.5769590357947,0.13470815203928538,-0.06827517520786743,20.644239758948675,101.77965117889579,25.444912794723948,,,
508,-0.06544427379459014,-0.09086857093401354,0.31415522950203906,74,0.39896007789125476,-2.272356074695759,-3.1551385199708184,10.9080978787698,-0.5680890186739398,-0.7887846299927046,2.72702446969245,13.852691824540148,3.463172956135037,,,
509,0.1628566212294178,-0.03785928152754181,0.8784555062538846,32,1.006822356221304,5.654707602327845,-1.3145499731993069,30.50173208814738,1.4136769005819612,-0.3286374932998267,7.625433022036845,34.958885852716115,8.739721463179029,,,
519,0.09874867001481362,-0.23331682563831788,0.5665478461559722,49,0.6518002574137122,3.4287513202543587,-8.101226819813673,19.67167431422767,0.8571878300635897,-2.0253067049534184,4.917918578556917,22.631808537918914,5.657952134479729,,,
523,0.018553125992763767,-0.11682252319467722,0.5767921354750374,63,0.7061859383943904,0.6442016407207436,-4.056311650365583,20.02737652796425,0.1610504101801859,-1.0140779125913957,5.006844131991063,24.52018815293002,6.130047038232505,,,
528,0.1013670731516592,0.035037445117611844,0.6197063823084724,47,0.7118109520464609,3.519667513971911,1.2165701693737185,21.51744500651478,0.8799168784929777,0.30414254234342963,5.379361251628695,24.715499876957217,6.178874969239304,,,
538,-0.058217713854258626,-0.18987534831876846,1.2129272677293401,61,1.505041597697179,-2.021435460447568,-6.5928518443242785,42.11526059009815,-0.505358865111892,-1.6482129610810696,10.528815147524538,52.25805435524145,13.064513588810362,,,
540,0.0779055330455052,-0.5217805714039051,1.0343165780745183,27,1.1380634622774493,2.7050359184060313,-18.117265000286395,35.913540223903425,0.6762589796015078,-4.529316250071599,8.978385055975856,39.51583953719759,9.878959884299398,,,
541,0.05990504496135511,-0.035943134196674595,0.4863401328507149,87,0.5874855008924527,2.080022971148172,-1.2480175055769354,16.886702092842523,0.520005742787043,-0.31200437639423384,4.221675523210631,20.398671561987744,5.099667890496936,,,
544,0.03678002013770098,-0.05779245964658609,0.5437197098987407,266,0.6479453742951924,1.2770758592212534,-2.0066697838487624,18.879035767104078,0.31926896480531336,-0.5016674459621906,4.7197589417760195,22.49795928627767,5.6244898215694175,,,
545,0.12246891231262866,-0.4292539280647439,1.046768974431101,23,1.1334786030543755,4.252365573319093,-14.904554890264038,36.34591233019669,1.0630913933297732,-3.7261387225660094,9.086478082549172,39.35664405525403,9.839161013813507,,,
558,0.14590914441627761,-0.17615091596903126,0.5832063298012878,39,0.670748342076547,5.066257312421992,-6.1163121042767035,20.250090183360317,1.266564328105498,-1.5290780260691759,5.062522545840079,23.289723933581865,5.822430983395466,,,
559,0.13743144064412718,-0.19820250539311626,0.7044572987505013,30,0.8188172786151727,4.771894482045385,-6.881987392259783,24.460166327214907,1.1929736205113461,-1.7204968480649458,6.115041581803727,28.43097354807603,7.107743387019007,,,
581,-0.05453136684634397,0.013089700402319564,0.476437798863712,22,0.6131861342269068,-1.8934381196387555,0.4545005773693399,16.54287325214581,-0.4733595299096889,0.11362514434233498,4.1357183130364525,21.29104895262666,5.322762238156665,,,
582,0.10376449697985872,-0.09390635133267485,0.6855963329608653,48,0.8812850692976477,3.6029108641346546,-3.260616330973136,23.805275873067167,0.9007277160336636,-0.815154082743284,5.951318968266792,30.599980176152926,7.649995044038231,,,
591,-0.05286817768560261,-0.31172493578160304,0.8568292144218755,22,1.1232404266117528,-1.8356888655994938,-10.823713220208822,29.750823983156362,-0.45892221639987346,-2.7059283050522054,7.4377059957890905,39.00115409281328,9.75028852320332,,,
619,0.025558316540467342,-0.46703474475842743,0.8658396286498996,21,0.9638238003065358,0.887435866918107,-16.21638040750212,30.063683585981817,0.22185896672952676,-4.05409510187553,7.515920896495454,33.46588999424354,8.366472498560885,,,
620,-0.09677737980172013,-0.2297086128548358,0.6947577830518886,31,0.7667409919240884,-3.3603041814753265,-7.975942455545609,24.12337974312768,-0.8400760453688316,-1.9939856138864023,6.03084493578192,26.6227807215882,6.65569518039705,,,
632,0.20263581261889657,-0.22821807395944557,1.0538533457545338,21,1.1770347126754892,7.035920685753327,-7.924187964019869,36.591895871288926,1.7589801714383317,-1.9810469910049673,9.147973967822232,40.868999293518335,10.217249823379584,,,
637,0.009605456797331522,-0.00030844513816219156,1.747149058519477,39,2.62859201796207,0.3335206709169451,-0.010709832087267616,60.66450960991329,0.08338016772923627,-0.002677458021816904,15.166127402478322,91.26997204767899,22.817493011919748,,,
640,-0.08775341791487652,-0.2426553167360789,0.5981804681381037,24,0.6842331447911546,-3.046974176840343,-8.425477907710132,20.770022214691235,-0.7617435442100857,-2.106369476927533,5.192505553672809,23.75794325343847,5.939485813359617,,,
663,0.027159299584666494,-0.10154312108582499,0.6375520778741426,89,0.7275365297195215,0.94302520017879,-3.5257802503420153,22.13708324794598,0.2357563000446975,-0.8814450625855038,5.534270811986495,25.26152338492123,6.315380846230307,,,
673,-0.0024147229588719434,-0.001850619068650398,0.21692925543508834,48,0.26625209897454066,-0.08384401057795163,-0.06425719530167913,7.532217607217138,-0.020961002644487907,-0.016064298825419782,1.8830544018042845,9.244805380594002,2.3112013451485005,,,
713,-0.019380507523335613,-0.504606370398543,0.8726218138487873,241,1.0035991482070616,-0.6729299822252591,-17.52094239297821,30.299174620457595,-0.16823249555631478,-4.380235598244552,7.574793655114399,34.8469696240456,8.7117424060114,,,
726,0.017886821778118317,-0.33694668338744344,0.8998962149572944,65,1.0334925184081722,0.6210662257798242,-11.699462740578811,31.24619637574718,0.15526655644495604,-2.924865685144703,7.811549093936795,35.88492722416856,8.97123180604214,,,
734,-0.026037278639781742,-0.4174677045842162,0.7946285468921634,415,0.97609888387997,-0.9040663889305017,-14.495313638573156,27.591092405189702,-0.22601659723262543,-3.623828409643289,6.8977731012974255,33.89210544608032,8.47302636152008,,,
735,-0.042976236072694234,0.010588177946912861,0.5378816067879905,19,0.6727425113181619,-1.4922208689160892,0.36764271467270837,18.676325150892605,-0.3730552172290223,0.09191067866817709,4.669081287723151,23.358965477989216,5.839741369497304,,,
750,0.010209322743843013,-0.2390685313806572,0.6743171928147944,23,0.7097723881685111,0.3544881043117171,-8.30093754659918,23.413641568915292,0.08862202607792928,-2.075234386649795,5.853410392228823,24.644716861987042,6.161179215496761,,,
766,0.0018122376106670958,-0.010102528611973274,0.12276730208697083,23,0.16988483181568775,0.0629245143175829,-0.350779998464936,4.262726263063802,0.015731128579395726,-0.087694999616234,1.0656815657659504,5.898741130304311,1.4746852825760777,,,
772,0.005502583069711345,-0.049116706252018014,1.9407818585859609,51,2.5174102681526245,0.19106068934651735,-1.7054302744825696,67.38782769382173,0.04776517233662934,-0.4263575686206424,16.846956923455433,87.40951933079543,21.85237983269886,,,
784,0.06913356522516664,-0.16933530357256196,2.2059846017283724,20,2.6679381683870056,2.4004556517482363,-5.879660410646497,76.59619734121254,0.6001139129370591,-1.4699151026616242,19.149049335303136,92.63614908273361,23.159037270683402,,,
796,-0.08835284583385768,-0.003026949459267988,0.7775955886077772,82,1.1289262630899122,-3.067787513043206,-0.10510173912470308,26.99967402763924,-0.7669468782608015,-0.02627543478117577,6.74991850690981,39.198577707007935,9.799644426751984,,,
797,0.0058459871538292735,-0.005474405087854153,0.27007143843550596,36,0.3763124994524611,0.20298436595526004,-0.1900822934604719,9.377420485357638,0.05074609148881501,-0.047520573365117974,2.3443551213394094,13.066322605988354,3.2665806514970885,,,
821,0.013811188766665107,-0.012266121129107696,0.3999817346454643,43,0.499038188670387,0.4795520963561459,-0.42590425784487745,13.888165790359812,0.11988802408903647,-0.10647606446121936,3.472041447589953,17.32760398701318,4.331900996753295,,,
832,-0.1341113715283166,-0.47720233219216435,1.433331950693248,21,1.7977294766410155,-4.656615042206209,-16.56941937837633,49.76815199197096,-1.1641537605515522,-4.142354844594083,12.44203799799274,62.42076288792934,15.605190721982336,,,
835,-0.03152542756374714,0.00807169015608764,0.3875423244440093,20,0.4765283352578914,-1.0946258958684283,0.28026522559967504,13.456244589344893,-0.2736564739671071,0.07006630639991876,3.364061147336223,16.546016856824505,4.136504214206126,,,
855,9.854511644323038e-05,-0.0019730728762564647,0.8349227016813874,1286,1.148450566200554,0.0034216835331418454,-0.06850903640937697,28.990186047781133,0.0008554208832854613,-0.017127259102344243,7.247546511945283,39.876500559615636,9.969125139903909,,,
858,0.0716049019350928,0.08260013136503612,2.706091208513693,57,3.1775470321085035,2.486265404990292,2.868041761256784,93.96089894201245,0.621566351247573,0.717010440314196,23.490224735503112,110.33078804887147,27.582697012217867,,,
868,-0.010269813626221407,-0.22458086860044582,0.58838220446876,29,0.6288605113061427,-0.3565884687296597,-7.79789691954468,20.429806903564284,-0.08914711718241493,-1.94947422988617,5.107451725891071,21.835294673571887,5.458823668392972,,,
876,-0.1158223503879654,-0.12724619805884743,0.7187007751778175,20,0.8443218367553108,-4.0215836501709346,-4.418242488999301,24.95472831572418,-1.0053959125427336,-1.1045606222498252,6.238682078931045,29.316542815817904,7.329135703954476,,,
906,0.15079732287751374,-0.11774844818075687,0.9748672533610321,33,1.71220090051293,5.2359846449530325,-4.08846161773224,33.84934077120176,1.3089961612382581,-1.02211540443306,8.46233519280044,59.451039667609955,14.862759916902489,,,
919,0.004666117184611949,-0.38883633319648825,1.4450071992448188,25,1.7313964763627752,0.1620169208840961,-13.501175161248465,50.1735399721786,0.04050423022102403,-3.3752937903121163,12.54338499304465,60.11754845226828,15.02938711306707,,,
946,0.10415182064884809,-0.15843151332423336,0.9732362569096614,49,1.1272647518151857,3.6163595165693034,-5.501059005644031,33.792709312417266,0.9040898791423259,-1.3752647514110077,8.448177328104316,39.14088671252688,9.78522167813172,,,
957,0.021326182427132228,-0.3828628591005989,1.0447823485778645,49,1.2106208398307488,0.7404877062348852,-13.293764193690997,36.27693270732061,0.1851219265587213,-3.3234410484227492,9.069233176830153,42.03517680060326,10.508794200150815,,,
970,-0.003944131606096945,-0.3048038995913295,0.7103547444233124,80,0.7924254707436071,-0.13694813762689814,-10.583401001610142,24.664937435866253,-0.034237034406724536,-2.6458502504025354,6.166234358966563,27.514597195159528,6.878649298789882,,,
993,0.13715420865573927,-0.2951867304051146,0.8831034409492974,24,1.001048591726564,4.7622684329445795,-10.24947365312639,30.663117676641505,1.1905671082361449,-2.5623684132815976,7.665779419160376,34.75840920192975,8.689602300482438,,,
1014,0.013451226555179366,-0.009107670632193686,1.7499683820749175,46,2.3568870384411116,0.46705348844893796,-0.31623653969102916,60.76240216240529,0.11676337211223449,-0.07905913492275729,15.190600540601322,81.83583174875228,20.45895793718807,,,
1025,0.011490073787747272,-0.025170461919968294,0.6716662410476967,34,0.8829298052400647,0.3989583420581608,-0.8739687787851391,23.321595221658125,0.0997395855145402,-0.21849219469628478,5.830398805414531,30.65708869754553,7.664272174386382,,,
1036,0.10523381247654535,-0.1445050043856616,0.4617879596859626,42,0.6854463418050942,3.6539284368106077,-5.0175027622789425,16.034201536215992,0.9134821092026519,-1.2543756905697356,4.008550384053998,23.800067880156483,5.950016970039121,,,
1046,0.1176545009398873,-0.07143706405169568,1.4375355801367982,41,2.0542672267355493,4.085199581634767,-2.4804377380029776,49.91411041350991,1.0212998954086918,-0.6201094345007444,12.478527603377477,71.32826664671174,17.832066661677935,,,
1049,-0.010673522473285523,-0.30828708584034437,0.8733605314237904,136,1.0486920868439176,-0.37060604731742,-10.704344194548437,30.324824372096852,-0.092651511829355,-2.676086048637109,7.581206093024213,36.41268663939451,9.103171659848627,,,
1062,-0.0650430541021972,-0.31170677346476827,0.6377118789367128,38,0.7696595998497281,-2.258424924536491,-10.823082588243684,22.14263186044054,-0.5646062311341228,-2.705770647060921,5.535657965110135,26.72412062598226,6.681030156495565,,,
1084,-0.03169657468605241,-1.0143642454498707,1.661129726629236,71,1.9785373829300466,-1.1005684662491118,-35.220755330510414,57.67774636802034,-0.27514211656227794,-8.805188832627604,14.419436592005084,68.69877501009708,17.17469375252427,,,
1085,-0.002862000815199508,-0.40819007174033006,0.8629647255417688,50,0.981560624620437,-0.09937439230535733,-14.17317567096774,29.9638612002613,-0.024843598076339332,-3.543293917741935,7.490965300065325,34.08174800807082,8.520437002017704,,,
1104,0.19377269658887208,-0.32765078911272855,0.8632828992078316,36,1.0036838119670695,6.7281755709588165,-11.37669069957216,29.97490882629433,1.6820438927397041,-2.84417267489304,7.493727206573583,34.849909319120584,8.712477329780146,,,
1111,0.0018607150591576677,7.930578621032478e-05,0.6097867113331564,112,0.8983215041388168,0.06460774828407254,0.002753655508794897,21.173014190909857,0.016151937071018134,0.0006884138771987243,5.293253547727464,31.191519266708,7.797879816677,,,
1131,-0.01150039436912848,-0.0004894361502225582,1.4156424158633454,436,1.917761024508753,-0.3993166932848791,-0.01699420200802767,49.15393596360708,-0.09982917332121978,-0.004248550502006917,12.28848399090177,66.58849829299292,16.64712457324823,,,
1141,0.21768234119367294,-0.1563869587304087,0.8855773173518631,37,1.1852571875181266,7.558366250926712,-5.430067981037251,30.74901561309139,1.889591562731678,-1.3575169952593127,7.687253903272848,41.15450006500439,10.288625016251098,,,
1152,0.060273261974510696,-0.17371915263929574,0.44272995287860023,24,0.4973880787278855,2.0928082022789605,-6.031876417941627,15.372469423850758,0.5232020505697401,-1.5079691044854067,3.8431173559626894,17.27030886958964,4.31757721739741,,,
1157,0.10961229107080914,-0.1131557363168838,0.9487336611566578,34,1.1039673707136193,3.805957970560635,-3.9289934763948398,32.941930182681475,0.9514894926401587,-0.9822483690987099,8.235482545670369,38.33195504591829,9.582988761479573,,,
1201,0.07296465548535923,-0.005518292291723906,0.4221870471597682,19,0.5232954177708417,2.5334787677626434,-0.19160614495323747,14.659178651481472,0.6333696919406608,-0.04790153623830937,3.664794662870368,18.169863495839163,4.542465873959791,,,
1219,0.037609575177626066,-0.13540067115075594,0.5804398592665515,27,0.6872384529069885,1.3058796693175323,-4.701382103696548,20.1540327934532,0.3264699173293831,-1.175345525924137,5.0385081983633,23.862293561836456,5.965573390459114,,,
1234,-0.1918459980796021,-0.1456786383638826,0.5545229737722169,29,0.7554029451693652,-6.661276745319944,-5.058253681270731,19.254146695318916,-1.665319186329986,-1.2645634203176828,4.813536673829729,26.229101062170702,6.557275265542676,,,
1245,0.039257024991189285,-0.1934461702847315,0.7664713777494362,31,0.9157195257009779,1.3630824217440745,-6.716837924626447,26.613419178215924,0.3407706054360186,-1.6792094811566118,6.653354794553981,31.795613371389358,7.9489033428473395,,,
1251,-0.007298891542828003,-0.009728672370139451,0.3055323333257656,86,0.38585180891174164,-0.25343211215007394,-0.33779896203598203,10.608693677737234,-0.06335802803751849,-0.08444974050899551,2.6521734194343085,13.397546509033495,3.3493866272583737,,,
1252,-0.0051568240389416,-0.012197090903685674,2.0369896821092777,53,2.704378488695913,-0.17905524428013023,-0.42350739035777396,70.72835574219835,-0.04476381107003256,-0.10587684758944349,17.682088935549586,93.90142988449949,23.475357471124873,,,
1253,-0.08943506236874572,-0.38194844827433133,0.8258240871058887,26,0.9112734793152693,-3.1053642355675892,-13.262014020981333,28.67426395249067,-0.7763410588918973,-3.315503505245333,7.168565988122667,31.64123774878478,7.910309437196195,,,
1280,0.1206397550052865,-0.12998819661031866,0.7715921527171749,57,0.8815475138582662,4.1888535732935575,-4.513450162703484,26.791222726645746,1.0472133933233894,-1.128362540675871,6.697805681661436,30.60909277618672,7.65227319404668,,,
1313,0.3339539272854373,-0.29444938609402044,0.8573449979962487,28,1.032893162354677,11.595548263204956,-10.223871583956578,29.76873302042575,2.898887065801239,-2.5559678959891445,7.442183255106437,35.8641163832791,8.966029095819774,,,
1314,0.017193540784889064,-0.44792721958722576,0.8907044900180506,22,0.9931126970069394,0.5969941231329181,-15.552928918507654,30.927041302406757,0.14924853078322953,-3.8882322296269134,7.731760325601689,34.48285906547495,8.620714766368737,,,
1325,0.08125625549838332,-0.6013221571215854,0.8999422300965128,25,1.1734887415940043,2.8213797034148658,-20.87910793957569,31.247794113411118,0.7053449258537164,-5.219776984893922,7.811948528352779,40.74587608562702,10.186469021406754,,,
1331,0.22727578238123272,-0.33840756203330996,1.2336241517007234,20,1.3843830583071395,7.891469715841163,-11.750187368920589,42.83389779535252,1.9728674289602908,-2.937546842230147,10.70847444883813,48.0685485505405,12.017137137635125,,,
1353,-0.017804686246475472,-0.4513576779848841,0.7665620818330312,77,0.8413814126799382,-0.6182143158501213,-15.672041294991146,26.61656860540651,-0.15455357896253033,-3.9180103237477866,6.6541421513516275,29.214445411072813,7.303611352768203,,,
1365,-0.05321439756722899,-0.31963299058926814,0.8112862376666437,19,0.8683509029731358,-1.847710312329325,-11.098296699240569,28.1694807442612,-0.46192757808233126,-2.7745741748101422,7.0423701860653,30.150880053033223,7.537720013258306,,,
1373,0.0008339911356367464,0.001004383872175546,0.40953134810261554,229,0.5039393786201826,0.028957840211579107,0.03487421680967931,14.219747468819017,0.007239460052894777,0.008718554202419827,3.5549368672047543,17.49778310444998,4.374445776112495,,,
1374,-0.011985809841667174,-0.6775870376069758,1.008585612349092,42,1.2138199237222493,-0.41617128932236763,-23.527177119789414,35.02010963198517,-0.10404282233059191,-5.8817942799473535,8.755027407996293,42.14625539148394,10.536563847870985,,,
1379,-0.03511448202283537,-0.08235359164830314,0.5997937827130844,24,0.7550011055288015,-1.2192450447968897,-2.8594814092123815,20.826039723363717,-0.3048112611992224,-0.7148703523030954,5.206509930840929,26.215148386171048,6.553787096542762,,,
1390,0.013121854547133438,-0.02494967403396886,0.7296844382498322,96,0.9724756683738268,0.45561703358556727,-0.8663025818074668,25.336103064910674,0.11390425839639182,-0.2165756454518667,6.334025766227668,33.766300157276014,8.441575039319003,,,
1391,0.1014680757509831,-0.29214370699427644,0.5638236431324429,21,0.628420652997277,3.5231745262256355,-10.143813794255268,19.577084536844684,0.8807936315564089,-2.535953448563817,4.894271134211171,21.820021913371452,5.455005478342863,,,
1392,-0.011037822067566061,-0.47214399492542436,0.9386552991085594,23,1.1247144622627596,-0.3832552578300288,-16.393783791800587,32.5919892956474,-0.0958138144575072,-4.098445947950147,8.14799732391185,39.05233555868754,9.763083889671885,,,
1405,-0.07750955269984902,-0.8117123260877322,1.6194868578485107,38,1.936217451809644,-2.691286688844158,-28.18427538641824,56.23182267821599,-0.6728216722110395,-7.04606884660456,14.057955669553998,67.22934236173447,16.807335590433617,,,
1419,-0.04662911576163757,-0.7131789600052424,1.0904952745795125,110,1.264935868686501,-1.6190561574755797,-24.762999849302027,37.864176923949834,-0.40476403936889493,-6.190749962325507,9.466044230987459,43.921103232532694,10.980275808133173,,,
1423,0.11190740875645133,-0.6059766154294448,0.9882345368232376,25,1.071750939848494,3.8856490468415035,-21.040720040941185,34.31347958757646,0.9714122617103759,-5.260180010235296,8.578369896894115,37.2133361334194,9.30333403335485,,,
1430,-0.052744155124690904,-0.9381871750750627,1.1375933290814113,20,1.3524247555773143,-1.8313825542395177,-32.57573509295633,39.499515572364764,-0.4578456385598794,-8.143933773239082,9.874878893091191,46.95889236315551,11.739723090788878,,,
1440,0.005309859110995728,0.00196771740552175,0.36697035727088567,31,0.4380160131492932,0.18436892805199367,0.06832308375452621,12.741944745159692,0.04609223201299842,0.017080770938631553,3.185486186289923,15.20879200856976,3.80219800214244,,,
1453,0.04096047201826893,-0.3634887079005776,0.8162182376953523,29,0.8770106817463328,1.422229509418334,-12.621054915723855,28.340729649258023,0.3555573773545835,-3.1552637289309637,7.085182412314506,30.451564891596167,7.612891222899042,,,
1459,-0.024143444798494926,-0.38729717902951605,0.9309100880314687,19,1.1073542178038427,-0.8383086902933409,-13.447732650262857,32.32306007662866,-0.20957717257333522,-3.3619331625657143,8.080765019157164,38.449553150585025,9.612388287646256,,,
1462,0.013016306054521826,-0.006943729670620231,0.280242299855881,63,0.3680015247156634,0.45195217882510685,-0.24110018162327568,9.7305731355959,0.11298804470627671,-0.06027504540581892,2.432643283898975,12.777748941177265,3.1944372352943162,,,
1480,0.06767887047941426,-0.35286139582863624,0.6427866658451391,19,0.752228091339232,2.349945740786222,-12.252053385961908,22.31883861147492,0.5874864351965555,-3.063013346490477,5.57970965286873,26.118863787480812,6.529715946870203,,,
1505,-0.01125413116083945,-0.20591745330156394,0.7395367733348103,923,0.8586923131238524,-0.3907659421666674,-7.149865813536904,25.678195843731284,-0.09769148554166684,-1.787466453384226,6.419548960932821,29.815514496286404,7.453878624071601,,,
1545,-0.056620337474005564,0.09658312016254059,1.4197536360106728,20,2.1551995439299216,-1.9659713577724212,3.353559098283734,49.296685749562585,-0.4914928394431053,0.8383897745709336,12.324171437390646,74.83283856433474,18.708209641083684,,,
1548,-0.16232963704391326,-1.1317519101239186,1.34758089101463,33,1.4793146135180435,-5.636409657438756,-39.2966898233227,46.79070369780999,-1.409102414359689,-9.824172455830675,11.697675924452497,51.36476201057351,12.841190502643377,,,
1571,-0.02821781003790191,-0.13348159257635037,0.4383992135391493,129,0.5802164702642955,-0.9797788001360301,-4.634747857436038,15.222097492506343,-0.24494470003400753,-1.1586869643590094,3.8055243731265858,20.14627628051687,5.036569070129217,,,
1602,-0.01960356120919755,0.025091585073872123,0.6279244242621688,20,0.7455911969555118,-0.6806748523057574,0.8712300169349879,21.802791859231025,-0.17016871307643935,0.21780750423374698,5.450697964807756,25.888417540689282,6.472104385172321,,,
1607,-0.028115943673645803,-0.3662542645198639,0.8275471490585324,51,0.9096169830968741,-0.9762417962363296,-12.717080572658716,28.734092109610366,-0.2440604490590824,-3.179270143164679,7.183523027402591,31.583720887089665,7.895930221772416,,,
1635,-0.23102809520210463,-0.6256727821196445,1.224435540843587,21,1.6859669163955966,-8.021757521607476,-21.724610340758296,42.514850849171026,-2.005439380401869,-5.431152585189574,10.628712712292756,58.540143271087906,14.635035817771977,,,
1656,-0.08098408985726434,-0.233436444840267,1.545397253221175,33,1.9896732123915821,-2.8119295680239325,-8.10538023774375,53.659283426345645,-0.7029823920059831,-2.0263450594359376,13.414820856586411,69.08543328066051,17.271358320165128,,,
1668,0.0011372627175509926,-0.0004299572381518788,0.40240351227729976,1222,0.5816991540926771,0.03948803607880556,-0.014928975223109537,13.972254753292402,0.00987200901970139,-0.003732243805777384,3.4930636883231005,20.197758028405936,5.049439507101484,,,
1679,0.021885030973194483,-0.41022050582356456,1.6624189438222527,41,1.953115310865631,0.7598920454512589,-14.243676403205809,57.72251056739626,0.18997301136281472,-3.5609191008014522,14.430627641849066,67.81606982387645,16.95401745596911,,,
1690,0.003928988580918175,0.10731239556453369,1.281739660194636,69,1.93396209148834,0.13642234150664087,3.726100998791739,44.50456448127815,0.03410558537666022,0.9315252496979347,11.126141120319538,67.15103174065814,16.787757935164535,,,
1692,0.03396685064660687,-0.5884794535735238,1.102877635069714,20,1.1664114713645033,1.1793969881514839,-20.433183586979894,38.294117244890614,0.29484924703787097,-5.108295896744973,9.573529311222654,40.50013910871829,10.125034777179572,,,
1693,-8.981680944963535e-05,-0.0015428146266047477,2.4817028295985937,65,2.9623938655524946,-0.003118619257710239,-0.05356960946497005,86.16968564932237,-0.0007796548144275597,-0.013392402366242513,21.542421412330594,102.86023979971372,25.71505994992843,,,
1702,-0.07390956749989791,-1.140356218535695,1.3100233227562719,38,1.3851397048989644,-2.566288002731455,-39.595448619996404,45.486629812743274,-0.6415720006828638,-9.898862154999101,11.371657453185819,48.09482083350184,12.02370520837546,,,
1704,-0.11031297745431892,0.011773736365372454,0.501881222478136,26,0.7936880300633429,-3.830287203168862,0.40880767407846236,17.42631980688584,-0.9575718007922155,0.10220191851961559,4.35657995172146,27.55843577985939,6.889608944964848,,,
1705,-0.18478143347545029,-1.346185353936433,1.6989464967913266,41,1.7564716423338125,-6.415980933134585,-46.74224785938083,58.990820261588446,-1.6039952332836462,-11.685561964845208,14.747705065397112,60.98820836511464,15.24705209127866,,,
1707,0.12952946088336148,-1.187688158543169,1.4550829520350546,30,1.5476280515272827,4.497521940792078,-41.23890824093591,50.523390260561165,1.1243804851980195,-10.309727060233978,12.630847565140291,53.73674120513031,13.434185301282577,,,
1709,-0.43107270941424075,-0.2277793920181243,2.2352988100335587,20,2.8134406485492547,-14.967706616281268,-7.9089560496533124,77.61404528198523,-3.741926654070317,-1.9772390124133281,19.403511320496307,97.68828619892723,24.422071549731807,,,
1720,-8.242591317562744e-05,2.7839377042802143e-07,0.18269837615652237,336,0.23833390099926666,-0.002861992557284136,9.66638849680176e-06,6.34365301690677,-0.000715498139321034,2.41659712420044e-06,1.5859132542266925,8.275429710496537,2.0688574276241343,,,
1722,-0.14216838309218852,-1.0173275365737497,1.1499396243430022,29,1.189062081072491,-4.936370597726969,-35.32364672491374,39.92820363643772,-1.2340926494317424,-8.830911681228436,9.98205090910943,41.28661357899903,10.321653394749758,,,
1737,-0.3283883529366082,-1.06640953215986,1.3591427355973733,26,1.4927638402013195,-11.402300390664909,-37.02787177565466,47.192154065412,-2.850575097666227,-9.256967943913665,11.798038516353,51.83174605947022,12.957936514867555,,,
1744,-0.07216807734244807,-0.41055723713002296,0.8761438942557751,41,1.0009139913939646,-2.505819981484482,-14.255368387628657,30.421468296349023,-0.6264549953711205,-3.5638420969071642,7.605367074087256,34.75373560918124,8.68843390229531,,,
1745,-0.011778477987051398,-0.13342246978496064,0.784486866779376,90,0.9498280246619533,-0.40897231266639866,-4.632694995873403,27.238952988313493,-0.10224307816659967,-1.1581737489683508,6.809738247078373,32.97992867231234,8.244982168078085,,,
1751,0.013642293247524235,-0.1408630163786798,0.8272219005988789,136,1.042846984033967,0.4736877061405365,-4.89104565470052,28.722798832594275,0.11842192653513413,-1.22276141367513,7.180699708148569,36.209732979627404,9.052433244906851,,,
1765,-0.014927549403131716,-0.01138943873517917,0.262378218738403,24,0.32440310711496617,-0.5183143703755394,-0.39546409176289116,9.110296511034829,-0.12957859259388485,-0.09886602294072279,2.277574127758707,11.263924685245856,2.815981171311464,,,
1774,-0.12927040329895717,-1.3635443676592456,1.5316682352852629,26,1.6116411977908116,-4.4885269433463915,-47.34498753386433,53.1825844655749,-1.1221317358365979,-11.836246883466082,13.295646116393725,55.959405669692565,13.989851417423141,,,
1789,-0.00120675666557446,0.0711928129696991,1.9232102984201838,112,2.558922686023241,-0.0419010049420764,2.4719568519338924,66.77770798174562,-0.0104752512355191,0.6179892129834731,16.694426995436405,88.85091350409897,22.212728376024742,,,
1798,0.020772821642117377,-0.20238101928992022,1.3594701859085432,25,1.5677236292184171,0.7212739130575996,-7.02707375178461,47.20352379511644,0.1803184782643999,-1.7567684379461526,11.80088094877911,54.43449985372188,13.60862496343047,,,
1807,-0.007469722723391076,0.0019656557050287886,0.5972052948071664,82,0.9186653500364962,-0.25936371240158496,0.0682514973900096,20.736162246294434,-0.06484092810039624,0.0170628743475024,5.1840405615736085,31.897898283967223,7.974474570991806,,,
1813,0.014044363323327503,-0.0738723931751243,0.9425671124695484,30,1.1997276995174444,0.48764838331257754,-2.564997235826666,32.72781527916766,0.12191209582814438,-0.6412493089566665,8.181953819791914,41.656945182644705,10.414236295661176,,,
1827,-0.1398583521821642,-0.4716553748308827,0.7030900205925157,23,0.8077953860552545,-4.8561617044691054,-16.37681792487791,24.41269169501333,-1.2140404261172764,-4.094204481219477,6.103172923753332,28.04827139461055,7.012067848652637,,,
1829,0.002436543216769375,-0.038341092096069826,0.5638081474035443,54,0.6719119851192475,0.08460165357266623,-1.3312793997597365,19.576546494145866,0.021150413393166558,-0.33281984993993413,4.8941366235364665,23.330127947310515,5.832531986827629,,,
1837,0.06998539770828631,-0.3093487408279141,0.9136870869820898,123,1.1936234144787075,2.4300329792271174,-10.741206979026833,31.725043034192122,0.6075082448067793,-2.6853017447567082,7.931260758548031,41.44499219752968,10.36124804938242,,,
1847,-0.0023786665112090085,-0.5818254589403091,0.9205809635486293,148,1.0083806142629046,-0.08259205860219919,-20.202143585325413,31.964412216335507,-0.020648014650549797,-5.050535896331353,7.991103054083877,35.01299168843657,8.753247922109143,,,
1861,0.00776611980267991,-0.7139519109130106,1.0542829627196613,63,1.1331161239739604,0.2696552117886518,-24.789838250721555,36.60681303155208,0.06741380294716295,-6.197459562680389,9.15170325788802,39.34405805662386,9.836014514155965,,,
1873,0.04108475798535914,-0.027999309506215955,1.4436275297748593,82,1.8627893778762665,1.4265449667676402,-0.9721920246748305,50.125635088842664,0.35663624169191005,-0.24304800616870761,12.531408772210666,64.67977277861974,16.169943194654934,,,
1879,0.011899484430687859,-0.43933678711245966,0.8870477263507015,554,1.0001910345239005,0.41317389840234386,-15.254651922118825,30.80007115434906,0.10329347460058597,-3.813662980529706,7.700017788587265,34.728633100738875,8.682158275184719,,,
1882,-0.029834877479782845,-0.31021427714380356,1.0335023062989532,330,1.3539199918385456,-1.03592661585302,-10.771260130987148,35.88526707931226,-0.258981653963255,-2.692815032746787,8.971316769828064,47.01080995661798,11.752702489154496,,,
1883,0.008817056692321046,-0.08960764591477363,0.673911939016719,920,0.8269738430936476,0.30614584247077137,-3.11135668145277,23.399570346538518,0.07653646061769284,-0.7778391703631925,5.849892586634629,28.714185779897633,7.178546444974408,,,
1903,-0.022992079669716673,-1.2946627696165531,1.4480128144022875,21,1.4715303541018165,-0.7983309902919024,-44.95328068662596,50.27790094167623,-0.1995827475729756,-11.23832017165649,12.569475235419057,51.09447695512328,12.77361923878082,,,
1906,-0.08749794348318052,-0.17439731677855003,0.6212500351683802,49,0.717790980906284,-3.038103593622994,-6.055423633184814,21.571043721116496,-0.7595258984057485,-1.5138559082962035,5.392760930279124,24.923138439027994,6.2307846097569985,,,
1917,0.014177882972962477,-0.38017834912274645,0.8148628866386499,255,0.9500516922998901,0.49228445258720316,-13.200552638240003,28.293669149867203,0.12307111314680079,-3.300138159560001,7.073417287466801,32.98769486003678,8.246923715009196,,,
1926,0.0019537325432315085,-0.004817795685093935,1.1525402919988117,1209,1.729915320263469,0.06783750136608444,-0.16728350177783163,40.01850401878274,0.01695937534152111,-0.04182087544445791,10.004626004695686,60.06611975018817,15.016529937547043,,,
1935,-0.08582033154928265,-0.7486938998243381,0.9670829706325959,27,1.0424290820926383,-2.979853552054192,-25.996149589700668,33.579054906305,-0.744963388013548,-6.499037397425167,8.39476372657625,36.19522258842059,9.048805647105148,,,
1947,0.028198130140489972,-0.026502158414937565,0.6660644916296948,39,0.8339629265511478,0.9790954747380929,-0.9202079444834622,23.127091278366265,0.24477386868452322,-0.23005198612086555,5.781772819591566,28.956860735708954,7.2392151839272385,,,
1948,-0.0916448920989081,-0.531742887529556,0.8624788776150843,38,0.8956558505658785,-3.182093943458287,-18.463176540801243,29.94699158855096,-0.7955234858645718,-4.615794135200311,7.48674789713774,31.098962443348434,7.774740610837108,,,
1954,0.0029997196545400585,0.005274801714185742,0.5041519670009332,25,0.6013341631217902,0.10415626584493992,0.18315166511995734,17.505164598206406,0.02603906646123498,0.045787916279989335,4.3762911495516015,20.879524811914802,5.2198812029787005,,,
1981,0.05669422237045296,-0.20570538787751907,0.9864439932031182,28,1.2310602288658061,1.968536789146868,-7.142502477883218,34.25130833199867,0.492134197286717,-1.7856256194708044,8.562827082999668,42.744873266678525,10.686218316669631,,,
1990,0.004775252778715226,0.002205187799526358,0.904241298531901,198,1.2871944442802339,0.16580632698255007,0.0765685307751542,31.39706636762467,0.04145158174563752,0.01914213269378855,7.849266591906168,44.69396549429828,11.17349137357457,,,
1993,0.09205723094005407,-0.5864450152459472,0.8073170635776351,25,0.9140576658906482,3.1964111727005573,-20.36254381936978,28.031663081542646,0.7991027931751393,-5.090635954842445,7.007915770385662,31.73791027505509,7.934477568763772,,,
1994,0.025129473209182095,-0.1284658639618451,0.575604950263377,616,0.6613962943900172,0.8725455687692207,-4.460591728483186,19.986155083044977,0.21813639219230518,-1.1151479321207964,4.996538770761244,22.96500213381018,5.741250533452545,,,
2019,0.031417246540235984,-0.3989849049794039,1.45247665239228,86,1.7642514521755572,1.090869634370074,-13.853553870694864,50.43289432436475,0.2727174085925185,-3.463388467673716,12.608223581091188,61.2583389224397,15.314584730609925,,,
2022,-0.014104491932152121,-0.12966043132997113,0.8443306836301342,26,1.2970055126062474,-0.489736168868186,-4.502069496639257,29.31684999700552,-0.1224340422170465,-1.1255173741598143,7.32921249925138,45.03462540871413,11.258656352178532,,,
2032,-0.20727473587208572,-0.03368908164531598,0.49495402595732096,37,0.5853817499596256,-7.196993378950561,-1.1697522928886614,17.1857936892901,-1.7992483447376402,-0.29243807322216536,4.296448422322525,20.32562512209812,5.08140628052453,,,
2033,0.03529667596155332,-0.3519664306930999,0.7809956808821301,241,0.8997530819983409,1.2255711827370546,-12.220978406525816,27.117732031589323,0.30639279568426364,-3.055244601631454,6.779433007897331,31.241226513146394,7.8103066282865985,,,
2035,0.1370758294114221,-0.30760765757029085,0.8455597729303146,53,1.1010976825932013,4.759546948823399,-10.68075308615564,29.359526435686384,1.1898867372058497,-2.67018827153891,7.339881608921596,38.232313735001135,9.558078433750284,,,
2045,-0.1003126651428344,-0.5549547305632473,0.7213144507793805,40,0.734170783517453,-3.4830563590894963,-19.269138154617075,25.04548035996165,-0.8707640897723741,-4.817284538654269,6.261370089990413,25.491877945293005,6.372969486323251,,,
2074,0.0002634831461126389,0.000739243222025007,0.20737858913278015,1183,0.2628867707609636,0.00914866179932305,0.025668003155152292,7.2005993718683925,0.0022871654498307623,0.006417000788788073,1.8001498429670981,9.127954454362179,2.2819886135905447,,,
2076,-0.021036344832416325,-0.048002745219845454,1.3688533414408695,28,1.8950113821135048,-0.7304239652711597,-1.666751319523474,47.52932572150987,-0.18260599131778993,-0.4166878298808685,11.882331430377468,65.79858520974511,16.44964630243628,,,
2101,0.014224801745800373,-0.3643688062327367,0.8027240021700097,652,0.9117529905269814,0.49391356621768057,-12.651613690013084,27.87218280334708,0.12347839155442014,-3.162903422503271,6.96804570083677,31.657887337077852,7.914471834269463,,,
2103,-0.062463944691389967,-0.48394161211900566,0.8291616335824703,138,0.9556195503542911,-2.1688730875744424,-16.803420655996113,28.790150241250537,-0.5422182718936106,-4.200855163999028,7.197537560312634,33.181022027401696,8.295255506850424,,,
2114,-0.0878928073907332,-0.5109547698430902,0.7269812802879788,20,0.8143552676610014,-3.0518140582210385,-17.74137151849178,25.2422440141592,-0.7629535145552596,-4.435342879622945,6.3105610035398,28.27604360372529,7.069010900931323,,,
2116,-0.13271023170622182,-0.8393738361534275,1.2222180211141347,22,1.5178664882206916,-4.607964665303434,-29.14473833891931,42.437854129124986,-1.1519911663258584,-7.286184584729828,10.609463532281247,52.703360203998855,13.175840050999714,,,
2124,0.0304132888798722,0.0012749880626074627,0.6453902600155184,25,0.8304657285095575,1.0560102164869225,0.044270135509856326,22.40924060825883,0.2640025541217306,0.011067533877464081,5.602310152064708,28.835431025308857,7.208857756327214,,,
2125,0.09993304701665902,-0.38897943776109173,1.2579365367826698,87,1.7571932975923488,3.4698752585124346,-13.506144037940627,43.678072430167866,0.8674688146281087,-3.376536009485157,10.919518107541967,61.013265679001535,15.253316419750384,,,
2138,-0.10082736813815658,-0.21998971596395284,0.7115810753877458,22,0.845648123300467,-3.500927876493073,-7.638482917700371,24.707518099613313,-0.8752319691232683,-1.9096207294250926,6.176879524903328,29.362594137238816,7.340648534309704,,,
2145,-0.014532339927098618,-0.019855727578729984,0.6245954541784726,131,0.9280842158591956,-0.5045919069487182,-0.6894305729886625,21.687203359984927,-0.12614797673717956,-0.17235764324716563,5.421800839996232,32.224940143062994,8.056235035765749,,,
2146,-0.057918174838774206,-0.08926080870944571,2.4166428759336003,67,2.981079037582632,-2.0110348667519182,-3.099313800009374,83.91067393816647,-0.5027587166879796,-0.7748284500023435,20.977668484541617,103.50902634294415,25.87725658573604,,,
2147,-0.18214926996439545,-0.36835785596290405,0.7642656984708284,35,0.8410986426573319,-6.324586951703739,-12.790121474743955,26.536833582304105,-1.5811467379259347,-3.197530368685989,6.634208395576026,29.20462707034788,7.30115676758697,,,
2160,-0.0029650476354324343,-0.0003775419489169345,1.6439643702959712,403,2.0628918571814148,-0.10295238399748499,-0.0131090115502938,57.081730865416716,-0.025738095999371248,-0.00327725288757345,14.270432716354179,71.62773106505308,17.90693276626327,,,
2169,-0.10780365826617733,-0.6568681581724819,0.9506399577264628,55,1.0028040188799185,-3.743158622318209,-22.807776188064917,33.008120612178246,-0.9357896555795523,-5.701944047016229,8.252030153044561,34.819361143548534,8.704840285887133,,,
2172,0.005143870871289903,-0.03247587984509437,0.3219081521180656,19,0.4090247922601928,0.17860548439292803,-1.1276274999813667,11.177294857843474,0.04465137109823201,-0.28190687499534167,2.7943237144608686,14.202158836858414,3.5505397092146036,,,
2173,-0.08148110566186256,-0.29422178662943393,0.5332417633909537,49,0.5584339336281305,-2.829186950791192,-10.215968875347205,18.515220508460697,-0.707296737697798,-2.553992218836801,4.628805127115174,19.38994304343595,4.847485760858987,,,
2174,0.04578082829045284,-0.05433227037414083,1.2336841221706871,73,1.6451407972580876,1.5896019199011036,-1.886525091930918,42.8359800900106,0.3974004799752759,-0.4716312729827295,10.70899502250265,57.12257876239532,14.28064469059883,,,
2182,-0.015951377457524455,-0.16952481311210627,0.602671274651707,38,0.6717826628189588,-0.5538637280801642,-5.886240560878554,20.925951998456572,-0.13846593202004104,-1.4715601402196385,5.231487999614143,23.325637618399888,5.831409404599972,,,
2199,-0.10341828752361153,-0.548547776735229,0.8542784912566418,25,0.9084511365144712,-3.5908897793948396,-19.046675903800622,29.662257773413117,-0.8977224448487099,-4.761668975950156,7.415564443353279,31.54324036205547,7.885810090513868,,,
2209,-0.005092474857699121,-0.7024412884671125,0.8716851806521196,26,0.9283044220654794,-0.1768209120090289,-24.390166418155083,30.2666528426029,-0.04420522800225723,-6.097541604538771,7.566663210650725,32.23258614295757,8.058146535739393,,,
2223,-0.07940897979378034,-0.7521644450558346,0.9571667769537647,22,1.083307622832597,-2.757238596399641,-26.116653861228688,33.23474482938862,-0.6893096490999102,-6.529163465307172,8.308686207347154,37.614607279993436,9.403651819998359,,,
2235,-0.09398169208610278,-0.7196278828484417,1.2514396316390457,23,1.4342538036496582,-3.263232312613661,-24.986919348263594,43.452486889770945,-0.8158080781534153,-6.246729837065899,10.863121722442736,49.800160570323435,12.450040142580859,,,
2238,-0.1481387621618127,-0.19378874813733732,0.915381453195306,39,1.5890770867586275,-5.143674099782461,-6.7287329128246265,31.783874817847416,-1.2859185249456153,-1.6821832282061566,7.945968704461854,55.17593460643307,13.793983651608267,,,
2247,0.040621294578476574,-0.8928567509736335,1.3154532602584845,23,1.3827623888228735,1.4104525903538636,-31.001772107306504,45.6751681026951,0.3526131475884659,-7.750443026826626,11.418792025673776,48.012275664707815,12.003068916176954,,,
2249,-0.03513331091283937,-0.7373431032994968,1.0344777709414577,53,1.098427688223164,-1.2198988215156086,-25.602027232765128,35.91913716262929,-0.30497470537890214,-6.400506808191282,8.979784290657323,38.139606190484706,9.534901547621176,,,
2252,0.22806471653066074,-0.193390810203704,0.657269702399242,21,0.7010621536494536,7.918863087377602,-6.714915711893011,22.82171860670648,1.9797157718444005,-1.6787289279732527,5.70542965167662,24.342280099016328,6.085570024754082,,,
2258,0.18398332426879319,-0.3169493511903015,0.5418920073313976,22,0.5604758290455144,6.388268985261037,-11.005115372029648,18.81557427856079,1.5970672463152593,-2.751278843007412,4.703893569640197,19.46084173611835,4.865210434029588,,,
2279,-0.003512457629836228,-0.24807277669673727,1.2837238316049138,110,1.6113855385981817,-0.12195955382317351,-8.613582952464112,44.57345888098582,-0.03048988845579338,-2.153395738116028,11.143364720246455,55.950528671206065,13.987632167801516,,,
2323,0.09600589658923193,-0.6586175844871877,1.3590876548158237,82,1.5797533186122352,3.3335167413713114,-22.86851976856413,47.19024155051503,0.8333791853428278,-5.717129942141033,11.797560387628758,54.85219472885403,13.713048682213508,,,
2344,-0.11091106387378317,0.0984984363306315,0.4291524014344237,30,0.5404567936590237,-3.8510539598254994,3.420062706272187,14.90102968260606,-0.9627634899563748,0.8550156765680468,3.725257420651515,18.76574078942862,4.691435197357155,,,
2352,-0.22825018413868392,0.08903470930296642,1.797392467740487,32,2.317173637583711,-7.925302893663384,3.0914631764176,62.409061264885196,-1.981325723415846,0.7728657941044,15.602265316221299,80.45690304418162,20.114225761045404,,,
2355,-0.19564136868945514,-0.6963528100507375,1.7028109799828672,77,2.1886285726644243,-6.793059603635261,-24.178762270581707,59.12500284696512,-1.6982649009088153,-6.044690567645427,14.78125071174128,75.99356130005414,18.998390325013535,,,
2356,-0.07257544388521278,-0.12972139779106473,0.4797913663713081,19,0.5894566030536798,-2.5199645625823583,-4.50418637410135,16.65931582314456,-0.6299911406455896,-1.1260465935253374,4.16482895578614,20.467112171229868,5.116778042807467,,,
2370,-0.08104036328726866,-0.0525007805967096,0.4609902016600741,21,0.51606443151877,-2.8138834940605424,-1.8229321038789508,16.006501782041095,-0.7034708735151356,-0.4557330259697377,4.001625445510274,17.918789191194733,4.479697297798683,,,
2371,-0.2743125740969117,-0.1866921104224639,0.8318905718226342,25,0.9313182051011049,-9.524681197792967,-6.482323458088792,28.884904434825504,-2.3811702994482418,-1.620580864522198,7.221226108706376,32.33723071752056,8.08430767938014,,,
2374,0.07031118357000261,-0.021212712110185737,0.4284223409678364,21,0.5900276522810612,2.441344915917631,-0.7365477898898692,14.875680523085215,0.6103362289794078,-0.1841369474724673,3.718920130771304,20.48694014250301,5.121735035625752,,,
2381,-0.01949425151088333,-0.007643441303315512,0.3241983840813213,36,0.4345110752203169,-0.6768794009608909,-0.26539556893372124,11.256816292071639,-0.16921985024022274,-0.06634889223343031,2.8142040730179096,15.087093553799845,3.771773388449961,,,
2389,0.013625917027496826,-0.4853468259076834,0.7948322525082354,80,0.9482347703506361,0.4731190910287448,-16.852212489166583,27.598165471590953,0.1182797727571862,-4.213053122291646,6.899541367897738,32.92460769611479,8.231151924028698,,,
2390,-0.2381759997679592,-0.06853284338599906,0.715272018681215,25,0.8181985201429804,-8.26994706394308,-2.3795973880486594,24.83567503264915,-2.06748676598577,-0.5948993470121648,6.208918758162287,28.409489016404567,7.102372254101142,,,
2412,-0.043643755752633885,-0.5100817711033326,0.7207045325261785,22,0.7348234693424445,-1.5153984872429538,-17.711059256249918,25.024302778373972,-0.37884962181073845,-4.4277648140624795,6.256075694593493,25.514540502508357,6.378635125627089,,,
2413,0.01049644518803537,-0.012513649853950584,0.6066823671096593,45,0.8317122465881995,0.36445756981896416,-0.4344989502288722,21.06522515078159,0.09111439245474104,-0.10862473755721805,5.266306287695397,28.878712626035465,7.219678156508866,,,
2424,0.053674442370896275,-0.1232500419566472,0.8803653476335904,65,1.107388779323762,1.8636839880022604,-4.279487956818704,30.568045600533527,0.4659209970005651,-1.069871989204676,7.642011400133382,38.45075319567967,9.612688298919917,,,
2428,0.006088109886814751,0.043699504900369064,1.0649851534706685,31,1.2588345813761965,0.2113913514899818,1.5173342091506148,36.978414498808554,0.05284783787249545,0.3793335522876537,9.244603624702139,43.7092543345443,10.927313583636074,,,
2431,0.1250156288342906,-0.21192784641465628,0.7853283735224073,28,0.8751707512988255,4.340792664384239,-7.358558683209695,27.268171785445027,1.0851981660960597,-1.8396396708024239,6.817042946361257,30.38767882659782,7.596919706649455,,,
2444,0.02870153660566341,-0.15975130493809575,0.5142592337594161,47,0.5740659247067795,0.996574754021845,-5.546884810060561,17.856109114594446,0.24914368850546126,-1.3867212025151403,4.4640272786486115,19.932717037668798,4.9831792594171995,,,
2447,-0.0018079358776881562,-0.002207085884235618,0.4780768265473081,398,0.6399551030107327,-0.06277514954508816,-0.07663443607242913,16.59978357137563,-0.01569378738627204,-0.019158609018107283,4.149945892843908,22.22052108673866,5.555130271684665,,,
2450,-0.0011035318147225787,-0.255099893237975,0.7851611269099424,775,0.8926714857509974,-0.03831683167079738,-8.857578493008969,27.262364648567022,-0.009579207917699345,-2.2143946232522422,6.8155911621417555,30.995339328246132,7.748834832061533,,,
2452,-0.03822286717184313,-0.006812859780695607,1.748221518448161,46,2.6945883462825724,-1.3271743939407372,-0.2365561173053129,60.70174756355705,-0.3317935984851843,-0.059139029326328224,15.175436890889262,93.56149655962348,23.39037413990587,,,
2454,-0.1995741930672559,-0.08961717137659454,1.3530742175295898,22,1.7040242547916389,-6.92961513168126,-3.1116874245381156,46.981442981062415,-1.732403782920315,-0.7779218561345289,11.745360745265604,59.16713017487529,14.791782543718822,,,
2459,0.032717435296831354,-0.6831941822518268,0.9247760163753918,19,1.0130479037290894,1.1360147883765783,-23.721868396147933,32.110072840586355,0.2840036970941446,-5.930467099036983,8.027518210146589,35.17504931328144,8.79376232832036,,,
2469,-0.02347140218330854,-0.4261288393669488,0.6757099678924819,33,0.7437679700204917,-0.8149740266088392,-14.796045560499197,23.46200150516276,-0.2037435066522098,-3.699011390124799,5.86550037629069,25.825111455051513,6.456277863762878,,,
2470,-0.04603428064052786,-0.24867893073477326,0.9468875593823483,42,1.1541109823755757,-1.5984022924004082,-8.634629832972797,32.8778298368739,-0.39960057310010205,-2.158657458243199,8.219457459218475,40.07304153004474,10.018260382511185,,,
2472,-0.22833072683854283,-0.4574029400158327,1.0133269112753467,21,1.2595462389688399,-7.928099497287884,-15.881944883229744,35.18473701330259,-1.982024874321971,-3.970486220807436,8.796184253325647,43.73396450947606,10.933491127369015,,,
2487,0.1908933925691671,-0.062305074325362704,0.9461758632039136,19,1.1857100360604529,6.62820037678662,-2.163356790725244,32.85311832216629,1.657050094196655,-0.540839197681311,8.213279580541572,41.17022387209105,10.292555968022763,,,
2502,-0.08678810630624384,-0.17427192346932316,0.6375652575211208,25,0.6923721796181077,-3.013456627165399,-6.051069726701839,22.13754087164836,-0.7533641567913497,-1.5127674316754598,5.53438521791209,24.040546820699937,6.010136705174984,,,
2508,0.1313870170811844,-0.4031530501013529,0.7328471114289621,34,0.7921736824089579,4.562020007092885,-13.998280205619176,25.44591740303642,1.1405050017732212,-3.499570051404794,6.361479350759105,27.505854600603836,6.876463650150959,,,
2509,0.022645926899297095,-0.5094940155702218,0.7524767609459546,53,0.8304545818344681,0.7863118737973938,-17.69065120862924,26.127498093565436,0.19657796844934844,-4.42266280215731,6.531874523391359,28.835043990456402,7.2087609976141005,,,
2510,-0.01509212302051372,-0.13882343080927467,0.6937497325355786,242,0.8788491424093646,-0.5240286955182774,-4.820227164559635,24.08837821310036,-0.13100717387956934,-1.2050567911399088,6.02209455327509,30.51539992273796,7.62884998068449,,,
2514,0.09817502488532395,-0.4391520486778449,0.7517023160379329,19,0.8302615386811062,3.4088332140682183,-15.24823743419213,26.100607817469108,0.8522083035170546,-3.8120593585480327,6.525151954367277,28.82834114608537,7.207085286521343,,,
2517,0.02461458634068368,-0.27397064563380086,0.970018507387432,54,1.1906292944930144,0.8546676669212188,-9.512808757696833,33.680982613506416,0.2136669167303047,-2.3782021894242082,8.420245653376604,41.341030363386444,10.335257590846611,,,
2518,-0.06489460833458252,-0.40272424745665153,0.8984958502350646,132,1.0626614526302347,-2.2532705905933743,-13.983391320189854,31.197572911861915,-0.5633176476483436,-3.4958478300474636,7.799393227965479,36.89773095822701,9.224432739556752,,,
2519,-0.002455231957180961,-0.31752575139696354,0.7232636096437911,325,0.8188119991049243,-0.08525056401723732,-11.025129140005369,25.113159054051717,-0.02131264100430933,-2.756282285001342,6.278289763512929,28.430790232921183,7.107697558230296,,,
2522,0.047599283001086366,-0.06414941203245454,1.2777372227501604,31,1.814209148923149,1.6527423043637208,-2.2273958845908868,44.36559184833107,0.4131855760909302,-0.5568489711477217,11.091397962082768,62.992970068909585,15.748242517227396,,,
2531,0.06978703395947666,-0.7224121934725528,1.0486359209126355,33,1.1874002149393719,2.4231453931409486,-25.08359618175398,36.41073644592853,0.6057863482852371,-6.270899045438495,9.102684111482132,41.228910263124874,10.307227565781218,,,
2532,-0.145644335805101,-0.33241016852319244,0.8624736333183208,34,0.9649038682124123,-5.057062627824717,-11.54194587146229,29.946809496078735,-1.2642656569561792,-2.8854864678655723,7.486702374019684,33.50339211207138,8.375848028017845,,,
2536,0.17659215258505903,-0.07078457809902917,1.6942222339580308,39,2.202918426619176,6.13163272205842,-2.457782120754491,58.82678440749075,1.532908180514605,-0.6144455301886228,14.706696101872687,76.48973360907102,19.122433402267756,,,
2537,0.08000546473509287,-0.17355792272398085,0.8778738026655959,99,1.2265697892991259,2.777949746531895,-6.026278192822064,30.48153417615482,0.6944874366329737,-1.506569548205516,7.620383544038705,42.58895622404425,10.647239056011063,,,
2547,-0.003602700559860006,-0.004712081525008571,0.2309343037226301,64,0.2917841565846781,-0.12509296883945914,-0.16361289471134763,8.018500893857162,-0.031273242209864785,-0.04090322367783691,2.0046252234642905,10.131329484933193,2.5328323712332983,,,
2572,0.005670904722630398,-0.0012328650822496653,0.34771964708745107,1156,0.46645168411119575,0.1969051537791727,-0.04280754138587288,12.073521586170477,0.049226288444793175,-0.01070188534646822,3.0183803965426192,16.19613537570894,4.049033843927235,,,
2582,-0.28129339680681215,-0.34661609636733093,1.9281631241232453,29,2.2794096050937807,-9.767069323926131,-12.035204098066465,66.94967999580733,-2.441767330981533,-3.0088010245166164,16.737419998951832,79.14566030806625,19.786415077016564,,,
2583,-0.04491181947120088,-0.3785568248183505,0.5366125945498088,44,0.6137750714464928,-1.559428195679037,-13.144250071342768,18.632262507958462,-0.38985704891975925,-3.286062517835692,4.6580656269896155,21.311498030765122,5.327874507691281,,,
2601,0.004764772413992709,-0.21095484857802474,0.9237266168043163,46,1.1454929461589702,0.16544242775865484,-7.324774252326176,32.07363558867947,0.04136060693966371,-1.831193563081544,8.018408897169868,39.77380607653176,9.94345151913294,,,
2613,-0.014228794750984264,-0.12673632907460566,0.6277874808698936,96,0.842804026482907,-0.4940522113436756,-4.400538818128458,21.798036910764445,-0.1235130528359189,-1.1001347045321146,5.449509227691111,29.2638414075395,7.315960351884875,,,
2619,-0.037723961815770146,-0.2481548437736164,0.647748861508089,19,0.6805289295615974,-1.309851402167171,-8.61643248550751,22.491135969283867,-0.32746285054179275,-2.1541081213768773,5.622783992320967,23.629325492237786,5.9073313730594466,,,
2624,0.0700164792869316,-0.13307166627766703,0.5883580193768737,35,0.6954754261132692,2.431112193800839,-4.620514396493155,20.42896714880381,0.6077780484502098,-1.1551285991232887,5.107241787200953,24.148297745504934,6.037074436376233,,,
2629,0.013596232008710947,-0.209277993347781,1.2440754047969855,129,1.6269924051045919,0.4720883678064615,-7.266550485021652,43.19678620536094,0.11802209195161538,-1.816637621255413,10.799196551340234,56.49243029004164,14.12310757251041,,,
2655,0.07772368471588882,-0.675130367455535,0.8059600764876351,24,0.8582372559370421,2.6987217807050916,-23.44187661879109,27.984545775803667,0.6746804451762729,-5.860469154697772,6.996136443950917,29.799714000645977,7.449928500161494,,,
2661,0.1793486561403578,-0.4498389579592346,0.6598375658182718,24,0.7512340993324055,6.227344038505504,-15.619308298260545,22.910879960342033,1.556836009626376,-3.9048270745651363,5.727719990085508,26.084350397019783,6.521087599254946,,,
2672,0.03864627886728949,-0.2414216873186947,0.6403900536366445,46,0.7419908513048998,1.3418760948300257,-8.382643827079718,22.23562344237157,0.3354690237075064,-2.0956609567699296,5.558905860592892,25.763406339008732,6.440851584752183,,,
2675,0.10844190910829135,-0.5746733209879693,1.025103984563733,52,1.145566966474523,3.765319968058092,-19.95380705134427,35.593660552021944,0.941329992014523,-4.988451762836068,8.898415138005486,39.77637620992839,9.944094052482097,,,
2682,-0.03617486295236377,-0.45655140404628347,0.86838396153805,34,0.9917253799849911,-1.2560635914319749,-15.852377851295055,30.152027912524172,-0.3140158978579937,-3.9630944628237637,7.538006978131043,34.43468864383886,8.608672160959715,,,
2683,-0.09918935236332674,-0.19951497570841545,0.7569289063369014,72,1.062832302833556,-3.4440526927594313,-6.927558986547601,26.28208548582989,-0.8610131731898578,-1.7318897466369003,6.570521371457472,36.903663218986736,9.225915804746684,,,
2685,0.016961984185525334,0.06782584199178467,0.8378376275247346,54,1.2036057267731815,0.5889540148898107,2.3550488856387473,29.091398102913836,0.14723850372245267,0.5887622214096868,7.272849525728459,41.79159804501841,10.447899511254603,,,
2690,-0.05201184021941714,0.04408336321423789,0.8416395657760803,80,1.1151333856407561,-1.805955116098602,1.5306625375247682,29.223409002877062,-0.4514887790246505,0.38266563438119205,7.305852250719266,38.71966141621834,9.679915354054584,,,
2695,-0.00012591799803957033,-4.329043190171633e-05,0.349886360129965,1146,0.4377190033636356,-0.004372124727929961,-0.0015031303764913946,12.148754196432645,-0.0010930311819824902,-0.00037578259412284864,3.037188549108161,15.198479234792156,3.799619808698039,,,
2700,0.0005431770383202766,0.0022348108320263313,0.44416771525127346,54,0.5580232553011152,0.018860193124556644,0.07759710170961828,15.422391408954718,0.004715048281139161,0.01939927542740457,3.8555978522386796,19.37568347056532,4.84392086764133,,,
2706,0.046961298467380175,-0.07067677210515026,0.6893714875358338,74,1.0635349138937258,1.6305902053843744,-2.4540388810350273,23.93635679021922,0.4076475513460936,-0.6135097202587568,5.984089197554805,36.92805928021795,9.232014820054488,,,
2726,0.02593070272503101,-0.5194195214515863,0.9110604619785818,21,1.013369130020988,0.9003658600185268,-18.03528462384198,31.63384136082032,0.2250914650046317,-4.508821155960495,7.90846034020508,35.18620293258874,8.796550733147185,,,
2729,0.059942310910485,-0.26674121848938864,0.7409554928257619,24,0.7956467327604819,2.0813169194338603,-9.261788588388553,25.727456621896106,0.5203292298584651,-2.3154471470971383,6.431864155474027,27.626445854909456,6.906611463727364,,,
2740,0.18677614061776707,-0.436636302523041,0.724089447046401,41,0.738938208875388,6.485241154530108,-15.16088569620503,25.141833780345138,1.621310288632527,-3.7902214240512575,6.2854584450862845,25.65741248857122,6.414353122142805,,,
2746,0.03734830680075848,-0.14286044755747035,0.5813675626238405,56,0.6931154537558125,1.2968079087359359,-4.960400460090486,20.18624450942499,0.32420197718398397,-1.2401001150226214,5.046561127356248,24.066354785309322,6.0165886963273305,,,
2786,-0.032923080228738105,-0.38154366432404785,0.6734012205938645,77,0.712199731697554,-1.1431551917022444,-13.24795911265959,23.381837181460167,-0.2857887979255611,-3.3119897781648975,5.845459295365042,24.72899908400247,6.182249771000618,,,
2790,0.022877876829175584,-0.5157143267517793,1.3737829124830758,22,1.6867103599940148,0.7943656392626347,-17.906632853475283,47.70049028723736,0.19859140981565868,-4.476658213368821,11.92512257180934,58.56595711971218,14.641489279928045,,,
2793,-0.09798706319413175,-0.15560523269882687,0.35504429925664205,32,0.5817511195418769,-3.4023068082266428,-5.402924889768666,12.327848158789125,-0.8505767020566607,-1.3507312224421666,3.0819620396972813,20.199562372733048,5.049890593183262,,,
2796,-0.028855554765636213,-0.19109265442340514,0.5814356723348431,43,0.6476636995898017,-1.0019225725724206,-6.6351191468894735,20.188609414810422,-0.25048064314310514,-1.6587797867223684,5.0471523537026055,22.488178977157098,5.6220447442892745,,,
2801,0.00981621139963733,-0.10358168137419635,1.1521127006478942,213,1.523979502895,0.3408384922182074,-3.5965631406748457,40.00365719189618,0.08520962305455185,-0.8991407851687114,10.000914297974045,52.915616299520195,13.228904074880049,,,
2814,-0.002242507572213981,-0.2540897485645848,0.5752468330749826,25,0.6422999721438035,-0.07786434792241385,-8.822504249659515,19.973720538029546,-0.019466086980603464,-2.2056260624148787,4.993430134507387,22.301939632777145,5.575484908194286,,,
2818,0.025813058380697182,-0.17066722796666964,0.7849915975141012,210,0.8987683568464693,0.8962810130945675,-5.925907489458703,27.256478248884623,0.22407025327364188,-1.4814768723646758,6.814119562221156,31.207034886423106,7.801758721605776,,,
2840,-0.022383979404428992,-0.23835834621878127,0.7433886040693192,33,0.8622489844412571,-0.7772165328805835,-8.276278497408523,25.8119391104949,-0.19430413322014586,-2.0690696243521307,6.452984777623725,29.93900923776933,7.4847523094423325,,,
2847,-0.08382880358142139,-0.2026213216620862,0.626446165753776,35,0.6642608841533959,-2.9107037179541138,-7.035417530750958,21.75146376730261,-0.7276759294885284,-1.7588543826877394,5.4378659418256525,23.064466419574213,5.766116604893553,,,
2850,0.09088553279220264,-0.25648805209214487,0.7026167333258928,20,0.7290282927901257,3.15572746961086,-8.905778144743454,24.39625821454165,0.788931867402715,-2.2264445361858636,6.0990645536354124,25.313320382258745,6.328330095564686,,,
2857,-0.08744141220091112,-0.5493866197884825,0.9367926391584247,67,1.0856090821691269,-3.036140714440036,-19.075802212295688,32.527314016858824,-0.759035178610009,-4.768950553073922,8.131828504214706,37.69451855107643,9.423629637769107,,,
2860,-0.0009006080992966534,-0.002117462134264888,0.5622090968334318,734,0.8395768960399547,-0.0312709144237784,-0.07352252022594544,19.52102426025042,-0.0078177286059446,-0.01838063005648636,4.880256065062605,29.15178898429931,7.287947246074827,,,
2871,-0.004248049004950079,-0.5010557258057341,0.7227441118263468,41,0.7753968545259633,-0.14750075754987665,-17.3976569114267,25.095121050834415,-0.036875189387469164,-4.349414227856675,6.273780262708604,26.9233295828505,6.730832395712625,,,
2882,-0.08108168548012783,-0.47861523434101677,1.7472907312521,28,2.2378449949685364,-2.8153182832409986,-16.618478166788783,60.66942877053542,-0.7038295708102497,-4.154619541697196,15.167357192633855,77.70245391529753,19.42561347882438,,,
2889,0.02194768221350406,-0.07816466052137896,0.5624626236250891,92,0.6840155757485127,0.762067421817288,-2.7140333426233205,19.529827217510345,0.190516855454322,-0.6785083356558301,4.882456804377586,23.750388821139857,5.937597205284964,,,
2891,0.011544551245305817,-0.06601373283077165,0.5793016608604906,761,0.6646652896723585,0.4008499083395086,-2.292128831350053,20.114512268397956,0.10021247708487716,-0.5730322078375133,5.028628067099489,23.07850818800363,5.769627047000908,,,
2892,-0.014119859529556614,-0.27321745100175154,0.8985423205932112,151,1.0058674406413315,-0.4902697625852648,-9.486656333682818,31.199186455637477,-0.1225674406463162,-2.3716640834207046,7.799796613909369,34.92572927394831,8.731432318487078,,,
2893,0.003350053534321416,0.032949756867060115,0.34045346708503144,42,0.4229352102509366,0.11632055881870822,1.1440814579380614,11.821225284126461,0.029080139704677054,0.28602036448451534,2.9553063210316153,14.685156370333022,3.6712890925832555,,,
2908,0.06003907277270822,-0.11795906051163943,0.5325563702837262,70,0.6194912189458381,2.084676684813975,-4.095774499085144,18.49142228899154,0.5211691712034937,-1.023943624771286,4.622855572247885,21.509974104237394,5.377493526059348,,,
2910,0.026117062363598537,-0.05618777733423491,1.142661819233366,37,1.6663853934889572,0.9068366393888684,-1.9509520045993047,39.675503687420935,0.2267091598472171,-0.4877380011498262,9.918875921855234,57.86023363272358,14.465058408180894,,,
2948,-0.15017506268780303,-0.3958131410044506,1.226057106445177,24,1.395592805971076,-5.2143785266458975,-13.743423881956534,42.57115484998944,-1.3035946316614744,-3.4358559704891336,10.64278871249736,48.45777340892771,12.114443352231927,,,
2951,0.011956425632180587,-0.29446170695969703,0.7200243341713056,233,0.8041534913625256,0.41515101080057437,-10.2242993890546,25.000684931096075,0.10378775270014359,-2.55607484726365,6.250171232774019,27.921817527089615,6.980454381772404,,,
2957,-0.16089304688883652,-0.1914701399319559,0.5536393016640277,39,0.9317313176596516,-5.586528374074182,-6.648226198717373,19.22346383237837,-1.3966320935185454,-1.6620565496793434,4.805865958094593,32.35157481177842,8.087893702944605,,,
2959,-0.04994971021596398,2.517790773026718e-05,0.6007331166230536,21,0.7161734987969105,-1.7343538381187014,0.000874227312210337,20.85865527538567,-0.43358845952967534,0.00021855682805258425,5.214663818846417,24.866976225226328,6.216744056306582,,,
2966,-0.016455152595678712,-0.4779006945121296,0.5968110967569423,23,0.590054887691205,-0.5713558084271563,-16.593667914850165,20.722474901594552,-0.14283895210678907,-4.148416978712541,5.180618725398638,20.48788581041402,5.121971452603505,,,
2968,0.022064403949942024,-0.015189639079965138,1.5756505864202766,201,2.0184906928751083,0.766120233949887,-0.5274146481345495,54.70973966168484,0.19153005848747176,-0.13185366203363738,13.67743491542121,70.08603383800951,17.52150845950238,,,
2974,0.03213818039833833,-0.4759964202775994,0.9180389030219057,35,1.0429654232822743,1.1159018997911034,-16.527547704878806,31.87614679072661,0.27897547494777586,-4.1318869262197016,7.969036697681653,36.213845427207126,9.053461356801781,,,
2978,0.10924381328496842,-0.22898622314910277,1.287067291456248,23,1.7778603078999677,3.793163684880674,-7.950859640183147,44.68955049394384,0.9482909212201684,-1.9877149100457867,11.17238762348596,61.73086561090268,15.43271640272567,,,
3013,0.06827849721376207,-0.033280921965397225,1.7683864358433907,134,2.408142591877853,2.370765980256247,-1.1555801724825225,61.401913825354214,0.5926914950640617,-0.28889504312063063,15.350478456338553,83.61552707518283,20.903881768795706,,,
3020,0.11037804851423061,-0.08297868314374454,0.9008514681400936,25,1.1395964088713804,3.8325466005111153,-2.881185836117098,31.279364676760334,0.9581366501277788,-0.7202964590292745,7.8198411691900835,39.56906650883207,9.892266627208018,,,
3023,-0.03012344599117047,-0.3096522530660312,1.947554546066463,34,2.644394889096786,-1.0459462917054212,-10.751745530958736,67.62298894851973,-0.2614865729263553,-2.687936382739684,16.905747237129933,91.8186793392186,22.95466983480465,,,
3030,0.17195717093314847,0.016263183753024983,0.9601807847337412,23,1.155360321619313,5.970696889140782,0.5646902662725335,33.33939720752497,1.4926742222851954,0.14117256656813337,8.334849301881242,40.116421087265785,10.029105271816446,,,
3035,-0.10498702205678358,-0.16708759922101177,0.8999086018982622,28,1.0770897508839776,-3.6453593798556394,-5.801615620151971,31.24662647511146,-0.9113398449639099,-1.4504039050379927,7.811656618777865,37.398710330193474,9.349677582548368,,,
3046,-0.007307167324436419,-0.005218062960857232,0.9153118087032062,767,1.1496710807551374,-0.25371946383908134,-0.18118158212688482,31.781456621792724,-0.06342986595977033,-0.045295395531721204,7.945364155448181,39.91887926597988,9.97971981649497,,,
3048,0.04189283600743372,-0.26235328386398726,0.8287054812097502,244,1.1358438336398355,1.4546030518501138,-9.109430722325365,28.774311718564945,0.36365076296252846,-2.2773576805813414,7.193577929641236,39.43876959164237,9.859692397910592,,,
3049,0.03949291870341548,-0.4392160152166272,0.6318495670694226,54,0.6633284892764872,1.3712731232199924,-15.25045848035173,21.939080667784495,0.3428182808049981,-3.8126146200879325,5.484770166946124,23.03209180465819,5.7580229511645475,,,
3069,-0.0053901797603347085,-0.14099358801030393,0.7877575774938462,130,0.9814767392753396,-0.18715782163834177,-4.895579362893773,27.35251860574133,-0.04678945540958544,-1.2238948407234433,6.838129651435333,34.07883534111834,8.519708835279586,,,
3073,0.03679473547028262,-0.2708929879854731,0.7526818339293512,598,0.8554938645333525,1.2775868049991532,-9.405946328831599,26.13461863769493,0.3193967012497883,-2.3514865822078996,6.533654659423733,29.704457964327066,7.4261144910817665,,,
3085,0.09259883737007968,-0.38722998222341687,1.0483719547802886,32,1.3492835493119548,3.215216831163907,-13.445399442761481,36.40157101388118,0.8038042077909767,-3.3613498606903702,9.100392753470295,46.8498233992097,11.712455849802424,,,
3103,0.09136264055895839,-0.36426851498549523,1.060126332538662,33,1.5183957152115524,3.172293605488153,-12.648131377326365,36.809706518407424,0.7930734013720383,-3.1620328443315913,9.202426629601856,52.721736023575524,13.180434005893881,,,
3105,0.034304318433112505,-0.2437391709138838,0.6101281951874403,93,0.6632877923013565,1.1911145446345324,-8.463111492471874,21.184871193298303,0.2977786361586331,-2.1157778731179686,5.296217798324576,23.0306787242877,5.757669681071925,,,
3141,0.01015209560674391,-0.03395266033422169,0.5129586212668299,1109,0.7201322881114588,0.35250106365736206,-1.1789042721248455,17.81094924762687,0.08812526591434051,-0.2947260680312114,4.452737311906717,25.004433307806075,6.251108326951519,,,
3158,0.0003487805969603428,-7.008752775293454e-05,0.319918569722842,680,0.4622767920045799,0.012110359887657024,-0.002433579138637393,11.10821257791652,0.003027589971914256,-0.0006083947846593483,2.77705314447913,16.051174771983025,4.012793692995756,,,
3177,-0.01484154941732764,0.01561943674314732,0.2728673308093439,46,0.39801743786128535,-0.5153282788684503,0.5423380825955613,9.474499460362038,-0.12883206971711259,0.13558452064889032,2.3686248650905095,13.81996147741955,3.4549903693548876,,,
3180,-0.01868402664326243,-0.019195256755947455,0.6736049116710037,51,1.0010365777315628,-0.6487467731073581,-0.6664977050800075,23.38890974304059,-0.16218669327683952,-0.16662442627000187,5.847227435760147,34.75799205199532,8.68949801299883,,,
3213,-0.12057565155947293,-0.20757699711390387,0.7271120372916746,27,0.8770425360473136,-4.186627773448019,-7.20748849378897,25.24678415884153,-1.0466569433620048,-1.8018721234472426,6.311696039710382,30.452670936634824,7.613167734158706,,,
3222,0.06897990734358245,0.013553679975407249,0.7209277630735678,25,0.9545081387093343,2.3951203427838696,0.47061087610609054,25.032053789440422,0.5987800856959674,0.11765271902652263,6.2580134473601055,33.1424315922655,8.285607898066376,,,
3234,-0.07555773202351569,-0.12388232450468119,0.567565263920889,30,0.6578705850199884,-2.623515571320512,-4.3014420714515404,19.70700109386111,-0.655878892830128,-1.0753605178628851,4.926750273465277,22.84258245306404,5.71064561326601,,,
3235,-0.001682447923010904,-0.001938107620879926,0.25517939208496115,1103,0.3400184494364498,-0.05841795678278461,-0.0672949728121928,8.86033885197402,-0.014604489195696152,-0.0168237432030482,2.215084712993505,11.806120601332411,2.951530150333103,,,
3241,-0.0011660241110106769,0.1001088429263881,1.7903063214185,63,2.3825486927222603,-0.040486689182512726,3.4759792440900474,62.16301609229316,-0.010121672295628182,0.8689948110225119,15.54075402307329,82.72685570870233,20.681713927175583,,,
3248,-0.08668514621703813,-0.17299357366470522,1.8550006962275354,39,2.3857427869680854,-3.009881646947998,-6.006682864785895,64.40933417441249,-0.7524704117369995,-1.5016707161964737,16.102333543603123,82.83776104910586,20.709440262276466,,,
3252,-0.07047132684357355,-0.2702297517321405,0.5538511270806233,37,0.5956465124319433,-2.4469054106625605,-9.382917439643382,19.230818834493405,-0.6117263526656401,-2.3457293599108455,4.807704708623351,20.682038204661936,5.170509551165484,,,
3291,-0.030338505561161355,-0.04501302258283246,2.5877904721352696,32,3.1282713322807396,-1.0534135900946446,-1.5629421701211088,89.85326077348084,-0.26335339752366116,-0.3907355425302772,22.46331519337021,108.61983719945185,27.154959299862963,,,
3323,-0.03367822249234207,-0.6718815265869156,1.4421114979755816,29,1.5972277493301812,-1.1693752413791014,-23.329070366150884,50.07299543270815,-0.29234381034477536,-5.832267591537721,12.518248858177037,55.45894191224255,13.864735478060638,,,
3326,0.031528068627113465,-0.08084171005609099,0.5219744875725929,176,0.7279179394314933,1.0947175988706337,-2.8069858565675916,18.12399815749557,0.2736793997176584,-0.7017464641418979,4.530999539373893,25.27476669294031,6.318691673235078,,,
3328,-0.021483770655865233,-0.06527986564528285,1.4090144123547272,54,1.733272687538494,-0.7459594847129526,-2.266647494935511,48.92379842578084,-0.18648987117823815,-0.5666618737338778,12.23094960644521,60.18269425671159,15.045673564177898,,,
3339,0.00018402357915632824,0.0001265089368828957,0.15034382196388596,1096,0.22175965244488244,0.00638966671546603,0.004392643306447905,5.220238186230048,0.0015974166788665074,0.0010981608266119763,1.305059546557512,7.699938652191208,1.924984663047802,,,
3341,-0.012995538240438823,-0.012446942787039367,0.5288301582254924,605,0.6246821344871994,-0.4512310787845168,-0.4321827474515809,18.362040753905546,-0.1128077696961292,-0.10804568686289523,4.590510188476387,21.69021307366454,5.422553268416135,,,
3347,0.0093574120926192,-0.38889255091134245,0.7251882256852201,28,0.7717553645069454,0.32490806267992384,-13.503127152743634,25.179985572242213,0.08122701566998096,-3.3757817881859085,6.294996393060553,26.796889766410157,6.699222441602539,,,
3367,0.0038485874363150935,-0.19943677035889695,0.6305720721306974,35,0.7269462316066856,0.1336306529637327,-6.92484354040162,21.89472348852208,0.03340766324093317,-1.731210885100405,5.47368087213052,25.241027053847336,6.310256763461834,,,
3409,-0.05480930084428824,-0.026298634069866822,0.47619948927948375,35,0.557135259879993,-1.9030885439153764,-0.9131411721739158,16.534598666762236,-0.4757721359788441,-0.22828529304347894,4.133649666690559,19.344850493553118,4.836212623388279,,,
3430,0.16380217839065353,-0.06745573526812791,0.6217566131160135,50,0.737711807219025,5.687539238080272,-2.3421980399799374,21.588633120614222,1.421884809520068,-0.5855495099949843,5.397158280153556,25.614829370258985,6.403707342564746,,,
3445,0.14798398502476184,-0.3953905165245209,1.4281479291980332,135,1.7597881900628298,5.138299928029781,-13.728749514764415,49.58815239761411,1.2845749820074452,-3.4321873786911037,12.397038099403527,61.10336553536158,15.275841383840396,,,
3447,0.012796447742406155,-0.04265630387523393,0.5133135569908173,89,0.5944648828483013,0.4443182585118265,-1.4811121831558725,17.823273325835157,0.11107956462795662,-0.3702780457889681,4.455818331458789,20.64100966225872,5.16025241556468,,,
3450,0.07218041448246475,-0.25732874127863614,1.0846787998187095,76,1.3310880293643101,2.5062483516601413,-8.934968554676804,37.66221728730523,0.6265620879150353,-2.233742138669201,9.415554321826308,46.218038555587576,11.554509638896894,,,
3451,0.02144329538794348,0.0218516071035634,0.23567166910483578,46,0.3119320927315253,0.7445541024601735,0.7587315018499284,8.182991694658108,0.18613852561504338,0.1896828754624821,2.045747923664527,10.830906123824022,2.7077265309560055,,,
3459,0.057579942562246696,-0.10834285345385158,0.7659475882477875,72,0.922696312929143,1.99929076564633,-3.761880557624635,26.59523215913968,0.4998226914115825,-0.9404701394061588,6.64880803978492,32.03786137752571,8.009465344381427,,,
3461,-0.0010415477605397042,-0.07795684041400364,0.7511592435911194,413,1.0212887809411604,-0.03616462134145961,-2.706817412855034,26.08175125597085,-0.009041155335364903,-0.6767043532137585,6.520437813992713,35.46118905183897,8.865297262959743,,,
3472,-0.0055882627395446305,0.005221295425313771,0.33223381918689526,91,0.40123875355281863,-0.19403565884246868,0.18129381975774478,11.535822669807377,-0.04850891471061717,0.045323454939436195,2.8839556674518443,13.931812000860969,3.4829530002152422,,,
3491,0.02706106157611618,-0.14401399612618446,0.6307413355378974,643,0.7233974974175349,0.939614180045906,-5.000453973493377,21.900600652546874,0.2349035450114765,-1.2501134933733442,5.4751501631367185,25.11780790533165,6.279451976332912,,,
3501,0.047486740427020606,-0.3667246514781147,0.7569425933103566,108,0.92502654762043,1.6488346011070096,-12.7334133486231,26.282560724922202,0.4122086502767524,-3.183353337155775,6.570640181230551,32.11877178647657,8.029692946619143,,,
3505,-0.04122567926576417,-0.047527011610788615,0.5668171264733887,71,0.6602251158999897,-1.4314380354658636,-1.6502328971498024,19.681024265409,-0.3578595088664659,-0.4125582242874506,4.92025606635225,22.924336474279443,5.731084118569861,,,
3513,0.012633748189541223,-0.213466881695788,0.7253562979260892,196,0.8464117727634546,0.4386690046372504,-7.411997066241152,25.185821376589672,0.1096672511593126,-1.852999266560288,6.296455344147418,29.38910957389267,7.347277393473168,,,
3517,-0.059148363245235994,-0.2235159542767932,0.7618352427273476,135,0.9844370240328475,-2.0537494686010844,-7.760920964398814,26.452443297978963,-0.5134373671502711,-1.9402302410997034,6.613110824494741,34.18162234846853,8.545405587117132,,,
3521,0.10157977923641906,-0.09737248528678284,0.6073075173625803,19,0.8171224185511103,3.5270530946469427,-3.380967434127674,21.086931617863513,0.8817632736617357,-0.8452418585319185,5.271732904465878,28.372124616931654,7.093031154232913,,,
3533,-0.20826568557828562,-0.15049429362951727,0.7015184357625354,32,0.9042197781640244,-7.231401134649234,-5.225462863404099,24.358123126546754,-1.8078502836623085,-1.3063657158510247,6.089530781636689,31.396319137411258,7.849079784352814,,,
3542,-0.20739896522431828,-0.138626517942421,0.837070076168715,28,0.9827344884243695,-7.2013068705187795,-4.813389955996742,29.064747184730123,-1.8003267176296949,-1.2033474889991855,7.266186796182531,34.12250690707096,8.53062672676774,,,
3560,-0.07545825510351092,-0.3416479312455131,0.6765617565802158,46,0.7220274483483458,-2.6200615337041064,-11.862699468706706,23.491577311978254,-0.6550153834260266,-2.9656748671766766,5.872894327994564,25.07023706155126,6.267559265387815,,,
3563,0.0022453873686912903,-0.38136373177849425,1.0270490142040054,179,1.3872490325332456,0.07796434021569898,-13.241711494812877,35.661195871191474,0.019491085053924745,-3.3104278737032193,8.915298967797868,48.168060907619356,12.042015226904839,,,
3577,0.09427743927326879,-0.1804929987946209,0.7701864398451306,21,0.8518986506858637,3.273501246446439,-6.267077904146827,26.742413564302623,0.8183753116116097,-1.5667694760367068,6.685603391075656,29.57962494911456,7.39490623727864,,,
3581,-0.039124464649322524,-0.040223840361567696,0.5069992971583782,34,0.6309935681875677,-1.3584796615537766,-1.3966521850343536,17.60402959593321,-0.33961991538844416,-0.3491630462585884,4.401007398983302,21.909358674608725,5.477339668652181,,,
3587,-0.005452491438704682,0.00284040582452356,0.3246529021693945,124,0.41098343673892324,-0.189321407734704,0.09862457103910706,11.272598069125717,-0.047330351933676,0.024656142759776765,2.8181495172814293,14.270166890448893,3.5675417226122232,,,
3595,-0.0873904234104245,-0.15435427038941896,0.5881257549683643,20,0.682309409418412,-3.0343702816567593,-5.359488976461405,20.420902464011544,-0.7585925704141898,-1.3398722441153512,5.105225616002886,23.691147313826104,5.922786828456526,,,
3597,-0.08240374629658163,-0.09034228789098847,1.0980873944316207,50,1.4227367962792958,-2.8612228789099077,-3.136864920150902,38.127790509454734,-0.7153057197274769,-0.7842162300377254,9.531947627363683,49.40026704040971,12.350066760102427,,,
3599,-0.003710226377326607,-0.014150012164015478,0.38377857113213143,41,0.4650326231751028,-0.12882648027353447,-0.49131672235894547,13.325559546849869,-0.032206620068383617,-0.12282918058973637,3.331389886712467,16.14686274188592,4.03671568547148,,,
3600,-0.06040864596214763,-0.07734656664097413,2.3519684961206804,43,2.8394148654327847,-2.09750900509769,-2.6856274869079035,81.66505012230226,-0.5243772512744225,-0.6714068717269759,20.416262530575565,98.59016295755715,24.64754073938929,,,
3603,0.263516719061563,0.07565048110907129,1.8711181986939538,25,2.4279276086882,9.14982751925559,2.6267360050691733,64.96896609505147,2.2874568798138974,0.6566840012672933,16.242241523762868,84.30250242887168,21.07562560721792,,,
3615,-0.023393560820454785,-0.16365967781910923,0.7968653044174798,63,0.9655368349192551,-0.812271218807831,-5.682591333235111,27.668757099983736,-0.20306780470195776,-1.4206478333087778,6.917189274995934,33.52536998206638,8.381342495516595,,,
3622,-0.3133243654792988,-0.08531386836222452,0.8877634615001372,43,1.1061969334462645,-10.879248618172214,-2.96226813727316,30.824922910207764,-2.7198121545430536,-0.74056703431829,7.706230727551941,38.4093699231212,9.6023424807803,,,
3630,-0.01958176918743364,-0.1346835979970742,1.0814202973696965,117,1.3627035471853621,-0.6799181897260709,-4.67648388965441,37.549075565270606,-0.16997954743151772,-1.1691209724136025,9.387268891317651,47.315792565370145,11.828948141342536,,,
3632,0.013979252398069436,-0.05891530458632926,0.888679845923641,43,1.307010658828288,0.48538760176576695,-2.0456572058465246,30.856741610160665,0.12134690044144174,-0.5114143014616311,7.714185402540166,45.38202409583582,11.345506023958954,,,
3638,-0.041499493550752366,0.017795508138865258,0.8840347099463643,98,1.3867229105735515,-1.4409454150692238,0.6178956335976795,30.695453198757665,-0.36023635376730595,0.15447390839941988,7.673863299689416,48.149792900934855,12.037448225233714,,,
3639,0.09986455370445761,-0.2385780073914989,0.5747222535238226,23,0.6705588582226929,3.4674970337261772,-8.283905572647624,19.955506086854168,0.8668742584315443,-2.070976393161906,4.988876521713542,23.283144675208344,5.820786168802086,,,
3662,0.006956153182290635,-0.07808191315758341,0.7656476569439286,490,1.0039374014407232,0.24153155079549546,-2.7111601886576113,26.58481794440709,0.060382887698873865,-0.6777900471644028,6.646204486101772,34.85871445282479,8.714678613206198,,,
3691,-0.18272423969360854,-0.3790127497139913,0.7588998677481551,33,0.8913763752124794,-6.344551050641476,-13.160080695569206,26.35052120795144,-1.586137762660369,-3.2900201738923016,6.58763030198786,30.95037050012771,7.737592625031928,,,
3697,0.005944231177500746,-0.011299906227342326,0.5464598708365245,36,0.7265403761765276,0.20639559494518092,-0.39235534402578026,18.974179635185802,0.05159889873629523,-0.09808883600644507,4.7435449087964505,25.226934941601392,6.306733735400348,,,
3714,0.006312617693958649,-0.15534787886456972,1.0258696532938625,56,1.5900779304841484,0.2191867115696322,-5.39398904993559,35.620246101669494,0.05479667789240805,-1.3484972624838976,8.905061525417374,55.210685902270605,13.802671475567651,,,
3721,-0.1933771129944555,-0.06438097701570109,0.5587287258094975,31,0.6637503328731009,-6.714440117393484,-2.235436283939173,19.40017881755737,-1.678610029348371,-0.5588590709847933,4.850044704389343,23.04673905801981,5.7616847645049525,,,
3728,0.21792587756789564,-0.2331088384807619,0.6174226566303986,23,0.6614455720449166,7.566822320912473,-8.094005089729015,21.438149483520704,1.8917055802281182,-2.0235012724322536,5.359537370880176,22.966713152543594,5.7416782881358985,,,
3739,0.07918471136084661,-0.20038262660962627,0.6513881817033396,38,0.7306631031301278,2.749451547871316,-6.957685561139444,22.617500445103357,0.687362886967829,-1.739421390284861,5.654375111275839,25.370084266884298,6.3425210667210745,,,
3810,0.6224698827150661,-0.539095033080366,1.9503449479025114,24,2.283951372951747,21.613399267632527,-18.71845773861647,67.719877281071,5.403349816908132,-4.679614434654117,16.92996932026775,79.30335957163055,19.825839892907638,,,
3842,0.009876292955362628,-0.08292999447121446,0.5981381509958689,417,0.8853430047864301,0.3429246439961012,-2.8794952680295087,20.76855287887856,0.0857311609990253,-0.7198738170073772,5.19213821971964,30.74087981219443,7.685219953048607,,,
3849,-0.018390039586883573,-0.2119759213375105,0.6539400823499987,42,0.7444672931105677,-0.6385389545357715,-7.36022794068104,22.706107539356655,-0.15963473863394287,-1.84005698517026,5.676526884839164,25.84939335138513,6.462348337846283,,,
3852,0.015339903762149621,-0.012850053307184557,0.14244483791491394,26,0.18341536907397696,0.5326321384293592,-0.44617955093206224,4.945969662081642,0.1331580346073398,-0.11154488773301556,1.2364924155204104,6.3685484449866285,1.5921371112466571,,,
3868,0.014473766329466129,-0.06446115724415019,0.4004536777470617,45,0.5384919470651282,0.5025581144917229,-2.238220301831383,13.904552598733476,0.12563952862293074,-0.5595550754578458,3.476138149683369,18.69751738599538,4.674379346498845,,,
3872,-0.25329596957030553,-0.003611387107401154,0.9759886055161217,31,1.4553717298639637,-8.794942655420149,-0.12539458314318289,33.88827636073078,-2.1987356638550373,-0.03134864578579572,8.472069090182694,50.53341720433655,12.633354301084138,,,
3873,-0.021114900513360783,-0.3166231203460888,1.0483224624540763,90,1.4271563906088651,-0.7331515756249132,-10.993787984656896,36.39985254133044,-0.1832878939062283,-2.748446996164224,9.09996313533261,49.55372419472101,12.388431048680253,,,
3876,-0.0007782905089216137,-0.1300507621978439,0.6099597384612568,335,0.7119554287726804,-0.02702380305077627,-4.515622565033536,21.179022038851762,-0.006755950762694068,-1.128905641258384,5.294755509712941,24.72051639784501,6.1801290994612526,,,
3892,0.03180170273947169,0.03971558498726575,0.5144777396969371,34,0.6173479234826228,1.1042187225199362,1.3790045419278414,17.86369607775705,0.27605468062998406,0.34475113548196035,4.465924019439263,21.43555459916363,5.358888649790908,,,
3898,0.02858309535823884,-0.03754434567888678,0.45351394806902934,19,0.5449697843447703,0.992462237028769,-1.303614770662307,15.746911304852837,0.24811555925719225,-0.3259036926655767,3.9367278262132093,18.922440852019115,4.730610213004779,,,
3908,-0.051780459628205336,-0.41970386259885345,0.6376490905404814,25,0.7306686645762787,-1.7979211192105458,-14.57295751715739,22.140451721746594,-0.44948027980263644,-3.6432393792893474,5.535112930436648,25.370277371417547,6.342569342854387,,,
3912,0.021506900422425684,-0.20873145153875935,0.5987004548029118,21,0.6414185551931819,0.7467625964674646,-7.247573460328803,20.788077191666705,0.18669064911686614,-1.8118933650822007,5.197019297916676,22.271335073417664,5.567833768354416,,,
3921,-0.005205756457758366,-0.1735446511676483,0.510411807339985,77,0.6208828325861792,-0.18075427572628597,-6.025817377843085,17.722518774458962,-0.04518856893157149,-1.5064543444607712,4.4306296936147405,21.558293713057314,5.389573428264328,,,
3923,-0.004172461012216567,-0.004343524342602412,0.7352706993883198,794,0.9452549749004463,-0.14487619126618365,-0.15081585222384097,25.53006922416124,-0.03621904781654591,-0.03770396305596024,6.38251730604031,32.8211432384933,8.205285809623325,,,
3962,0.0035706108870127455,-0.01972765985846856,0.41072051163443973,110,0.5322056064885449,0.12397875121885656,-0.6849838056057455,14.261037604971017,0.03099468780471414,-0.17124595140143636,3.5652594012427543,18.479243068495254,4.6198107671238136,,,
3992,0.007418227058097197,-0.04452830759006853,0.5485205776806433,90,0.6456204625179328,0.25757567991125085,-1.5461118961423597,19.045731498227298,0.06439391997781271,-0.3865279740355899,4.761432874556824,22.417233699547666,5.604308424886916,,,
4002,-0.07940849087562929,-0.059806254193604434,0.6041334107141685,21,0.8169802720314961,-2.7572216201836004,-2.0765927581103334,20.976720286817358,-0.6893054050459001,-0.5191481895275833,5.244180071704339,28.36718900547761,7.091797251369402,,,
4006,0.06350380867317014,0.00151011212297455,0.4260303691457268,27,0.5239360160305018,2.2049792447498135,0.05243411313392232,14.792626477477926,0.5512448111874534,0.01310852828348058,3.6981566193694815,18.192106348611084,4.548026587152771,,,
4037,0.0026692985945847643,0.00042809820309480293,0.7586569114615294,60,1.30007201302772,0.09268338580117219,0.014864425807857748,26.342085279767222,0.023170846450293048,0.003716106451964437,6.5855213199418055,45.141100436348495,11.285275109087124,,,
4040,0.023199985192570948,-0.20586700814555461,0.694488263035241,212,0.893709023151484,0.8055498858564485,-7.148114256829947,24.11402146910964,0.20138747146411212,-1.7870285642074868,6.02850536727741,31.03136470186583,7.757841175466457,,,
4047,-0.03749784580849329,-0.32369205287127434,0.7690947679957517,79,0.8559656703669226,-1.302000202162504,-11.239235459796388,26.70450853434849,-0.325500050540626,-2.809808864949097,6.676127133587123,29.720840006480287,7.430210001620072,,,
4065,0.04199823691615057,-0.2427634577297849,1.1580881231711642,21,1.3622399111724273,1.4582627822025802,-8.42923277929359,40.21113581274916,0.36456569555064505,-2.1073081948233976,10.05278395318729,47.299694195729025,11.824923548932256,,,
4083,-0.005621117515439508,0.10747804460698811,1.6463957416557287,51,2.1237606390074255,-0.1951764423710906,3.7318526648438413,57.166152941770214,-0.04879411059277265,0.9329631662109603,14.291538235442554,73.74121690761584,18.43530422690396,,,
4097,-0.08948959386694368,-0.27577534989938807,0.6767659582613194,108,0.7655446678867212,-3.1072576782480184,-9.575471699206553,23.49866760274953,-0.7768144195620046,-2.393867924801638,5.874666900687383,26.58124195836273,6.645310489590683,,,
4098,-0.11269149925047829,-0.221211336107656,1.3813161746620821,56,1.6626347575657916,-3.9128742369751075,-7.680900012330032,47.96206021661682,-0.9782185592437769,-1.920225003082508,11.990515054154205,57.73000405219942,14.432501013049855,,,
4114,-0.12312365971906512,-0.1772584153557559,0.6946131417580811,34,0.8597822116281556,-4.275099712765379,-6.154766697982557,24.11835750812409,-1.0687749281913448,-1.5386916744956392,6.029589377031023,29.85335795215282,7.463339488038205,,,
4116,0.01928246108126458,-0.20180004660367395,0.725650545126706,449,0.8104169118266099,0.6695256136636687,-7.006901218172767,25.19603822788949,0.16738140341591717,-1.7517253045431918,6.299009556972372,28.139296012443552,7.034824003110888,,,
4118,-0.2529179442858549,-0.16441777394982668,0.6385420710263547,38,0.7025771968499681,-8.781816861493454,-5.7089139470858825,22.17145779017709,-2.1954542153733634,-1.4272284867714706,5.5428644475442725,24.394885429024594,6.0987213572561485,,,
4142,0.021344553182850154,-0.0010004273967265782,0.90659758256885,19,1.2314294809476225,0.7411255756149231,-0.03473684006914025,31.47888126195561,0.18528139390373077,-0.008684210017285062,7.869720315488903,42.75769443746335,10.689423609365837,,,
4153,0.11604037494666347,0.12086291507671683,2.0738250758701176,37,2.4694509941245544,4.029153898898049,4.196602137293762,72.00735428436222,1.0072884747245123,1.0491505343234404,18.001838571090556,85.74427741799278,21.436069354498194,,,
4158,-0.00320884582042971,-0.09623054494298536,0.547728100383163,52,0.6937068364822796,-0.11141754457696039,-3.341316981510338,19.018215101504186,-0.027854386144240097,-0.8353292453775845,4.7545537753760465,24.086888776337712,6.021722194084428,,,
4160,0.03528701068170921,-0.11578593463541044,0.6318988834031256,26,0.7208487591670821,1.2252355848903072,-4.020319222410722,21.940793029523327,0.3063088962225768,-1.0050798056026804,5.485198257380832,25.029310615799428,6.257327653949857,,,
4175,-0.01226143137845411,-0.17619986846653177,0.44892682507220133,62,0.5569046266332457,-0.42574142032268364,-6.118011832894917,15.587637220156974,-0.10643535508067091,-1.5295029582237292,3.8969093050392436,19.336842445959558,4.8342106114898895,,,
4203,-0.091980606770055,-0.1362188215491466,1.9826701448498858,21,2.6370765610539806,-3.1937506282698496,-4.729789921829469,68.84227276947773,-0.7984376570674624,-1.1824474804573673,17.210568192369433,91.56457235291631,22.89114308822908,,,
4217,0.039925217049550384,-0.06033183576514602,1.364126705597814,25,1.732576830170047,1.3862833863944886,-2.0948420014374003,47.3652074717673,0.34657084659862214,-0.5237105003593501,11.841301867941825,60.158532697164375,15.039633174291094,,,
4218,-8.068525425342824e-05,-0.0005433185196254892,0.31432643249169245,1025,0.3905745367112836,-0.0028015533981875355,-0.018865105638436238,10.914042388976545,-0.0007003883495468839,-0.0047162764096090595,2.7285105972441364,13.561529063689191,3.3903822659222977,,,
4227,0.009398994114907409,-0.0002162917978479426,0.5243578260188873,45,0.6332836679452732,0.3263518736578151,-0.007510083804876264,18.206752435027806,0.08158796841445377,-0.001877520951219066,4.551688108756951,21.98887551839578,5.497218879598945,,,
4228,0.00608935505105124,-0.0006503774019980985,1.080721995173546,87,1.341761629319412,0.21143458608260116,-0.022582404152177975,37.524829116415866,0.05285864652065029,-0.005645601038044494,9.381207279103966,46.58864729322862,11.647161823307155,,,
4254,0.029656285210519075,0.008129166776779499,0.6744202966786094,42,0.8958529705540046,1.0297255350796435,0.28226092882333775,23.417221541274674,0.25743138376991087,0.07056523220583444,5.854305385318669,31.105806843576147,7.776451710894037,,,
4273,0.11160250114513474,-0.2212374410233656,0.5864762953574444,25,0.6507998400090677,3.8750620447613686,-7.6818064272133,20.363629927401185,0.9687655111903422,-1.920451606803325,5.090907481850296,22.59707204479485,5.649268011198712,,,
4293,0.17045349958077421,-0.3692665536014488,0.8809694371779372,34,1.0401700023742793,5.9184864124436425,-12.821673274149505,30.589020797692335,1.4796216031109106,-3.2054183185373764,7.647255199423084,36.116782822439724,9.029195705609931,,,
4297,-0.06280049868672867,-0.1726009968807394,0.3892894690973158,30,0.4790713883814062,-2.180558915400593,-5.993051813693034,13.516908945997,-0.5451397288501483,-1.4982629534232585,3.37922723649925,16.634316747379188,4.158579186844797,,,
4300,0.00013178775312408316,-0.09087069932403113,1.172860521421368,151,1.6368722185006854,0.004575934363974416,-3.155212421929009,40.72406302479274,0.001143983590993604,-0.7888031054822523,10.181015756198185,56.8354771707808,14.2088692926952,,,
4309,0.045660755920390816,-0.22957063254891286,0.6413510229911501,130,0.7646802502317833,1.58543276706781,-7.971151503363353,22.268990220298715,0.3963581917669525,-1.9927878758408382,5.567247555074679,26.551227648547982,6.637806912136996,,,
4326,-0.01684390443949385,-0.015627184849469344,0.315762369405982,32,0.3702540514990839,-0.5848540499481055,-0.5426071123432746,10.963900990514508,-0.14621351248702638,-0.13565177808581866,2.740975247628627,12.855961176151192,3.213990294037798,,,
4334,-0.012425769391724392,-0.03236342885486786,0.39290782366745275,71,0.6981186980766662,-0.43144756481945434,-1.1237229766987218,13.642545453381295,-0.10786189120486359,-0.28093074417468045,3.410636363345324,24.240077434618,6.0600193586545,,,
4335,0.16896511562367675,-0.16128523578459614,1.8253873464168904,28,2.480559296042308,5.866806744685304,-5.600145956912748,63.38109944228727,1.466701686171326,-1.400036489228187,15.845274860571818,86.12997987718101,21.532494969295254,,,
4337,0.10972807530325114,-0.1262537679221019,1.0502747195758217,29,1.263113629550847,3.8099782306794863,-4.383783329791223,36.467638813111684,0.9524945576698716,-1.0959458324478057,9.116909703277921,43.85783144526451,10.964457861316127,,,
4360,-0.02448130002824339,0.029862499842435195,0.6327274532842515,41,0.8762022329236506,-0.850039699580667,1.0368857195290349,21.96956263293578,-0.21250992489516676,0.2592214298822587,5.492390658233945,30.423493931575,7.60587348289375,,,
4362,-0.0033120549540237862,-0.13200089481896138,0.6779902048538394,31,0.8006340440496565,-0.11500117211361391,-4.583335069903977,23.541175892935012,-0.028750293028403477,-1.1458337674759942,5.885293973233753,27.799615277492176,6.949903819373044,,,
4380,0.030092281533197388,-0.0643739988296943,0.8181368402913302,21,0.9824540199319476,1.0448641993956798,-2.235193987364646,28.407347368595566,0.26121604984891994,-0.5587984968411615,7.1018368421488915,34.11276848007709,8.528192120019272,,,
4406,0.0027251399250189934,-0.3533287540675624,0.7629484059293389,83,0.88675491161367,0.09462230847650949,-12.268280998733903,26.491094550678504,0.02365557711912737,-3.067070249683476,6.622773637669626,30.78990404104985,7.697476010262463,,,
4407,-0.04970418108097571,-0.22674635224863474,0.48331230929374985,30,0.5155685564736109,-1.7258285754936387,-7.873086842777096,16.781570003297585,-0.43145714387340967,-1.968271710694274,4.195392500824396,17.901571417876717,4.475392854469179,,,
4414,0.042041525317854676,-0.0800764685312572,0.5103488606202615,40,0.6905006375093676,1.45976584208655,-2.7804151403423125,17.72033313845672,0.3649414605216375,-0.6951037850855781,4.43008328461418,23.975563135600265,5.993890783900066,,,
4417,0.2057079023487415,-0.20030405099367954,0.7267456195016392,30,0.8119070797391732,7.142589785353003,-6.954957258602541,25.234061400335918,1.7856474463382508,-1.7387393146506354,6.3085153500839795,28.191037622703572,7.047759405675893,,,
4420,-0.09336959468884232,-0.06330673543450598,0.7316692057946074,125,0.9808189030595516,-3.241979066785983,-2.1981364677569166,25.405018163600356,-0.8104947666964958,-0.5495341169392292,6.351254540900089,34.05599395203375,8.513998488008438,,,
4430,0.10464374747606665,0.03565658618427234,2.1825241308967542,27,2.9015982651187917,3.6334401998639865,1.238067985490304,75.7816028729971,0.9083600499659966,0.309516996372576,18.945400718249275,100.7492949614547,25.187323740363674,,,
4439,0.06594148641360799,-0.18371064180529798,0.7686797797691455,23,0.9012609402397166,2.289620291253297,-6.3788009047635565,26.69009931314427,0.5724050728133242,-1.5947002261908891,6.672524828286067,31.29358236700344,7.82339559175086,,,
4448,-0.04202797041146563,-0.1499235946805899,0.5875041961264511,119,0.6582728044579481,-1.4592951886269097,-5.205647054499443,20.399320697902635,-0.3648237971567274,-1.3014117636248608,5.099830174475659,22.856548316388874,5.714137079097219,,,
4451,0.020349619342437706,-0.29298896312944206,0.7119184526446288,38,0.9407784494405015,0.7065794828081221,-10.173162777780487,24.719232512726805,0.17664487070203053,-2.5432906944451217,6.179808128181701,32.665709321473095,8.166427330368274,,,
4458,-0.002878511312926228,-0.003132744555555845,0.2820881850749974,1008,0.5368787124974602,-0.09994766980742449,-0.10877515645801006,9.79466596217406,-0.024986917451856123,-0.027193789114502515,2.448666490543515,18.641502655336815,4.660375663834204,,,
4462,0.07631091839266975,-0.30867064176690223,0.6623702899703853,43,0.6911205990791388,2.6496677084302793,-10.71766202343038,22.998821208351718,0.6624169271075698,-2.679415505857595,5.749705302087929,23.99708944122586,5.999272360306465,,,
4464,0.008852595506872524,0.02546152661044937,1.1763168501604024,131,1.6597510168752219,0.3073798211896278,0.884075126968023,40.8440736712695,0.07684495529740695,0.22101878174200576,10.211018417817375,57.629874807941455,14.407468701985364,,,
4471,-0.03931210820787895,-0.11146950412379052,1.0027907059520325,182,1.3251920363748453,-1.364995021193973,-3.8704441221862544,34.81889889206647,-0.34124875529849324,-0.9676110305465636,8.704724723016618,46.01331788700738,11.503329471751846,,,
4472,-0.0042559949293885626,-0.0008312264388785863,0.22716306878980594,19,0.33222501178179636,-0.14777665593822967,-0.028861844410742275,7.887556074519642,-0.03694416398455742,-0.007215461102685569,1.9718890186299105,11.535516859087533,2.8838792147718832,,,
4489,0.05159658251664407,-0.0609747457649249,1.2891128944623966,59,1.7396588611075203,1.7915365381429154,-2.1171651224497223,44.760577921523335,0.44788413453572884,-0.5292912806124306,11.190144480380834,60.404434975375324,15.101108743843831,,,
4495,0.005955058850168362,-0.024564659220148395,0.5632505117076656,51,0.788191988764398,0.20677155339554587,-0.8529340974419926,19.557184267513566,0.05169288834888647,-0.21323352436049814,4.889296066878392,27.367602233877427,6.841900558469357,,,
4498,0.10828656833630455,-0.07328813628360174,0.44028782870717403,33,0.5201240563065574,3.759926225773167,-2.5447106680392197,15.287673988370498,0.9399815564432917,-0.6361776670098049,3.8219184970926245,18.05974748307629,4.5149368707690725,,,
4522,0.041400000000003274,-0.38299437994278945,0.8027172695283362,25,0.8874965568910426,1.4374908000001136,-13.298330860373536,27.871949032562892,0.3593727000000284,-3.324582715093384,6.967987258140723,30.81565544837078,7.703913862092695,,,
4529,-0.08236702501072614,-0.11543899323151209,0.5996007254754376,25,0.7296082196200213,-2.859947842422433,-4.008272722984563,20.819336389958146,-0.7149869606056083,-1.0020681807461407,5.204834097489536,25.333456601646382,6.333364150411596,,,
4533,0.09010635038351335,-0.21554724007497506,0.7370688792411594,54,0.8300627060316715,3.1286726980163504,-7.484231269883284,25.592505625011537,0.7821681745040876,-1.871057817470821,6.398126406252884,28.8214372788317,7.205359319707925,,,
4545,0.0018622804859280125,-0.004660255731602904,0.3702733937501724,70,0.4526912078368953,0.06466210303239245,-0.16181339951271606,12.856632777793486,0.016165525758098112,-0.040453349878179015,3.2141581944483715,15.718344118512679,3.9295860296281697,,,
4562,-0.02301462739044984,-0.03789432387464712,0.4285633843969439,34,0.526565001332457,-0.7991138922511993,-1.3157667135754973,14.880577833030687,-0.19977847306279983,-0.32894167839387434,3.7201444582576717,18.28338997626557,4.570847494066393,,,
4571,0.005490161158672556,-0.20318037859658622,0.6346494255453466,85,0.7657712587024653,0.19062937575142852,-7.054829105630667,22.03629735378553,0.04765734393785713,-1.7637072764076667,5.509074338446382,26.589109644667,6.64727741116675,,,
4574,0.0020615460520640263,-0.0013684423330586368,0.14606590034823796,36,0.1922023594619057,0.07158100201976712,-0.04751505468846199,5.0717001918915185,0.01789525050494178,-0.011878763672115497,1.2679250479728796,6.67365032523629,1.6684125813090724,,,
4576,0.034800246111616875,-0.26244553738040316,0.8035783267059602,35,0.8998561842543129,1.2083341454875611,-9.112633948922358,27.901846659884352,0.3020835363718903,-2.2781584872305896,6.975461664971088,31.244806429678253,7.811201607419563,,,
4580,0.23932644979434994,-0.23775752192610872,0.6343395370156532,19,0.6918147349472754,8.309892989759419,-8.255416676318347,22.02553740425751,2.0774732474398547,-2.063854169079587,5.506384351064377,24.0211912268393,6.005297806709825,,,
4620,0.021311968792513156,-0.3001638727562284,0.9719809364092793,53,1.2555458726765187,0.7399941804136418,-10.422289989841763,33.749122074003,0.18499854510341046,-2.605572497460441,8.43728051850075,43.59506379107408,10.89876594776852,,,
4645,0.00635963570815482,-0.1975029995535525,0.7165740276217591,54,0.8107923526522874,0.22081927105855167,-6.85769915049845,24.880883387082722,0.05520481776463792,-1.7144247876246126,6.2202208467706805,28.152332068792724,7.038083017198181,,,
4650,0.15623081968076458,-0.1968988141478373,0.8085590569316391,21,0.9128562570068909,5.424646520955508,-6.836720624841207,28.074787574780373,1.356161630238877,-1.7091801562103017,7.018696893695093,31.696194955793267,7.924048738948317,,,
4651,0.16820436167890088,-0.05075845689335141,1.7523865154407867,26,2.295159966246188,5.840391846214796,-1.7624351402509477,60.846364589135,1.460097961553699,-0.44060878506273693,15.21159114728375,79.69254434800014,19.923136087000035,,,
4662,-0.010635425099783937,-0.030360189403793578,0.4992496965714492,41,0.5766614904187429,-0.36928323031469784,-1.0541664964785207,17.33494796435386,-0.09232080757867446,-0.26354162411963017,4.333736991088465,20.02284027031959,5.005710067579898,,,
4705,0.07652245983711642,0.1490785621655216,1.7190697275949836,44,2.2549109390197013,2.657012850464356,5.176305835511241,59.68953908155302,0.664253212616089,1.2940764588778102,14.922384770388256,78.29501762464207,19.573754406160518,,,
4716,-0.011089499377571558,-0.15854804580990864,0.6794167063313628,284,0.8228848111781557,-0.3850495973880397,-5.505105246611648,23.59070687723758,-0.09626239934700992,-1.376276311652912,5.897676719309395,28.572206413727923,7.143051603431981,,,
4721,0.042043072826920706,-0.2389738127214369,0.6519317743339657,50,0.7790866594349004,1.4598195746963407,-8.297648725313731,22.636375068423956,0.3649548936740852,-2.074412181328433,5.659093767105989,27.05144698889861,6.762861747224653,,,
4731,0.010571073411034903,0.00429165974474855,0.308287840964701,38,0.4186714964519371,0.3670488109779539,0.14901500965715916,10.70437041397635,0.09176220274448847,0.03725375241428979,2.6760926034940873,14.537111699804159,3.6342779249510397,,,
4734,-0.0024041360566259963,-0.001140911501114646,0.4048857469530057,79,0.49986294133157866,-0.08347641215816784,-0.03961472914170274,14.058442905702265,-0.02086910303954196,-0.009903682285425685,3.514610726425566,17.356241048915074,4.339060262228768,,,
4736,0.0397595805666904,-0.1601836588135415,0.7055560296065951,292,0.9533934714282996,1.380532156436624,-5.561897001323788,24.498316460000197,0.345133039109156,-1.390474250330947,6.124579115000049,33.10372811493342,8.275932028733354,,,
4737,0.0520188535328378,-0.2016692508863426,0.8024870999744237,22,1.0592226847911774,1.8061986323671941,-7.002359729275589,27.86395708531194,0.45154965809179853,-1.7505899323188971,6.965989271327985,36.77833006131927,9.194582515329817,,,
4742,0.001581261460409864,0.01217147034810136,0.35686059368484474,37,0.43739837190421405,0.0549045604283513,0.42261779342677547,12.390913533925179,0.013726140107087824,0.10565444835669387,3.0977283834812948,15.187346269258121,3.7968365673145303,,,
4743,0.0008341185131411219,0.043176856840814806,1.6934185795515817,37,2.2853126930590095,0.028962263013286037,1.4991868232267718,58.79887991919002,0.007240565753321509,0.37479670580669294,14.699719979797505,79.35062732839494,19.837656832098734,,,
4748,0.08618925432024724,-0.03450943545433347,2.293982162175287,80,2.8306158330410383,2.9926632885076248,-1.198236617845367,79.65164863505032,0.7481658221269062,-0.29955915446134174,19.91291215876258,98.28464295485094,24.571160738712734,,,
4762,-0.027977187551458043,0.0005972154871916502,0.33691303607663226,39,0.4570298151856806,-0.9714239061617262,0.02073651614626848,11.698294438652825,-0.24285597654043156,0.00518412903656712,2.9245736096632062,15.868989242877202,3.9672473107193005,,,
4768,0.002741414314541276,0.02483886975890619,2.479322761196405,51,3.141958309574021,0.09518738782950219,0.8624552357687408,86.08704491426157,0.023796846957375547,0.2156138089421852,21.521761228565392,109.09507642502916,27.27376910625729,,,
4772,-0.000877283857728831,-0.17666613582834512,1.0277621916450932,70,1.4905966845952687,-0.03046105010806047,-6.134201568231799,35.685958818300925,-0.0076152625270151176,-1.5335503920579499,8.921489704575231,51.75649808251692,12.93912452062923,,,
4773,0.21219307843705337,-0.2342953253681153,0.7686524422989801,22,0.8226197210620643,7.367768069491367,-8.1352022874317,26.689150101505188,1.8419420173728418,-2.033800571857925,6.672287525376297,28.563001954716995,7.140750488679249,,,
4782,0.0428665102233964,0.03734528536200514,0.8587389524699282,40,1.1872262900039185,1.4884109679767699,1.2967029983395426,29.817133907660846,0.37210274199419247,0.32417574958488565,7.4542834769152115,41.22287124151606,10.305717810379015,,,
4785,-0.050723284586089504,-0.025666622118410486,0.8062706470577728,25,0.9059141954596338,-1.7612138873981997,-0.8911964531954489,27.99532940713999,-0.44030347184954993,-0.22279911329886223,6.998832351784998,31.455152694749405,7.863788173687351,,,
4790,-0.04535048968991475,-0.003269431393172795,0.41176390639906896,20,0.5731020879531538,-1.5746597030132201,-0.11352119683374579,14.297266357988473,-0.39366492575330503,-0.028380299208436446,3.5743165894971183,19.899250697909405,4.974812674477351,,,
4792,0.006079577538357847,-0.13122232378558382,0.5238409615716844,41,0.6081269911223368,0.2110950912868612,-4.5563015264830415,18.188805867692025,0.0527737728217153,-1.1390753816207604,4.547201466923006,21.11538538574978,5.278846346437445,,,
4805,0.018671357431993354,-0.05180375968261715,0.6918570593451813,814,0.9001998554971569,0.6483068727536733,-1.7987301436998326,24.022660814583386,0.16207671818841832,-0.44968253592495816,6.005665203645846,31.25673938257228,7.81418484564307,,,
4810,0.044337115448281214,-0.041033383937007846,0.48771966184456,29,0.5635221772785235,1.5394733225952204,-1.4247611570607865,16.934602098566813,0.3848683306488051,-0.35619028926519664,4.233650524641703,19.566617039464894,4.891654259866224,,,
4814,0.13765373069288148,-0.18377663486644966,0.6601052970286078,74,0.7636463135176434,4.779612837118231,-6.381092315832865,22.92017612342732,1.1949032092795577,-1.5952730789582164,5.73004403085683,26.515327297959615,6.628831824489904,,,
4822,0.023762545776446587,0.0059118644780668415,0.14827727661379475,20,0.27434427118354954,0.8250831144497784,0.2052717584074369,5.148483598584182,0.2062707786124446,0.05131793960185922,1.2871208996460455,9.525781784035207,2.3814454460088017,,,
4823,0.015703186135125304,-0.16683394209793506,0.7190999531555654,110,0.826954789454882,0.5452460289838208,-5.792808137524501,24.968588573467542,0.1363115072459552,-1.4482020343811253,6.242147143366886,28.713524199452415,7.178381049863104,,,
4852,-0.002006504952165926,-0.1974129209549777,1.0731067013436393,200,1.4664726288764771,-0.06966986494910529,-6.854571441398736,37.26041088405385,-0.017417466237276323,-1.713642860349684,9.315102721013462,50.91886261984904,12.72971565496226,,,
4859,0.04600068466146133,-0.22581606369447108,0.8252912398085744,102,1.0495973263075065,1.5972357728152604,-7.840785363599425,28.655762428633324,0.3993089432038151,-1.9601963408998562,7.163940607158331,36.44411836404924,9.11102959101231,,,
4869,0.032269741657352406,-0.05095104773289398,0.6567850035217256,26,0.9154022418535067,1.1204699698265903,-1.7691222793815449,22.804888892281358,0.2801174924566476,-0.4422805698453862,5.7012222230703395,31.78459664163746,7.946149160409365,,,
4880,0.032981138477407815,-0.061597735065203905,0.611305602863449,42,0.7214454208485074,1.1451710902125543,-2.13879655693401,21.22575314262468,0.28629277255313856,-0.5346991392335025,5.30643828565617,25.050027902701874,6.2625069756754685,,,
4881,0.09127698907572195,-0.3970283112709451,0.7050595813965668,22,0.7538085580267025,3.1693196146872173,-13.785617023949756,24.481078785251594,0.7923299036718043,-3.446404255987439,6.120269696312898,26.173740751803166,6.5434351879507915,,,
4886,0.1289560130368925,-0.36141169143185237,1.3852798824965784,81,1.7464590076983553,4.477610684666981,-12.548936749896779,48.0996880800462,1.1194026711667453,-3.1372341874741947,12.02492202001155,60.640549665302295,15.160137416325574,,,
4898,0.07093658954979634,-0.3472229026231218,0.7995850170975944,173,0.8967519433620361,2.4630602623480287,-12.056273624880035,27.763190963662677,0.6157650655870072,-3.0140684062200087,6.940797740915669,31.13702097741662,7.784255244354155,,,
4913,-0.008340458254391048,-0.14673617957205612,0.6928855560324718,74,1.0888588761627025,-0.289597391508966,-5.0949736271009325,24.05837227655949,-0.0723993478772415,-1.2737434067752331,6.014593069139872,37.80735789812136,9.45183947453034,,,
4930,0.0032639687014461077,-0.180801906274582,0.550319476163097,109,0.655780227455205,0.11333152125161175,-6.277803789666037,19.108192851335055,0.028332880312902937,-1.5694509474165093,4.777048212833764,22.77000105769963,5.692500264424908,,,
4940,0.06727644443672051,-0.11113062746578903,0.6701697967765105,85,0.7872885199008351,2.3359727037318097,-3.8586776468671267,23.269635683673997,0.5839931759329524,-0.9646694117167817,5.817408920918499,27.3362319879968,6.8340579969992,,,
4953,-0.0689910015561452,-0.14800122760680665,0.6463505072918301,20,0.7416099372853246,-2.3955055560324734,-5.138898624963541,22.442582314186925,-0.5988763890081183,-1.2847246562408852,5.610645578546731,25.75018024242104,6.43754506060526,,,
4958,-0.004038178766217558,-0.0028587764996898025,0.23587748580556034,19,0.29494515281641076,-0.14021364312060605,-0.09926243762222933,8.190138062140667,-0.03505341078015151,-0.024815609405557333,2.0475345155351667,10.241085596091414,2.5602713990228536,,,
4972,-0.026198071707981923,-0.04989369546983806,0.525084835730572,26,0.6240647948904,-0.9096494458445483,-1.7324088941037172,18.23199566623692,-0.22741236146113708,-0.4331022235259293,4.55799891655923,21.66877780818447,5.417194452046117,,,
4976,-0.12888366738042997,-0.26342831550874596,0.7699886415397829,26,0.8679783402721226,-4.47509869878329,-9.146757971094678,26.735545611544342,-1.1187746746958225,-2.2866894927736694,6.683886402886086,30.137943930928643,7.534485982732161,,,
4977,0.09162572672015207,-0.06994462316259589,0.479702675122367,45,0.5898282128495685,3.18142848317712,-2.428617205451655,16.656236285598826,0.79535712079428,-0.6071543013629137,4.1640590713997065,20.48001520656272,5.12000380164068,,,
4983,-0.008288866108779302,-0.254072747075449,0.9365257897193164,20,1.1220631362514102,-0.2878060090290349,-8.82191392395374,32.518048470634106,-0.07195150225725873,-2.205478480988435,8.129512117658527,38.960276216921464,9.740069054230366,,,
4985,0.09029497430959943,-0.05832702395070763,0.7281350797098749,23,0.9616666094496158,3.1352220979779113,-2.0252309256164702,25.282306237686278,0.7838055244944778,-0.5063077314041176,6.3205765594215695,33.39098801330956,8.34774700332739,,,
4992,0.01551255950841715,-0.1643352100800995,0.6276719902862506,47,0.7312682001062456,0.5386270912512603,-5.706047164401215,21.794026846719195,0.13465677281281507,-1.4265117911003038,5.448506711679799,25.39109444408906,6.347773611022265,,,
4999,0.039019996351484856,-0.1620780459754491,0.8149526254580453,98,1.0150429650114092,1.3548523133162573,-5.627673912359543,28.29678506115425,0.33871307832906433,-1.4069184780898858,7.074196265288562,35.24432183112615,8.811080457781538,,,
5019,0.1521279616998483,-0.03474087417144695,0.525546389794613,87,0.6394974774172605,5.282187086142133,-1.2062726329809812,18.248021746448554,1.3205467715355332,-0.3015681582452453,4.5620054366121385,22.20463141088212,5.55115785272053,,,
5042,0.15540326104085006,-0.22696315477687795,1.0485191024114757,19,1.3179640392722942,5.395912029860396,-7.880614660162757,36.406680273931265,1.348978007465099,-1.9701536650406892,9.101670068482816,45.7623473716126,11.44058684290315,,,
5048,-0.0038302589152832494,-0.007586011953798782,0.9775425039345493,37,1.171371861768955,-0.13299425005646498,-0.2634015070598013,33.942230821615425,-0.033248562514116245,-0.06585037676495033,8.485557705403856,40.67237378434166,10.168093446085415,,,
5052,0.012540361120860604,-0.006882183275387244,0.7115746006074425,88,0.8782945083717996,0.4354264188385219,-0.23896316768799591,24.70729328229162,0.10885660470963048,-0.05974079192199898,6.176823320572905,30.496141919685627,7.624035479921407,,,
5063,-0.10344052048733829,-0.14340958182153143,0.37972672576892696,25,0.4235506617454776,-3.59166175236136,-4.979467500007215,13.184871372148683,-0.89791543809034,-1.2448668750018037,3.2962178430371707,14.706526077126474,3.6766315192816186,,,
5066,-0.08467954914736014,-0.1755164149165491,0.5906190822858179,86,0.6890619983807286,-2.940243305494639,-6.094280958732418,20.50747577512817,-0.7350608263736598,-1.5235702396831046,5.126868943782043,23.925610707775657,5.981402676943914,,,
5080,0.08798265892035016,-0.1287934259573497,0.6719905873699658,137,0.7692186587527702,3.0549338830323984,-4.471965336091096,23.332857174659953,0.7637334707580996,-1.117991334022774,5.833214293664988,26.708810269213686,6.677202567303421,,,
5089,0.003992995733473683,-0.10865874517110106,0.8559161184854083,134,1.0006605525575831,0.13864479785767322,-3.7728489498309714,29.719119466050348,0.034661199464418306,-0.9432122374577429,7.429779866512587,34.7449357059044,8.6862339264761,,,
5094,0.17278437414388392,-0.1815678523367077,0.73035136748542,32,0.7917404901791544,5.9994190390239375,-6.304398968835165,25.359260181828752,1.4998547597559844,-1.5760997422087912,6.339815045457188,27.4908133000006,6.87270332500015,,,
5103,0.03611196006420993,-0.1554451285566432,0.5872847434876791,54,0.7053356486303713,1.2538794773494972,-5.397365753743765,20.391700863379196,0.3134698693373743,-1.3493414384359412,5.097925215844799,24.490664391743756,6.122666097935939,,,
5116,0.03407701491241868,-0.006224912618080783,0.5153031808634616,51,0.5968544176682038,1.1832221117890014,-0.21614141592500094,17.892357045941115,0.29580552794725035,-0.054035353981250235,4.473089261485279,20.723979090275375,5.180994772568844,,,
5137,0.003647861241058262,-0.3166468712639848,0.6000901718382453,19,0.6577893846567382,0.12666103801202497,-10.99461266402808,20.836330946567553,0.03166525950300624,-2.74865316600702,5.209082736641888,22.839763014051265,5.709940753512816,,,
5174,0.15321224705614256,-0.5244910839120589,0.7510297189995979,32,0.8952010428873601,5.319835642283382,-18.21137941559451,26.07725390310404,1.3299589105708456,-4.552844853898628,6.51931347577601,31.08317061113492,7.77079265278373,,,
5190,0.048016595995239976,-0.08186900641356616,0.412778072245458,87,0.5241553229248627,1.6672322461467226,-2.842655640691844,14.332480224506792,0.41680806153668065,-0.710663910172961,3.583120056126698,18.199721122597083,4.549930280649271,,,
5191,0.20337686256355597,-0.32530865225983946,0.7589536561423217,20,0.8150135351834451,7.06165142193179,-11.295367023766147,26.352388848573696,1.7654128554829476,-2.8238417559415367,6.588097212143424,28.29889996863958,7.074724992159895,,,
5192,0.0024369651583681065,-0.1851754181478477,0.78909798876229,280,0.8965416275951323,0.0846163042288574,-6.429660868929568,27.399060365804235,0.02115407605721435,-1.607415217232392,6.849765091451059,31.129718393358186,7.782429598339546,,,
5198,-0.0008634280340362903,-0.005574023539314619,0.17663902462678654,26,0.22464211546422855,-0.029979948197808075,-0.1935412453320822,6.133260213091282,-0.007494987049452019,-0.04838531133302055,1.5333150532728206,7.800023533148944,1.950005883287236,,,
5199,-0.029390920710311526,-0.33498332814356413,0.6990969743324148,98,0.8370599853051324,-1.0205115489034369,-11.631291119800833,24.274045142770106,-0.2551278872258592,-2.9078227799502083,6.0685112856925265,29.06439680976481,7.266099202441202,,,
5204,-0.018640296742033616,-0.008594905440117071,0.29132140804440876,259,0.37400616697044164,-0.6472283834768913,-0.298432306691745,10.115261930117962,-0.16180709586922282,-0.07460807667293624,2.5288154825294904,12.986242129547675,3.2465605323869187,,,
5205,-0.013965717064097913,-0.4519852465833908,1.2582465437321648,21,1.604474648179342,-0.4849176278996078,-15.693831731868496,43.68883649146823,-0.12122940697490195,-3.923457932967124,10.922209122867057,55.71056873408311,13.927642183520778,,,
5206,-0.0023446407849434083,-0.0007763519707420856,0.896359547467006,920,1.2688011371072894,-0.08141061733480502,-0.026956493128106697,31.123396207149383,-0.020352654333701255,-0.006739123282026674,7.780849051787346,44.0553130826393,11.013828270659825,,,
5219,-0.014932117810805893,-0.11759978062997219,0.590662098980571,297,0.6772421502632966,-0.5184729946268022,-4.083299583033894,20.508969400803387,-0.12961824865670055,-1.0208248957584736,5.127242350200847,23.515201941442186,5.8788004853605464,,,
5230,-0.07865640268636298,-0.09138280907491965,0.9815856375302273,36,1.231106129952232,-2.7311076140758956,-3.17299389669936,34.082616506324555,-0.6827769035189739,-0.79324847417484,8.520654126581139,42.746467044201395,10.686616761050349,,,
5232,-0.00148090291880813,-0.0060517603117833715,0.5629631958915683,943,0.7379886154575592,-0.05141991114685589,-0.21012922154574223,19.547208087747034,-0.012854977786713972,-0.05253230538643556,4.8868020219367585,25.624440705917372,6.406110176479343,,,
5245,-0.06722339046678305,-0.1690323830774117,0.6006444635951663,95,0.7375328531077764,-2.334130563787641,-5.869142405213889,20.855577064951365,-0.5835326409469103,-1.4672856013034723,5.213894266237841,25.608615725608214,6.4021539314020535,,,
5268,0.00609983559283941,0.002302919622971715,0.23758087797882735,84,0.31107441857320456,0.21179849145457,0.07996197514882389,8.249283245180843,0.0529496228636425,0.019990493787205972,2.0623208112952107,10.801125961698808,2.700281490424702,,,
5276,0.0004909591979419212,-0.1797579360584074,0.6883745551468381,65,0.8261480371107767,0.01704708527093939,-6.2415550558200215,23.901741303808514,0.004261771317734847,-1.5603887639550054,5.9754353259521285,28.685512144560388,7.171378036140097,,,
5292,0.06926951795363728,-0.2124691648223179,0.5868540429529691,104,0.6663967861839399,2.405176202386194,-7.3773543409605224,20.376746079412992,0.6012940505965485,-1.8443385852401306,5.094186519853248,23.138629209878765,5.784657302469691,,,
5297,-0.006608500719437416,-0.44698112281594554,0.7020977162813014,21,0.7500356242697694,-0.22946036198030595,-15.520078546415261,24.378236904719348,-0.05736509049507649,-3.8800196366038153,6.094559226179837,26.042736945894937,6.510684236473734,,,
5302,-0.008002995693657292,0.005509164600291506,0.32870045927215985,72,0.40225940367435337,-0.2778800164751685,0.19128921325132167,11.413137346847934,-0.06947000411879213,0.04782230331283042,2.8532843367119836,13.967251014380897,3.4918127535952244,,,
5307,-0.027012680521419818,0.012738163995867706,0.3493598513085336,58,0.42534389628424185,-0.937934293064739,0.44229453026451854,12.130472757134903,-0.23448357326618474,0.11057363256612963,3.032618189283726,14.768790766781446,3.6921976916953616,,,
5310,-0.0015830112980168565,0.0011575921367447488,0.3439078872642746,54,0.42599479079427094,-0.05496531828974129,0.04019391417205117,11.941169661590145,-0.013741329572435323,0.010048478543012792,2.985292415397536,14.791391125958675,3.697847781489669,,,
5312,-0.008628513976834826,-0.0007340700610615448,0.7066881401180808,59,0.9354764192396259,-0.29959926230365885,-0.025488380660178958,24.537625601180004,-0.07489981557591471,-0.0063720951650447395,6.134406400295001,32.481612228838294,8.120403057209574,,,
5314,-0.028640248136800335,-0.20368169403793648,0.881413051932717,53,0.9994137807713623,-0.9944466958059812,-7.072235780385231,30.604423989207802,-0.2486116739514953,-1.7680589450963078,7.651105997301951,34.701645295943244,8.675411323985811,,,
5317,0.04227001393883057,-0.004373434203823005,0.5012185128704559,57,0.6464465853399849,1.467699423984075,-0.1518543824251424,17.40330920388797,0.36692485599601876,-0.0379635956062856,4.350827300971993,22.445918336174955,5.611479584043739,,,
5356,-0.014635858584954737,0.014593776570345371,0.36742163865631944,129,0.4878273146607846,-0.5081862817867984,0.506725110075532,12.757614137424724,-0.1270465704466996,0.126681277518883,3.189403534356181,16.938340019651765,4.234585004912941,,,
5369,0.08579040093467055,-0.04371589125300304,0.4379475065805899,153,0.5552560768157202,2.9788143012536312,-1.5179031760867716,15.206413323491242,0.7447035753134078,-0.3794757940216929,3.8016033308728105,19.279601499195437,4.819900374798859,,,
5379,0.022225705993878977,-0.08402826479883789,0.4389403789404322,37,0.5290745323022222,0.7717209635194658,-2.917629410345249,15.240887837569687,0.19293024087986646,-0.7294073525863123,3.810221959392422,18.37052591059776,4.59263147764944,,,
5391,0.023521598675126484,-0.25217523582951196,0.6751817088956668,343,0.7429570316271967,0.8167169491977418,-8.756028538472314,23.443659296275342,0.20417923729943546,-2.1890071346180786,5.860914824068836,25.796954052159524,6.449238513039881,,,
5393,0.04058881745520359,-0.23375158848357117,0.7835856184179585,539,0.9082870553812535,1.4093249196795792,-8.116322655326558,27.207659842708356,0.3523312299198948,-2.0290806638316394,6.801914960677089,31.537543136947885,7.884385784236971,,,
5395,0.02710099314168796,-0.13790015915922785,0.5492318602190551,300,0.6662067063884574,0.9410006838656894,-4.7881693263267096,19.070428650526033,0.23525017096642234,-1.1970423315816774,4.767607162631508,23.13202925922002,5.783007314805005,,,
5412,0.0019179242368910967,0.008939452077747734,0.07583741129798499,29,0.13277862926814235,0.06659416535333267,0.3103956550435568,2.633226595088635,0.016648541338333166,0.0775989137608892,0.6583066487721587,4.610339565448439,1.1525848913621097,,,
5413,-0.5886706469115837,-0.09204698571455765,0.9571375467765344,20,1.1581530058301133,-20.439822202064008,-3.1960554379808706,33.233729899174826,-5.109955550516002,-0.7990138594952176,8.308432474793706,40.2133886684332,10.0533471671083,,,
5420,-0.004182808883151967,0.0035297859343332255,0.9605362137852808,437,1.3415717903947253,-0.1452354900408026,0.12256122721191826,33.35173841505252,-0.03630887251020065,0.030640306802979564,8.33793460376313,46.582055706085654,11.645513926521414,,,
5431,0.005114923247201898,0.00698154211342527,0.3076985396566205,38,0.40229591729557174,0.1776003649893443,0.24241310526235224,10.683908693957177,0.04440009124733608,0.06060327631558806,2.670977173489294,13.968518840336843,3.492129710084211,,,
5432,0.09928781085504607,-0.020475948565518053,0.5155783460836629,37,0.6642200185162163,3.44747136850891,-0.7109658860919179,17.901911332716946,0.8618678421272274,-0.17774147152297948,4.475477833179236,23.063047482920062,5.765761870730016,,,
5439,0.001211160294508699,-0.0029601313157595487,1.9943959515227314,41,2.5710521399824624,0.042053907745931055,-0.10278167954580306,69.24941622877228,0.010513476936482764,-0.025695419886450764,17.31235405719307,89.27207240447106,22.318018101117765,,,
5442,-0.10877907989515224,-0.22690195953084308,0.784338312223704,67,0.903377833937864,-3.7770272121194766,-7.878489838829934,27.23379487703145,-0.9442568030298691,-1.9696224597074834,6.808448719257862,31.367085149990515,7.841771287497629,,,
5447,0.15991334904500512,-0.0640661139097357,0.3123149339443052,22,0.38967140631600294,5.552511305540668,-2.224503607173843,10.844199136414165,1.388127826385167,-0.5561259017934608,2.7110497841035412,13.530170570104255,3.382542642526064,,,
5452,-0.00580051265973087,0.005707864306143422,0.384421303028154,161,0.47231964236333734,-0.20140540057117526,0.1981884644379119,13.347876483743566,-0.050351350142793815,0.04954711610947798,3.3369691209358914,16.3998826221398,4.09997065553495,,,
5488,0.2208956143914033,-0.09775093326800938,0.7132379628022519,35,0.88546675082365,7.669937522898305,-3.394107904931822,24.76504854441979,1.9174843807245763,-0.8485269762329555,6.191262136104948,30.745176522098777,7.686294130524694,,,
5493,0.021066389078711723,-0.27988575012588024,0.7243961772924631,32,0.8479911110423085,0.7314671615910284,-9.718193015870813,25.152484067948905,0.1828667903977571,-2.4295482539677034,6.288121016987226,29.443947357611037,7.360986839402759,,,
5536,0.07199467195028639,-0.12741880873571226,0.7831121583313647,28,0.9223880320968366,2.4997989994578442,-4.424235876921402,27.191220361581646,0.6249497498644611,-1.1060589692303504,6.7978050903954115,32.02715725046636,8.00678931261659,,,
5590,0.011319716179819151,-0.1012733343343158,1.2569652216843932,107,1.6408110022141458,0.3930431851956806,-3.5164127147561133,43.6443464273255,0.09826079629892015,-0.8791031786890283,10.911086606831375,56.97223961887957,14.243059904719892,,,
5596,0.0390315226215905,0.02247136011090405,0.7078432026147504,27,0.8290873977443076,1.3552525284668655,0.7802505657708104,24.577731681189366,0.3388131321167164,0.1950626414427026,6.144432920297342,28.78757262447785,7.1968931561194625,,,
5598,0.07770556222520213,-0.38204195948239034,0.8394957260409435,20,1.0377002827590862,2.6980925315834683,-13.265260917147558,29.14897059959364,0.6745231328958671,-3.3163152292868894,7.28724264989841,36.03102921796099,9.007757304490248,,,
5607,0.007758550390726603,-0.20990660043726114,0.8660547424937347,911,1.022807990603403,0.26939238666680915,-7.288376980382582,30.071152768867456,0.06734809666670229,-1.8220942450956454,7.517788192216864,35.51393904973136,8.87848476243284,,,
5612,0.18000839094881077,0.09806120353520255,1.6397009041767625,29,2.215313409768505,6.250251350524608,3.404881109149303,56.93369479482555,1.562562837631152,0.8512202772873257,14.233423698706387,76.92011221398204,19.23002805349551,,,
5617,-0.010831188317161417,0.024593337673146063,0.16663612081549709,23,0.22774705635616316,-0.37608052074847875,0.8539298706869777,5.78593938695569,-0.09402013018711969,0.21348246767174442,1.4464848467389224,7.907833290798697,1.9769583226996743,,,
5629,0.007157426423789026,0.00020078353965957696,0.9100074632535377,64,1.5588482873491123,0.24852016028680257,0.006971606064059831,31.597279139089334,0.06213004007170064,0.0017429015160149578,7.8993197847723335,54.12633023333588,13.53158255833397,,,
5635,0.0051983476443020135,-0.3277509206970784,0.6081789330871921,71,0.6743820751839247,0.18049702690545452,-11.380167468443956,21.117188914653482,0.04512425672636363,-2.845041867110989,5.279297228663371,23.415894414536233,5.853973603634058,,,
5660,-0.004448098781857726,0.0011875791097563798,1.5830320998303864,834,2.0436971644642177,-0.15444688590366398,0.04123512184896102,54.96604057031068,-0.038611721475915996,0.010308780462240255,13.74151014257767,70.96125294452656,17.74031323613164,,,
5662,0.009744125219833642,-0.05149445368619523,0.5174307153869436,164,0.6025306214309245,0.3383355158830637,-1.7879904208920707,17.966229299665457,0.08458387897076593,-0.4469976052230177,4.491557324916364,20.921068237324562,5.2302670593311404,,,
5701,-0.05626978810368149,0.000790944391615971,0.8602310368973871,136,1.0443483601967998,-1.9537995825360288,0.027463171165689748,29.868942063151078,-0.4884498956340072,0.006865792791422437,7.4672355157877695,36.261863762753286,9.065465940688322,,,
5704,-0.017137306164299898,-0.05014285358105227,0.36991944572394614,46,0.4455874522133762,-0.5950415446368211,-1.7410601620412969,12.844342994426858,-0.14876038615920528,-0.4352650405103242,3.2110857486067146,15.47168751575285,3.8679218789382124,,,
5730,-0.06435109698003948,-0.13904876423291293,1.038054437025915,36,1.2562168593179197,-2.234398789340931,-4.828051191695203,36.04332616241383,-0.5585996973352327,-1.2070127979238008,9.010831540603457,43.61836178923681,10.904590447309202,,,
5736,0.007448609418551127,-0.007093475927439172,0.36205632110985425,904,0.48536896050025696,0.25863061623093225,-0.24629967115254292,12.57131958157636,0.06465765405773306,-0.06157491778813573,3.14282989539409,16.852981046489923,4.213245261622481,,,
5741,0.08873711162787343,-0.3374130122851071,1.749635611466722,47,2.3903990105273927,3.081129989943021,-11.71565461256349,60.750847701347524,0.7702824974857553,-2.9289136531408726,15.187711925336881,82.99943444353214,20.749858610883035,,,
5751,0.03352629941769915,-0.22868036957122334,0.7374003284004774,95,0.8694907864693492,1.1641001683813499,-7.940239792252017,25.604014202721377,0.29102504209533747,-1.9850599480630042,6.401003550680344,30.190459087788742,7.5476147719471856,,,
5756,0.06639588573613671,-0.02809155196068451,1.923989966142567,83,2.487675837463207,2.3053979445301387,-0.9753948671788876,66.80477960440221,0.5763494861325347,-0.2438487167947219,16.701194901100553,86.37708042839748,21.59427010709937,,,
5767,0.006919294180375668,-0.2872255231679386,1.2251098632645814,117,1.4817099906842799,0.24025173253100396,-9.973044615437164,42.538264672272796,0.06006293313275099,-2.493261153859291,10.634566168068199,51.44793429653957,12.861983574134893,,,
5779,-0.19447124702525057,-0.32146091794635256,0.8042541329854014,19,0.9136343997688562,-6.7524306392107505,-11.161765992933255,27.925312005519107,-1.6881076598026876,-2.7904414982333137,6.981328001379777,31.723213628774225,7.930803407193556,,,
5803,-0.021777634787047213,-0.29946463677907686,0.6668800995303696,28,0.7858278478051184,-0.7561630350758534,-10.398011118243108,23.155410815893497,-0.18904075876896334,-2.599502779560777,5.788852703973374,27.285514531489323,6.821378632872331,,,
5806,-0.010656314737927275,-0.096077071859978,0.5251913624949914,24,0.5791555587676473,-0.3700085603303109,-3.3359880891221563,18.235694488551093,-0.09250214008257772,-0.8339970222805391,4.558923622137773,20.109439311530252,5.027359827882563,,,
5822,0.10789826994185761,-0.24551283289707093,0.6204104955760316,27,0.6716549546937126,3.74644372892118,-8.524696583852098,21.54189322739097,0.936610932230295,-2.1311741459630245,5.385473306847742,23.32120333687509,5.8303008342187725,,,
5838,0.10261398580550463,-0.14003745369366527,0.3135391653410152,20,0.36766437505378935,3.562962815138732,-4.8623804671514455,10.886706898970731,0.890740703784683,-1.2155951167878614,2.7216767247426827,12.766042430617674,3.1915106076544184,,,
5878,0.11248001220288888,-0.08682393871101676,0.9036492986678567,67,1.1491536825313984,3.9055309837087075,-3.014700799923924,31.37651094834532,0.9763827459271769,-0.753675199980981,7.84412773708633,39.900914164855216,9.975228541213804,,,
5893,-0.0012602820848915794,0.003547047316272613,0.6813282142176167,28,0.9867447989946698,-0.04375951455160542,0.12316057691561767,23.65707825406409,-0.010939878637901355,0.030790144228904418,5.914269563516022,34.26175291069293,8.565438227673232,,,
5897,0.02605177685256569,-0.12712953969550217,0.5807990147206974,37,0.6946028139462941,0.9045697958747859,-4.414191877307227,20.166503389132057,0.22614244896869648,-1.1035479693268067,5.041625847283014,24.117998905843223,6.029499726460806,,,
5902,-0.008006387021497193,0.00472786406058176,1.9858189578877086,133,2.557016341633012,-0.27799777016042554,0.1641608959115199,68.95160585577702,-0.06949944254010638,0.04104022397787997,17.237901463944254,88.78472141418145,22.196180353545362,,,
5908,-0.03952247460987716,-0.2894488695358872,0.6009246573770463,27,0.6820719134894017,-1.3722993634041547,-10.050243648025077,20.8653059534458,-0.3430748408510387,-2.5125609120062693,5.21632648836145,23.682900980179006,5.920725245044752,,,
5938,0.09269550688315058,-0.011122185102204927,0.665789209990597,19,0.7311666444006109,3.2185733899967546,-0.38618451111875945,23.11753294929351,0.8046433474991886,-0.09654612777968986,5.779383237323377,25.38756822687801,6.346892056719502,,,
5949,0.1312929615821875,-0.19858391752222104,0.797997839912644,78,0.9255289470296938,4.558754212056715,-6.895230784206559,27.708080997446825,1.1396885530141787,-1.7238076960516397,6.927020249361706,32.136216098765026,8.034054024691256,,,
5981,-0.05356588775926056,-0.02159053551966518,0.3894170216406907,23,0.5023302043554436,-1.8599147547770452,-0.7496665743138144,13.521337825408063,-0.4649786886942613,-0.1874166435784536,3.3803344563520157,17.441909355629715,4.360477338907429,,,
5983,-0.061576975712224306,-0.32109820369377884,0.702430435690741,31,0.7797286157759541,-2.1380757506798522,-11.149171828655389,24.38978958805391,-0.5345189376699631,-2.787292957163847,6.097447397013478,27.07373699697268,6.76843424924317,,,
5986,-0.05680464453569135,-0.19715751475639873,0.5452403287389311,27,0.6382100316880596,-1.972370867568275,-6.8457032273716765,18.931834694473167,-0.49309271689206874,-1.7114258068429191,4.732958673618292,22.159928720272806,5.539982180068201,,,
5987,0.018135578912513797,0.019565428889652205,1.9414033192451539,47,2.6423584382210525,0.629703571000304,0.6793508219065039,67.40940605083023,0.157425892750076,0.16983770547662597,16.852351512707557,91.7479696919114,22.93699242297785,,,
6010,0.010035338250409103,-0.08006617561384449,1.2227610297600893,258,1.6294422435752085,0.3484470147307049,-2.7800577496639085,42.45670847532982,0.08711175368267622,-0.6950144374159771,10.614177118832455,56.577493581418395,14.144373395354599,,,
6025,0.005898323653953741,-0.026924964133349254,1.0202449541330632,37,1.40433300199559,0.2048015939125818,-0.9348886046381528,35.42494529740822,0.05120039847814545,-0.2337221511595382,8.856236324352055,48.761250495290874,12.190312623822718,,,
6050,-0.029100593979916173,-0.20674851570432856,0.6155270179536758,124,0.6745012541716411,-1.0104308241706494,-7.178721962285697,21.372329117387533,-0.25260770604266236,-1.7946804905714242,5.343082279346883,23.420032547347724,5.855008136836931,,,
6059,0.01472112838780116,-0.20796633172009726,0.8711858115856002,370,1.0933344746470428,0.5111470198812319,-7.2210069699852175,30.24931374987521,0.12778675497030798,-1.8052517424963044,7.5623284374688025,37.96275962869462,9.490689907173655,,,
6060,0.040732118314065244,-0.09337283577072811,0.3616768006777755,20,0.457692694931802,1.4143006121009734,-3.2420916036312213,12.558141873133723,0.35357515302524334,-0.8105229009078053,3.1395354682834307,15.89200575342203,3.9730014383555075,,,
6061,-0.0774667823381094,-0.2761208479228774,0.6033804387369108,80,0.7113842642908754,-2.6898016163438347,-9.58746808157815,20.950575593823018,-0.6724504040859587,-2.3968670203945375,5.2376438984557545,24.700684424707777,6.175171106176944,,,
6086,0.03544224988132498,-0.21101685403488374,0.7791023780520068,20,0.9336334267360745,1.230625800379366,-7.326927205799233,27.05199277072178,0.3076564500948415,-1.8317318014498083,6.762998192680445,32.417619843129984,8.104404960782496,,,
6100,-0.014389773744587688,-0.12590858688179704,0.6080882882196531,168,0.7031444472412635,-0.49964172395957374,-4.371797953709757,21.114041543562795,-0.12491043098989343,-1.0929494884274393,5.278510385890699,24.41458149711115,6.103645374277788,,,
6108,-0.014934254731918022,0.03447667804102105,0.4601279129905696,27,0.525456402618799,-0.5185471928016576,1.197099214940333,15.976561394858559,-0.1296367982004144,0.29927480373508325,3.9941403487146396,18.24489721172994,4.561224302932485,,,
6118,0.13921467798865128,-0.25432375105977073,0.6260910876443824,22,0.7482692902606098,4.83381204912195,-8.830629284297359,21.739134745188245,1.2084530122804875,-2.2076573210743398,5.434783686297061,25.981406296428897,6.495351574107224,,,
6126,0.000578513860547435,0.0027212761676340715,0.4288685195447374,252,0.5377192274761631,0.020087158265928037,0.09448815109259023,14.891172735632374,0.005021789566482009,0.02362203777314756,3.7227931839080934,18.670687016427333,4.667671754106833,,,
6131,0.03711313241611654,-0.6225503033596401,0.6910749565020854,19,0.7022981249740425,1.2886421837523985,-21.616191633253425,23.99550463966541,0.3221605459380996,-5.404047908313356,5.998876159916352,24.385195495348707,6.096298873837177,,,
6171,0.06409763152944323,-0.26932439324412055,0.8369187022547073,41,0.9479723137056452,2.225597961965328,-9.351481582222354,29.05949117968795,0.556399490491332,-2.3378703955555884,7.264872794921987,32.91549467648741,8.228873669121853,,,
6184,-0.0850399513753868,-0.1786727120119212,0.9532521178970657,38,1.0775124035145338,-2.9527571916561803,-6.203873906477928,33.09882003762191,-0.7381892979140451,-1.550968476619482,8.274705009405478,37.413385674831645,9.353346418707911,,,
6196,-0.0904020736219586,-0.21634009750443245,0.5280547909168921,41,0.6862071940090617,-3.1389408003016466,-7.511760865548903,18.335118450216328,-0.7847352000754116,-1.8779402163872259,4.583779612554082,23.826486190382642,5.9566215475956605,,,
6197,0.024179008535567578,0.00026294796438848647,0.745669454566057,44,0.9169111958850097,0.8395435343719775,0.009130079219497027,25.891134801442632,0.20988588359299437,0.002282519804874257,6.472783700360658,31.836990543519306,7.9592476358798265,,,
6198,0.04977104656205711,-0.2513633977416949,0.5411044942785836,60,0.654889252802116,1.728150278727747,-8.727839896387131,18.78823025034098,0.43203756968193674,-2.1819599740967828,4.697057562585245,22.73906463579507,5.684766158948768,,,
6224,-0.06455932465759212,-0.15697732504727263,0.7516097562762951,194,0.9643297132363472,-2.2416288707609135,-5.4505666802914,26.09739395742552,-0.5604072176902284,-1.36264167007285,6.52434848935638,33.48345630299245,8.370864075748113,,,
6236,0.019245043151935686,-0.17952701817677083,0.7265395415783513,24,0.9559533901913725,0.6682263883215109,-6.233537125133837,25.226905962683517,0.16705659708037773,-1.5583842812834592,6.306726490670879,33.19261361422484,8.29815340355621,,,
6250,-0.004017395473949203,-0.22826143139796806,0.7566226150230633,857,0.8799491635395887,-0.13949200564646422,-7.925693421000247,26.271450438830804,-0.034873001411616054,-1.9814233552500617,6.567862609707701,30.5535948564216,7.6383987141054,,,
6253,-0.144799304725251,-0.289776291454875,0.9017614635767291,20,1.0347194747639812,-5.027721458670165,-10.061612391896169,31.31096153831119,-1.2569303646675412,-2.5154030979740423,7.8277403845777975,35.92752960275496,8.98188240068874,,,
6275,0.01038773887454394,0.02309068670922742,0.3749483495682021,19,0.4599821471911659,0.3606830692019147,0.8017548239177945,13.018956593707115,0.09017076730047867,0.20043870597944863,3.2547391484267787,15.971500114771663,3.9928750286929158,,,
6292,-0.013307304869641712,0.0025728264755153774,0.6299891359059273,32,0.7845798864500827,-0.4620562396836995,0.08933368088284493,21.87448277692561,-0.11551405992092488,0.022333420220711234,5.468620694231403,27.242182817319772,6.810545704329943,,,
6311,0.0593628882611603,-0.19075199487372427,0.7467545769331232,76,0.8687126276698451,2.0611982062040077,-6.6232907660054545,25.928812420271903,0.5152995515510019,-1.6558226915013636,6.482203105067976,30.163439857952365,7.540859964488091,,,
6320,-0.021891051450666055,-0.15681645821159906,0.7772298384702149,37,0.9180399246306035,-0.7601010884700268,-5.4449810620231425,26.9869744513628,-0.1900252721175067,-1.3612452655057856,6.7467436128407,31.876182263023814,7.969045565755954,,,
6321,-0.11821768697341747,-0.15327542149782747,0.372031312888185,33,0.4442963923153352,-4.104754527091002,-5.322029185247565,12.91767124610356,-1.0261886317727504,-1.3305072963118914,3.22941781152589,15.426859333973068,3.856714833493267,,,
6322,-0.09847742348855558,-0.017004789388650743,0.586448183800947,51,0.6961493589857191,-3.419333098369627,-0.5904402971527312,20.36265383793648,-0.8548332745924068,-0.1476100742881828,5.09066345948412,24.17169804270214,6.042924510675535,,,
6334,0.14661739127507098,-0.08877442353282423,0.6874860702045622,31,0.8413568807181727,5.0908490598530145,-3.082425533906723,23.87089132964281,1.2727122649632536,-0.7706063834766808,5.967722832410702,29.213593612296393,7.303398403074098,,,
6338,0.11639820718725193,-0.0622481598599161,0.522618962565618,26,0.5814753028724695,4.041578549955761,-2.161380606656007,18.14637561820339,1.0103946374889403,-0.5403451516640018,4.536593904550847,20.189985466337887,5.047496366584472,,,
6340,-0.0021631590906408824,0.021914420757182456,0.5121656022414208,29,0.6598901232180914,-0.07510920994523272,0.7609125175308893,17.783414041026614,-0.01877730248630818,0.19022812938272232,4.445853510256653,22.912704858378568,5.728176214594642,,,
6353,-0.00027001873598043145,-9.29449575517189e-06,0.7483214818657477,856,1.0311491895484421,-0.009375590550712541,-0.0003227234816110784,25.98321849334249,-0.0023438976376781353,-8.06808704027696e-05,6.495804623335623,35.80356215950101,8.950890539875253,,,
6365,0.02383478792046469,-0.24316523377774105,0.6767998294279767,143,0.830851922519572,0.827591506174375,-8.443183247230724,23.499843677398207,0.20689787654359376,-2.110795811807681,5.874960919349552,28.848840453724577,7.212210113431144,,,
6369,-0.024662048828389516,-0.0472086426416638,0.5554850007016702,24,0.6611550059652834,-0.8563156594193408,-1.6391784898038506,19.287550194363394,-0.2140789148548352,-0.40979462245096265,4.821887548590849,22.956624117126573,5.739156029281643,,,
6376,0.011635604243625225,-0.0085141607536365,0.8323951455425421,78,1.0884734437063908,0.4040114505471551,-0.29562868968776657,28.90242424352815,0.10100286263678877,-0.07390717242194164,7.225606060882037,37.7939749123733,9.448493728093325,,,
6377,-0.09913490620498874,-0.33769667914374707,0.6112847962726815,51,0.738293405869758,-3.4421622132496195,-11.725504093229187,21.22503069618005,-0.8605405533124049,-2.9313760233072967,5.306257674045012,25.635023638609738,6.4087559096524345,,,
6407,0.10467588105716744,-0.23241584826673733,0.6675702899364462,20,0.7040470888476775,3.6345559420669677,-8.069943083517654,23.179375607173284,0.9086389855167419,-2.0174857708794134,5.794843901793321,24.44592301896906,6.111480754742265,,,
6417,-0.009213412429072948,-0.1446550566830664,0.6536520537513733,43,0.7662042719020429,-0.3199081063622709,-5.022712878149433,22.696106610355184,-0.07997702659056773,-1.2556782195373581,5.674026652588796,26.604144728982735,6.651036182245684,,,
6423,-0.07606298809546767,-0.07566074261448286,0.7686549342566328,48,0.918420822375259,-2.6410590726508287,-2.627092305060074,26.689236627258804,-0.6602647681627072,-0.6567730762650185,6.672309156814701,31.889407794513744,7.972351948628436,,,
6434,0.008828657674494625,-0.17806983922008376,0.7343127617420008,96,0.9319920851787483,0.3065486517738024,-6.182940957399749,25.49680771320575,0.0766371629434506,-1.5457352393499373,6.374201928301438,32.3606291815765,8.090157295394125,,,
6446,0.08063106025406375,0.1725249079131146,2.165748238303125,32,2.6470150778593884,2.7996716741416017,5.990409852559165,75.19911033036111,0.6999179185354004,1.4976024631397913,18.799777582590277,91.90965753343369,22.977414383358422,,,
6449,-0.06393777344198207,-0.14771063639057402,0.765863117622444,80,0.8872148285625231,-2.220047369452501,-5.128808716753511,26.592299170086502,-0.5550118423631253,-1.2822021791883778,6.6480747925216255,30.805873277347928,7.701468319336982,,,
6455,0.07003035834730752,-0.2528848103067393,0.7012711149999685,155,0.7843977497925133,2.431594102535212,-8.780666383470603,24.34953565502891,0.607898525633803,-2.1951665958676507,6.087383913757227,27.23585866829565,6.808964667073912,,,
6488,-0.0768847934380564,-0.28907059453399847,0.7614894987113282,23,0.8570809924760695,-2.6695937977561948,-10.037109183409495,26.44043837425474,-0.6673984494390487,-2.5092772958523737,6.610109593563685,29.759566220754085,7.439891555188521,,,
6505,-0.01429409565174969,-0.023566347583424532,0.29170260229738504,45,0.37655843056055766,-0.49631958922005276,-0.8182707207916666,10.128497756969804,-0.12407989730501319,-0.20456768019791666,2.532124439242451,13.074861825923684,3.268715456480921,,,
6544,-0.1439418474050767,-0.045620329495515456,0.6798285400647045,21,0.8192553571175296,-4.997948825599074,-1.5840290807432877,23.605006568126672,-1.2494872063997684,-0.39600727018582194,5.901251642031668,28.446184509834865,7.111546127458716,,,
6546,0.08899192532871762,-0.19410146874264894,0.4329351796083758,26,0.4584384315907785,3.0899776312637335,-6.739591197682257,15.032375306362026,0.7724944078159334,-1.6848977994205643,3.7580938265905064,15.917899221695013,3.979474805423753,,,
6552,0.008387132656710428,-0.003431056645494479,0.36253787472190524,32,0.4751545569811496,0.2912180201062995,-0.1191331488448593,12.588040086093994,0.07280450502657487,-0.029783287211214825,3.1470100215234984,16.498316527499476,4.124579131874869,,,
6581,-0.024142626016317573,-0.14961528680827219,0.6583292820280164,60,0.7829648967440878,-0.8382802605385787,-5.194941988556827,22.858509330576787,-0.20957006513464468,-1.2987354971392067,5.714627332644197,27.186107144748217,6.796526786187054,,,
6582,0.022131784424840158,-0.014128977014950448,0.36808567480317195,21,0.43552232879443564,0.7684598187993,-0.49058633991310946,12.780670800515736,0.192114954699825,-0.12264658497827736,3.195167700128934,15.122206300400395,3.7805515751000986,,,
6609,0.03859245759103726,0.004341309188695115,0.4720376621677,21,0.6387562106203116,1.3400073124759957,0.15073893764987178,16.39009170578688,0.3350018281189989,0.037684734412467946,4.09752292644672,22.17889314515846,5.544723286289615,,,
6614,0.02707650215745344,-0.20693242404035905,0.5179539747582755,47,0.5826990106118847,0.9401503079110984,-7.185107627529347,17.984397911556844,0.2350375769777746,-1.7962769068823368,4.496099477889211,20.23247504646586,5.058118761616465,,,
6620,0.02545722672973639,-0.1757060757821962,0.6973715238401854,323,0.8118459570720105,0.8839258265099069,-6.100866363309417,24.21413405077892,0.22098145662747673,-1.5252165908273543,6.05353351269473,28.18891532145435,7.047228830363587,,,
6631,0.030209842550982847,-0.10849779224113291,0.63483838082045,158,0.8638147826342812,1.0489461530552264,-3.767260342196617,22.042858258847666,0.2622365382638066,-0.9418150855491543,5.5107145647119165,29.993376882627516,7.498344220656879,,,
6654,0.01739314358103646,-0.21319307007842098,0.7234778133326663,30,0.8102875579436751,0.6039247314207479,-7.402489779262933,25.120596634536838,0.15098118285518697,-1.8506224448157333,6.2801491586342095,28.13480458692029,7.033701146730072,,,
6671,-0.017378049342634035,0.12389732998385677,1.0422521718736928,22,1.2751016387972556,-0.603400629274939,4.301963091699475,36.18907991179836,-0.15085015731873475,1.0754907729248688,9.04726997794959,44.27407910231831,11.068519775579578,,,
6707,0.16042124482845285,-0.13221798819065086,0.6730483588439465,61,0.8801674270704914,5.57014646293354,-4.590872985955779,23.36958511577951,1.392536615733385,-1.1477182464889448,5.842396278944878,30.561173402741606,7.640293350685401,,,
6721,-0.002317688603297938,0.004611570879283136,0.05331279518055214,25,0.11597928845992957,-0.08047478368371101,0.16012296407046905,1.8511268742591314,-0.020118695920927753,0.04003074101761726,0.46278171856478284,4.027032853905674,1.0067582134764186,,,
6725,0.020413764024007658,-0.33251882704019015,0.9457777256035693,47,1.0988085424765717,0.7088067144415939,-11.545718712489483,32.83929418840714,0.17720167861039848,-2.886429678122371,8.209823547101784,38.152830211871525,9.538207552967881,,,
6731,-0.05535330483972667,-0.11648785721202325,2.380737939226282,43,2.8772823720587075,-1.9219774506449894,-4.044691378115871,82.66398272581496,-0.48049436266124734,-1.0111728445289678,20.66599568145374,99.90499852262245,24.976249630655612,,,
6735,0.0016864205123739752,-0.01308806143404761,0.31138159434900464,86,0.4052920497155606,0.05855589303064917,-0.45444366911300116,10.81179171898614,0.014638973257662292,-0.11361091727825029,2.702947929746535,14.072550550223696,3.518137637555924,,,
6738,0.006795632165714475,-0.027366555510175552,0.7512035857748113,39,0.912913325798943,0.23595794005793802,-0.9502215404243155,26.083290905273,0.058989485014484505,-0.23755538510607888,6.52082272631825,31.6981764983909,7.924544124597725,,,
6744,0.05518779705365335,-0.1128238606416874,1.9943496223157602,35,2.570192047109642,1.9162306892969516,-3.9174700892006697,69.24780758604783,0.4790576723242379,-0.9793675223001674,17.311951896511957,89.24220825974099,22.310552064935248,,,
6750,-0.06130955197617283,-0.0761434606125594,1.0093435751542594,44,1.3107790181524703,-2.128790263716673,-2.6438532393892875,35.0464276165062,-0.5321975659291682,-0.6609633098473219,8.76160690412655,45.51286906829008,11.37821726707252,,,
6770,0.0445216879654289,-0.03919140183173039,0.7336496768418338,103,0.8637084210714733,1.5458820495356222,-1.3608038544013425,25.473784079302153,0.38647051238390556,-0.34020096360033564,6.368446019825538,29.989683796443696,7.497420949110924,,,
6786,-0.24062089979608572,-0.02095185304310007,1.5337677416909505,25,2.224030752036536,-8.354838882719688,-0.7274902413625207,53.25548352699319,-2.088709720679922,-0.18187256034063018,13.313870881748297,77.2227957722126,19.30569894305315,,,
6788,0.06593094179158997,-0.04518702429735751,0.8235306622982019,47,1.008275485244901,2.289254160887587,-1.5689838576528476,28.594631656318168,0.5723135402218967,-0.3922459644132119,7.148657914079542,35.00934139867345,8.752335349668362,,,
6790,0.037326765444468515,-0.38295650086083216,0.8445178624677062,19,1.0819416024303976,1.2960599497628358,-13.297015622889814,29.323349220603696,0.32401498744070895,-3.3242539057224536,7.330837305150924,37.56717631958827,9.391794079897068,,,
6798,-0.01915508044580006,-0.06835826394449361,0.7328016359812425,267,0.9000446292858615,-0.6651027032390697,-2.373535640680707,25.4443384045407,-0.16627567580976743,-0.5933839101701768,6.361084601135175,31.251349618063685,7.812837404515921,,,
6799,0.01240608392673838,-0.07066820156606507,0.6927428436342901,294,0.9149027118813714,0.43076404610421004,-2.4537412947769113,24.05341701666982,0.10769101152605251,-0.6134353236942278,6.013354254167455,31.76725196194498,7.941812990486245,,,
6814,-0.13617192738044928,-0.2734020638075478,0.6898053540668214,40,0.7478582315706763,-4.72816166250396,-9.493066459525675,23.951421503908175,-1.18204041562599,-2.3732666148814188,5.987855375977044,25.967133516597023,6.491783379149256,,,
6823,-0.06995642169144131,-0.12079628062222335,0.8762813473313454,22,1.0009175156466659,-2.4290268739702254,-4.194288455764839,30.426240942038977,-0.6072567184925564,-1.0485721139412099,7.606560235509744,34.753857978283534,8.688464494570884,,,
6829,-0.09702262861176301,-0.1900212316067427,0.6481441033030383,29,0.7320926693306454,-3.3688197106576356,-6.59791720384932,22.504859554888096,-0.8422049276644089,-1.64947930096233,5.626214888722024,25.41972166449867,6.354930416124668,,,
6845,-0.0021941550162758346,0.011200221593355764,0.2499769137697298,21,0.30404257419423053,-0.07618545047512953,0.3888940941644988,8.679698399912558,-0.019046362618782384,0.0972235235411247,2.1699245999781396,10.556966261172073,2.6392415652930183,,,
6871,0.04929164060737595,-0.19084767663344732,0.6727344012195788,87,0.7741446389936498,1.711504345169308,-6.626613028066558,23.358683879146216,0.427876086292327,-1.6566532570166395,5.839670969786554,26.87985015513751,6.719962538784378,,,
6889,-0.04565186201293061,-0.08664316187292209,0.7225274066220052,29,0.8344343802293825,-1.5851239528129766,-3.008423866551601,25.087596612729264,-0.39628098820324414,-0.7521059666379003,6.271899153182316,28.973230550324622,7.243307637581156,,,
6896,0.05871059622675696,-0.08271906398337409,0.7238793290210709,70,0.877656712321168,2.038549322185455,-2.872171339630715,25.134538062269623,0.5096373305463637,-0.7180428349076787,6.283634515567406,30.473996365215598,7.6184990913038995,,,
6906,-0.04195008338606954,-0.3038721861218461,0.7551017969023683,32,0.8506361823123796,-1.4565907953311066,-10.55105004652274,26.218644592044033,-0.36414769883277665,-2.637762511630685,6.554661148011008,29.535789522250447,7.383947380562612,,,
6962,0.008490545452823852,0.012943167748907974,0.8618859784953397,139,1.3251417650022714,0.29480871921294977,0.4494126705775827,29.926404945315184,0.07370217980323744,0.11235316764439568,7.481601236328796,46.01157236440887,11.502893091102218,,,
6967,-0.011670500594334499,-0.2994885906774346,0.9490588914802219,21,1.0905496562519168,-0.4052231216364825,-10.398842845501886,32.95322282997627,-0.10130578040912062,-2.5997107113754714,8.238305707494067,37.86606516437906,9.466516291094765,,,
6984,0.08616099068807444,-0.052374057437315005,0.8853080903677111,20,1.0275915895035752,2.9916819186713206,-1.8185320223384518,30.739667513747666,0.7479204796678302,-0.45463300558461295,7.684916878436916,35.68003517074314,8.920008792685785,,,
6986,0.02202972655564832,-0.01515457343288732,0.8309720108477567,52,1.0419047322825112,0.7649161654652209,-0.5261970987367136,28.85301016065581,0.19122904136630522,-0.1315492746841784,7.2132525401639525,36.17701611431335,9.044254028578338,,,
6998,-0.06007322206750974,0.006797452363356469,0.5568940851292062,54,0.7119919381499269,-2.0858624166280735,0.2360211409604633,19.3364764238563,-0.5214656041570184,0.05900528524011583,4.834119105964075,24.72178407644176,6.18044601911044,,,
7003,-0.04600136452689318,-0.13258237671961617,0.6441159533507727,116,0.7606143165842898,-1.597259379102785,-4.603525284458513,22.364994132245528,-0.39931484477569623,-1.1508813211146283,5.591248533061382,26.41005030043971,6.602512575109928,,,
7010,0.018201095083591183,-0.26006533955757194,0.8404835118464918,159,1.0588332185883975,0.631978423492453,-9.029988720118013,29.18326849833389,0.15799460587311326,-2.257497180029503,7.295817124583473,36.76480701582634,9.191201753956586,,,
7025,-0.04631608826445027,-0.19111902627453944,0.6058691466589136,58,0.6684915939845262,-1.6081872167182425,-6.636034830304559,21.036988510290797,-0.4020468041795606,-1.6590087075761397,5.259247127572699,23.21136512633072,5.80284128158268,,,
7033,-0.01946925792525444,-0.13010111933974375,0.8704246549316401,246,1.0656856111080055,-0.6760115736806847,-4.517371065714583,30.222884868536408,-0.16900289342017116,-1.1293427664286457,7.555721217134102,37.00273578889217,9.250683947223042,,,
7035,0.00064040480156755,-0.1872503645183747,0.6952335529292594,19,0.8132857636102366,0.022236135520028472,-6.501707156807007,24.139899424809744,0.005559033880007118,-1.6254267892017518,6.034974856202436,28.238908284074636,7.059727071018659,,,
7056,-0.32312245068904066,0.1354981127936385,1.523574456132993,21,2.038499517891853,-11.21945773282487,4.704765472420716,52.90155226584978,-2.8048644332062174,1.176191368105179,13.225388066462445,70.78078026024092,17.69519506506023,,,
7058,-0.11817791277981489,-0.11396823981811366,0.6180548361083885,24,0.7368030155844425,-4.103373487540733,-3.9572052229645425,21.460100019355465,-1.0258433718851832,-0.9893013057411356,5.365025004838866,25.583274307123013,6.395818576780753,,,
7061,0.04334688938790762,-0.2407602925894442,0.7336440450923248,53,0.9980948572665009,1.5050906933269286,-8.359678879290682,25.473588533695704,0.37627267333173214,-2.0899197198226704,6.368397133423926,34.655849634007446,8.663962408501861,,,
7073,0.031322617075417065,-0.14673571224383294,0.5561112090122081,65,0.6387526164675057,1.0875839100926314,-5.094957400530368,19.30929339932189,0.27189597752315786,-1.273739350132592,4.827323349830473,22.178768348984732,5.544692087246183,,,
7075,0.057732256822102056,-0.256547589605925,0.7562857810345713,33,0.8576329073372768,2.0045794213770276,-8.907845406296929,26.259754889082387,0.5011448553442569,-2.226961351574232,6.564938722270597,29.778729808564925,7.444682452141231,,,
7087,0.03565582357902662,-0.0668947289605989,0.7218980858406085,36,0.8815288065477704,1.2380415063109624,-2.3227187789699153,25.06574533655761,0.3095103765777406,-0.5806796947424788,6.266436334139403,30.608443220951685,7.652110805237921,,,
7097,0.03243314991317803,-0.20941677614371024,0.6860260342022242,32,0.7574592945174291,1.1261438312853675,-7.271369301261907,23.82019595956963,0.2815359578213419,-1.8178423253154767,5.955048989892408,26.300501624234176,6.575125406058544,,,
7101,-0.01460069133227539,0.06758571245579759,0.9022876874815645,39,1.1535498188745543,-0.5069652044392661,2.346711107890204,31.329233084734884,-0.12674130110981652,0.586677776972551,7.832308271183721,40.05355681096228,10.01338920274057,,,
7102,0.08761435094798967,-0.05920960048002886,0.5439007953101325,19,0.6925261977783047,3.0421454936160974,-2.055875747867562,18.88532341475842,0.7605363734040244,-0.5139689369668905,4.721330853689605,24.045894639258297,6.011473659814574,,,
7106,-0.006242031659898189,-0.00778019921526017,0.24440483530625032,590,0.4201453146319497,-0.21673582329498495,-0.27014407715226363,8.486224691503624,-0.05418395582374624,-0.06753601928806591,2.121556172875906,14.588285614650559,3.6470714036626397,,,
7107,-0.05457960313954605,-0.004328363495151929,1.216603209057881,84,1.6624436920061774,-1.895112980211318,-0.15028943727866528,42.24289662490775,-0.4737782450528295,-0.03757235931966632,10.560724156226938,57.72336987383849,14.430842468459623,,,
7108,0.04464030670993035,-0.08144475246756638,0.6475182924817898,454,0.7390116637647275,1.5500007295822016,-2.82792469517884,22.483130151552707,0.3875001823955504,-0.70698117379471,5.620782537888177,25.65996298923887,6.414990747309718,,,
7115,-0.11572706908342904,-0.23611752954372736,0.7456894843571494,21,0.843462956581283,-4.018275292714823,-8.198472860817303,25.891830275848942,-1.0045688231787058,-2.0496182152043256,6.472957568962236,29.286720778415308,7.321680194603827,,,
7116,-0.04137460418975808,-0.009570053637226445,0.8613869121401394,47,1.1114754531963438,-1.43660900667678,-0.3322914023917766,29.909076363329923,-0.359152251669195,-0.08307285059794416,7.477269090832481,38.59265068588345,9.648162671470862,,,
7117,0.003803027642389657,-0.008355374357895554,0.4164580639445396,41,0.5037234713121115,0.1320487257990537,-0.29011530845484945,14.460256896282305,0.03301218144976342,-0.07252882711371236,3.615064224070576,17.490286370899135,4.372571592724784,,,
7131,0.03204720332507982,-0.05824361191205322,0.6120266256062649,96,0.8012147929497573,1.1127429938534217,-2.022334692810312,21.25078849430073,0.2781857484633554,-0.505583673202578,5.312697123575182,27.819780040801472,6.954945010200368,,,
7136,0.2237763722598644,-0.25073390305090015,0.6432402825123208,19,0.7005604520657914,7.769963197607012,-8.705982581733355,22.334589089392804,1.942490799401753,-2.176495645433339,5.583647272348201,24.32486001662841,6.0812150041571025,,,
7152,0.04856609081123749,-0.18108139825563618,0.6356283532694271,65,0.7642577140854426,1.6863118051477883,-6.2875083102322,22.07028768222105,0.4215779512869471,-1.57187707755805,5.5175719205552625,26.53655634847474,6.634139087118685,,,
7162,0.007401977631252166,-0.14934050443647084,1.38523610208667,128,1.7765873368838052,0.2570114673123377,-5.185400995043141,48.098167936653354,0.06425286682808443,-1.2963502487607852,12.024541984163339,61.686665511279486,15.421666377819871,,,
7163,-0.06088292236159028,-0.24567251866687628,0.5135216238891014,20,0.6015091818585019,-2.1139768302391375,-8.530241193151278,17.83049782467738,-0.5284942075597844,-2.1325602982878196,4.457624456169345,20.885601812490904,5.221400453122726,,,
7167,-0.01613971967472061,-0.014484923366392621,0.3869182265036996,32,0.4589590392642695,-0.560403346545649,-0.5029455091278846,13.43457466066146,-0.14010083663641226,-0.12573637728197115,3.358643665165365,15.935975761333966,3.9839939403334914,,,
7168,0.012109174248888955,-0.25918527934343877,0.6940535128449489,34,0.7894207170252571,0.4204547482699223,-8.999431269362882,24.098926073002314,0.10511368706748057,-2.2498578173407204,6.0247315182505785,27.410266136550977,6.852566534137744,,,
7173,0.016140873103003977,-0.11163876206634142,0.6278835206134028,457,0.718939259623922,0.5604433958825041,-3.8763210964675068,21.801371602738573,0.14011084897062603,-0.9690802741168767,5.450342900684643,24.96300897266182,6.240752243165455,,,
7178,-0.00888431018604641,-0.2313792421827072,0.5857928580950311,35,0.6458850588086967,-0.3084810182799035,-8.03395004706796,20.33989961877567,-0.07712025456997587,-2.00848751176699,5.084974904693918,22.42642101195557,5.606605252988892,,,
7191,-0.03205012845380942,-0.19701938217104734,1.538706311167926,26,1.877020843166802,-1.1128445601731707,-6.8409069877431055,53.426960536372725,-0.27821114004329267,-1.7102267469357764,13.356740134093181,65.1739177164377,16.293479429109425,,,
7203,-0.0009876474763431265,0.0027947861372357046,0.23219092669877792,76,0.3027135837060529,-0.034293095673586044,0.09704056425709814,8.062133356834966,-0.008573273918396511,0.024260141064274536,2.0155333392087416,10.51082105344157,2.6277052633603923,,,
7224,0.05792811935099428,-0.026428879690370097,0.7700190658061556,23,0.8541902389321181,2.0113801601052237,-0.9176635606090305,26.736602002921337,0.5028450400263059,-0.22941589015225763,6.684150500730334,29.659193476201004,7.414798369050251,,,
7241,0.07428296330654219,0.08278213777404035,1.6438091521178804,23,2.3391489371078222,2.579253051929758,2.874361387790229,57.07634137983705,0.6448132629824395,0.7185903469475573,14.269085344959262,81.2199293942578,20.30498234856445,,,
7249,-0.10708967937210384,-0.1430697852198028,0.5335498460605783,22,0.6036203346825363,-3.7183678471581896,-4.967669082401993,18.5259177549154,-0.9295919617895474,-1.2419172706004982,4.63147943872885,20.958905260847025,5.239726315211756,,,
7265,-0.019206941041969523,-0.05290326002551962,1.0377014631421637,35,1.2930098148998816,-0.6669034068592659,-1.8369069946060923,36.03107020322221,-0.16672585171481646,-0.4592267486515231,9.007767550805552,44.89588679295369,11.223971698238422,,,
7270,0.047461957100659605,-0.18257329290839894,1.5705470335357266,19,1.8205834471977467,1.647974074449103,-6.339309876365428,54.5325340984275,0.41199351861227573,-1.584827469091357,13.633133524606874,63.214298453600165,15.803574613400041,,,
7284,0.0033072630455261674,-0.002287834238281245,1.6378714530398757,401,2.110352894292158,0.11483478746675958,-0.07943818042160139,56.870172592450565,0.028708696866689896,-0.019859545105400347,14.217543148112641,73.27567319561231,18.31891829890308,,,
7291,0.12737292242721035,-0.16527939136117475,0.758490565056665,31,0.9059727746925346,4.422642612517598,-5.73883102684271,26.336309399897523,1.1056606531293995,-1.4347077567106774,6.584077349974381,31.457186682874188,7.864296670718547,,,
7298,0.04730901708713855,-0.050695549110702225,0.4803847380016861,63,0.5767462903216078,1.6426636912996246,-1.7602508562218027,16.679918872894543,0.41066592282490616,-0.44006271405545067,4.169979718223636,20.025784692546868,5.006446173136717,,,
7300,0.002523830517747072,0.08904344137909094,1.56187196447583,28,2.0716665630258073,0.08763244323721384,3.0917663715647956,54.231318350529776,0.02190811080930346,0.7729415928911989,13.557829587632444,71.93240640138208,17.98310160034552,,,
7344,3.782639105587293e-06,-0.012491016491605578,2.1923941314465765,80,2.8321245941854847,0.000131340795024202,-0.4337130746215289,76.12430903208804,3.28351987560505e-05,-0.10842826865538223,19.03107725802201,98.3370301593084,24.5842575398271,,,
7350,0.008788359400946202,-0.004700297699110247,2.3342066751694723,58,2.818158041459171,0.30514941511965404,-0.16320373670850602,81.04832417523443,0.07628735377991351,-0.040800934177126505,20.262081043808607,97.85208351554535,24.463020878886336,,,
7361,-0.036165440188288135,0.026616572541442087,0.36004874058276454,39,0.4943567992538802,-1.2557364142177407,0.9241806317839522,12.501612370514751,-0.3139341035544352,0.23104515794598804,3.1254030926286878,17.165056783693228,4.291264195923307,,,
7369,0.000259350180468965,0.000839008084668934,2.150210873780778,566,2.745841022280491,0.009005156966243403,0.029132038715874727,74.65962195941617,0.002251289241560851,0.007283009678968682,18.664905489854043,95.34109197562321,23.835272993905804,,,
7377,0.023053691628367807,-0.17783897837179752,0.5082966561952755,57,0.5893459188814009,0.800470280720187,-6.1749250070255535,17.64907649641236,0.20011757018004675,-1.5437312517563884,4.41226912410309,20.4632689954,5.11581724885,,,
7414,0.0015010311814369114,-0.17940277483593584,0.8796559248749737,78,1.0491516840512025,0.05211880468185244,-6.229223147853364,30.543413023508837,0.01302970117046311,-1.557305786963341,7.635853255877209,36.428644773625855,9.107161193406464,,,
7418,-0.09484880844431245,-0.3455139086239336,0.6235276313785691,25,0.671613142595832,-3.2933403268034174,-11.996933935240223,21.65012641672668,-0.8233350817008543,-2.999233483810056,5.41253160418167,23.319751537212483,5.829937884303121,,,
7425,-0.24622793206842175,-0.2688256595419173,1.0945955692360216,20,1.3711867436381273,-8.54952625727974,-9.334164550614453,38.00654735501315,-2.137381564319935,-2.3335411376536133,9.501636838753287,47.61034611260306,11.902586528150765,,,
7437,0.02693555945082153,-0.20060484245574117,0.6582546969713237,25,0.7594302034967122,0.9352564952514252,-6.9654013397482455,22.8559195882383,0.2338141238128563,-1.7413503349370614,5.713979897059575,26.36893552581284,6.59223388145321,,,
7454,0.021384098109484488,-0.0007002078786725036,0.47416063756046745,51,0.5279217140608938,0.7424986545575204,-0.02431261796326667,16.46380565737455,0.1856246636393801,-0.006078154490816667,4.1159514143436375,18.330497755622357,4.582624438905589,,,
7488,-0.0005201487969348093,6.9380597231114e-05,0.4395022034000673,767,0.5812941082693371,-0.01806060652717045,0.0024090330970587405,15.260395506457137,-0.004515151631792612,0.0006022582742646851,3.815098876614284,20.183694027327924,5.045923506831981,,,
7503,0.163555425220247,-0.08890664102295667,0.5411752764917029,26,0.6612425102858849,5.678971474497416,-3.0870163895991016,18.79068795034491,1.419742868624354,-0.7717540973997754,4.697671987586228,22.959662442146495,5.739915610536624,,,
7520,-0.011357194639004203,-0.10416456232960059,0.5790147927479635,84,0.6638747205375763,-0.39434451225550393,-3.6168019332083916,20.10455163379479,-0.09858612806387598,-0.9042004833020979,5.026137908448698,23.051058046505727,5.762764511626432,,,
7522,0.07209270123883395,-0.08764604713901084,0.452368856804721,30,0.5564758163926743,2.5032027724147925,-3.0432460487607345,15.707151445973523,0.6258006931036981,-0.7608115121901836,3.9267878614933807,19.321953296786436,4.830488324196609,,,
7526,-0.21371678082077697,-0.2417617885600539,1.1655172437024321,56,1.5292795096823812,-7.4206740636590185,-8.394452822382192,40.46908973583585,-1.8551685159147546,-2.098613205595548,10.117272433958963,53.09964313519164,13.27491078379791,,,
7530,0.04018419358715164,-0.13321282466203196,0.6650762269909817,41,0.7683787430222127,1.3952755697330792,-4.6254156979150745,23.092776753580868,0.3488188924332698,-1.1563539244787686,5.773194188395217,26.67964671521727,6.669911678804318,,,
7566,0.05681270088842662,-0.20628984172670264,0.7340145812774849,319,0.8335030037279045,1.9726506002479491,-7.162795884434569,25.486454291116832,0.4931626500619873,-1.7906989711086423,6.371613572779208,28.940891295440302,7.2352228238600755,,,
7569,-0.005626448944945806,-0.0026292940197983603,0.07095814097590607,19,0.1233478822880049,-0.19536156026640827,-0.09129434695543867,2.4638085709654107,-0.04884039006660207,-0.022823586738859668,0.6159521427413527,4.282885168804106,1.0707212922010265,,,
7570,-0.03422838204270092,-0.10468036762417376,0.7068368517135221,118,0.8247678524779033,-1.1884778812866614,-3.6347117246465617,24.542789165196915,-0.29711947032166536,-0.9086779311616404,6.135697291299229,28.63758937373776,7.15939734343444,,,
7572,0.05701649449173295,-0.27290108169723953,1.3030504837084067,72,1.804391292406431,1.9797267217419514,-9.475671358691551,45.244518895323296,0.49493168043548785,-2.368917839672888,11.311129723830824,62.6520744549361,15.663018613734025,,,
7585,0.004181546928993723,-0.0015094080745296746,0.13865013639174723,43,0.18841879578949164,0.14519167246852005,-0.05240966716381936,4.814210035794248,0.03629791811713001,-0.01310241679095484,1.203552508948562,6.542277427402729,1.6355693568506822,,,
7586,-0.01402543927644315,-0.04407553318195912,0.373526602699621,180,0.5268913133118209,-0.48699130255665907,-1.5303906631439848,12.96959069893624,-0.12174782563916477,-0.3825976657859962,3.24239767473406,18.294720180813048,4.573680045203262,,,
7593,0.06636640883977932,-0.2875016007578446,1.020591498582761,29,1.1651915434443434,2.3043744477348174,-9.982630581513881,35.43697801379063,0.5760936119337043,-2.4956576453784702,8.859244503447657,40.45778077147449,10.114445192868622,,,
7613,-0.056330238655264465,-0.1613524899263365,0.7136246551219289,77,0.8438892428760224,-1.955898546588093,-5.602481155222256,24.778475275143613,-0.48897463664702323,-1.400620288805564,6.194618818785903,29.30152229114125,7.3253805727853125,,,
7621,0.07394142741998967,-0.0009577978152059525,0.5506675925229899,71,0.7328663633812571,2.5673942428768814,-0.03325665573958108,19.120280147583255,0.6418485607192204,-0.00831416393489527,4.780070036895814,25.44658586932401,6.361646467331003,,,
7633,0.008042376964408352,-0.07410116600016821,0.8775307474453276,750,1.1290242323226785,0.27924741295818684,-2.5729406858578407,30.469622612796666,0.06981185323954671,-0.6432351714644602,7.6174056531991665,39.20197939470804,9.80049484867701,,,
7634,0.19143322765705503,-0.3505893956861415,0.7640887485906842,22,0.8437155857325582,6.646944530708265,-12.173164997014206,26.530689528565738,1.6617361326770663,-3.0432912492535515,6.632672382141434,29.295492567805887,7.323873141951472,,,
7637,0.0034855248619534485,-0.0037624696631141374,0.11382294807282047,748,0.2671643371209357,0.12102439425674764,-0.13064047164264908,3.952160402984472,0.03025609856418691,-0.03266011791066227,0.988040100746118,9.276480113513129,2.3191200283782822,,,
7641,0.08242008169340806,-0.19334564256245035,0.4980598164932279,60,0.5689643851758551,2.8617900765585147,-6.713347401053401,17.29363294827786,0.7154475191396287,-1.6783368502633502,4.323408237069465,19.75558138207604,4.93889534551901,,,
7650,-0.006306746707304651,0.0008841683588832852,0.3847153025012078,247,0.47086618568659777,-0.2189828591710321,0.03070009375714543,13.358084733446937,-0.05474571479275803,0.007675023439286358,3.339521183361734,16.34941569941005,4.087353924852512,,,
7675,-0.01662160232482741,0.04731626853241954,1.1433951700616731,31,1.4385868250621,-0.5771352759226573,1.6429154759826714,39.70096709488141,-0.14428381898066434,0.41072886899566785,9.925241773720353,49.950611739806234,12.487652934951559,,,
7678,-0.011506468888686222,0.07797907533726875,1.5099370454916143,19,1.7565000273727742,-0.39952761275296306,2.7075894538606455,52.42803409355984,-0.09988190318824076,0.6768973634651614,13.10700852338996,60.98919395043747,15.247298487609367,,,
7686,-0.0046660072659069326,0.0038223290269377755,0.40219547932179134,151,0.5083273729744737,-0.16201310428682053,0.13271890847333345,13.965031433011239,-0.04050327607170513,0.03317972711833336,3.4912578582528098,17.65014304441968,4.41253576110492,,,
7689,0.025608696425300056,-0.07899151185939743,0.6120909690764659,113,0.7418250904054257,0.8891851572792686,-2.7427432747819975,21.253022628273047,0.22229628931981715,-0.6856858186954994,5.313255657068262,25.75765078905719,6.439412697264298,,,
7717,0.013319953931308722,-0.15450776501911884,0.7304034618855043,60,0.8324503053089208,0.46249544040290147,-5.364818616993844,25.361069003588483,0.11562386010072537,-1.341204654248461,6.340267250897121,28.90433950093635,7.226084875234087,,,
7738,0.018764100687373997,-0.020221692069800845,0.49010778680012185,32,0.6469576043530997,0.651527104067,-0.7021375920476249,17.01752257327383,0.16288177601675,-0.17553439801190623,4.2543806433184574,22.463661938348327,5.615915484587082,,,
7745,-0.014830379357164247,-0.2364385230584005,0.7414615452813177,28,0.8944323556369493,-0.514940432039457,-8.209618397633783,25.745027775257913,-0.12873510800986426,-2.0524045994084457,6.436256943814478,31.056480252426155,7.764120063106539,,,
7788,-0.025252989334795334,-0.126803726447406,1.4838485154945062,51,1.8929713176740592,-0.8768342956827636,-4.4028789897068314,51.52218815500025,-0.2192085739206909,-1.1007197474267079,12.880547038750063,65.72775009227868,16.43193752306967,,,
7803,0.06634430748703331,-0.17330989736315022,0.6926977178387747,83,0.8096111345191512,2.3036070445647705,-6.017666256243302,24.051850158797933,0.5759017611411926,-1.5044165640608256,6.012962539699483,28.11131781277397,7.027829453193492,,,
7818,0.1533603836001947,-0.13655661789303902,0.7138966199862774,27,0.8004913354512584,5.32497923936596,-4.741518886482101,24.787918439163526,1.33124480984149,-1.1853797216205253,6.196979609790882,27.794660149538593,6.948665037384648,,,
7825,0.05165652804864435,0.003013746940627604,0.7620549394365336,29,0.9491362002858289,1.7936179669050292,0.10464332127247167,26.46007160711532,0.4484044917262573,0.026160830318117917,6.61501790177883,32.955907146324556,8.238976786581139,,,
7833,-0.09601267645337125,-0.08906989058693016,0.5753362930847636,19,0.6529974969055795,-3.3337521518139566,-3.092684740959389,19.976826768489165,-0.8334380379534891,-0.7731711852398473,4.994206692122291,22.67337908755553,5.668344771888883,,,
7837,0.016058482516213984,-0.04986697711949,0.46005463396948487,125,0.6243704199624509,0.5575826299279819,-1.731481179542932,15.974017000688454,0.13939565748199548,-0.432870294885733,3.9935042501721134,21.67938972193622,5.419847430484055,,,
7843,-0.008881953915383255,-0.2572256396351074,0.7893198241060725,37,0.9172855064500707,-0.3083992038499374,-8.9313886594102,27.40676293261105,-0.07709980096248435,-2.23284716485255,6.851690733152762,31.849987354959357,7.962496838739839,,,
7851,0.2874740818367106,0.04059030310397915,2.0676595460118623,24,2.847447770242081,9.981675069534266,1.4093765043763642,71.79327475662389,2.4954187673835664,0.35234412609409105,17.948318689155972,98.86908147834555,24.717270369586387,,,
7863,0.003811571479388931,-0.14688969114071482,0.7276260996783175,32,0.909801160729265,0.13234538490734246,-5.1003038557879,25.26463343303054,0.033086346226835615,-1.275075963946975,6.316158358257635,31.59011590284154,7.897528975710385,,,
7872,-5.0786909665393153e-05,0.002445665814533551,0.36941362232574176,66,0.4717927325066006,-0.0017634230774017812,0.08491840841223396,12.826779794394406,-0.0004408557693504453,0.02122960210305849,3.2066949485986016,16.381587258094186,4.095396814523546,,,
7882,0.18227584193088195,-0.21911277709648644,1.2333830846784573,94,1.5225722861445425,6.328981783524084,-7.6080338463442025,42.82552746620539,1.582245445881021,-1.9020084615860506,10.706381866551348,52.86675491951081,13.216688729877703,,,
7898,0.0008174181159343216,-0.015524722572443486,0.9603065391299984,27,1.2921068279117691,0.028382391821471516,-0.5390494171603828,33.34376365167181,0.007095597955367879,-0.1347623542900957,8.335940912917952,44.86453327875245,11.216133319688112,,,
7899,0.16889130983043646,-0.04554242389610051,0.891240129567686,21,1.0263952910526215,5.864244059932415,-1.581324042520402,30.94563977884919,1.4660610149831037,-0.3953310106301005,7.736409944712298,35.63849729592913,8.909624323982282,,,
7902,0.07700950555532173,0.00879666443820608,1.6221269030905499,41,2.1120199288759323,2.673924051891881,0.3054377826233915,56.32349032911007,0.6684810129729702,0.07635944565584787,14.080872582277518,73.33355597043013,18.33338899260753,,,
7905,0.016375286263595388,-0.16800301766711326,0.6447916794524112,123,0.7361517356553657,0.568582689644559,-5.833400779437507,22.388456693946623,0.14214567241113976,-1.4583501948593767,5.597114173486656,25.56066056542561,6.390165141356403,,,
7913,-0.0800222540444479,-0.09075678605506857,0.2775353227076719,29,0.38271523265106683,-2.77853270493132,-3.151257125404091,9.636581475055785,-0.69463317623283,-0.7878142813510227,2.409145368763946,13.288638308110343,3.322159577027586,,,
7926,-0.12871225855473253,-0.3245359047025697,0.8479563404711635,47,0.9742447416621259,-4.469147041537423,-11.268535683082625,29.442740053839742,-1.1172867603843557,-2.8171339207706563,7.3606850134599355,33.82772591999234,8.456931479998085,,,
7940,0.07368176020485707,-0.07186329566576351,0.6088995931463994,70,0.7023513898830701,2.5583780778330474,-2.4952373521066407,21.14221167322928,0.6395945194582618,-0.6238093380266602,5.28555291830732,24.38704495951996,6.09676123987999,,,
7949,0.1943347978494927,-0.08705496006380493,0.5805546830580478,24,0.6248934044391009,6.747692850930086,-3.0227223233354352,20.158019705141538,1.6869232127325215,-0.7556805808338588,5.039504926285384,21.697548788934462,5.4243871972336155,,,
7956,-0.005116822637855579,0.003057695359733939,0.5702821422789606,46,0.6911187108194329,-0.1776663156316214,0.10616929828068183,19.80133654421007,-0.04441657890790535,0.02654232457017046,4.9503341360525175,23.997023877072348,5.999255969268087,,,
7960,0.00557202251496236,-0.14231120873281888,0.7301519033337396,64,0.8217303302973811,0.19347176576452307,-4.941329789620937,25.352334387554105,0.04836794144113077,-1.2353324474052343,6.338083596888526,28.532120528585665,7.133030132146416,,,
7964,-0.010420132726901935,0.002718022572604763,0.32595604045411053,108,0.43811335013973773,-0.361807848543489,0.09437517976598259,11.317845636647625,-0.09045196213587225,0.023593794941495647,2.8294614091619064,15.212171743551973,3.8030429358879934,,,
7996,-0.10891090042831918,-0.036890413931581906,1.0679852154183078,21,1.2670761019978058,-3.7816042846720985,-1.280908952532387,37.082582649754485,-0.9454010711680246,-0.3202272381330967,9.270645662438621,43.99541641356782,10.998854103391954,,,
7997,0.042772436764325336,-0.030385191886127247,0.9595353013180962,25,1.183107898451117,1.4851445493309043,-1.0550346326701103,33.31698473236693,0.3712861373327261,-0.2637586581675276,8.329246183091733,41.079872450019685,10.269968112504921,,,
8012,0.08039089303787478,-0.2820045079370425,0.661235419750662,25,0.817739740519914,2.791332588061088,-9.791760524589991,22.95941624458249,0.697833147015272,-2.4479401311474978,5.739854061145622,28.393559270332457,7.098389817583114,,,
8021,0.02412257943866152,-0.10386578659024792,0.7547329984517249,40,0.8640822783689215,0.8375842032692052,-3.6064278419865885,26.205839172240793,0.2093960508173013,-0.9016069604966471,6.551459793060198,30.00266486952569,7.500666217381423,,,
8026,0.028720412016519634,-0.06447866237895289,0.8314443517613637,123,1.109094407158245,0.9972301460375947,-2.2388281151220024,28.869410781858072,0.2493075365093987,-0.5597070287805006,7.217352695464518,38.509976005348584,9.627494001337146,,,
8041,0.08369092120270238,-0.04466854388298932,0.5721557862476226,24,0.6657380404166524,2.905916166000232,-1.5509811807051552,19.866393210089953,0.726479041500058,-0.3877452951762888,4.966598302522488,23.115756239347007,5.778939059836752,,,
8056,0.03743561824771769,-0.16660736280340416,0.6964286534896457,226,0.8081453507522941,1.2998395367972537,-5.784940851259799,24.181395706467477,0.32495988419931343,-1.4462352128149498,6.045348926616869,28.060422868821156,7.015105717205289,,,
8075,0.003295385293622783,-0.0001930332272763735,2.517962394807235,36,3.0768596237976933,0.11442236816517028,-0.0067024997174902415,87.42869027249682,0.02860559204129257,-0.0016756249293725604,21.857172568124206,106.83471985750352,26.70867996437588,,,
8090,-0.06879670756333409,-0.07015779821796286,0.541307747541807,22,0.6650080030688678,-2.3887592800140864,-2.4360190697241064,18.795287610146623,-0.5971898200035216,-0.6090047674310266,4.698821902536656,23.090407882557226,5.772601970639307,,,
8091,-0.0605561323050523,-0.02054255160520757,0.7152542829766745,48,0.8813813424960006,-2.102630025896026,-0.7132784768360173,24.835059213516093,-0.5256575064740066,-0.17831961920900433,6.208764803379023,30.603322974146135,7.650830743536534,,,
8103,0.10473779731514585,-0.07456412891241851,0.6014814924137135,71,0.7518406582175068,3.6367057983764943,-2.589015684096996,20.884640379588962,0.9091764495941236,-0.647253921024249,5.2211600948972405,26.105411334628272,6.526352833657068,,,
8129,0.20739976988392672,0.04311937005106913,1.3161960827364387,38,2.059935002917253,7.201334809909704,1.4971907669132225,45.700960384774625,1.800333702477426,0.3742976917283056,11.425240096193656,71.52506317129286,17.881265792823214,,,
8164,-0.0048362513934548735,-9.801399324454936e-05,1.2389906391726448,709,1.678628212003844,-0.16792432088354012,-0.003403241873437243,43.02023297335258,-0.04198108022088503,-0.0008508104683593108,10.755058243338144,58.28532877719748,14.57133219429937,,,
8165,-0.030030978988863342,-0.24016905206317304,0.6289861473924038,55,0.7533431207513623,-1.042735652451313,-8.339149825737495,21.839657009759044,-0.26068391311282824,-2.084787456434374,5.459914252439761,26.157579838728804,6.539394959682201,,,
8191,0.0061151590724021244,-0.3203848662603201,0.8595014521089696,29,0.9422792717941553,0.21233055331194658,-11.124403326290835,29.843609420127642,0.053082638327986646,-2.781100831572709,7.4609023550319105,32.71782087523666,8.179455218809165,,,
8221,-0.03456305634091422,-0.13336794814695122,0.863720073326556,203,1.1311095572327152,-1.2000984422692236,-4.630801895558441,29.99008838604468,-0.3000246105673059,-1.1577004738896102,7.49752209651117,39.27438604623434,9.818596511558585,,,
8222,-0.16276775680093233,-0.13012844250317812,1.542560407892955,20,2.403405835799194,-5.651622051641973,-4.518319780595351,53.56078248285918,-1.4129055129104933,-1.1295799451488377,13.390195620714795,83.45105743061961,20.862764357654903,,,
8247,-0.014696088001001528,-0.0024309002409310665,0.28783692473505584,48,0.37359346043553626,-0.5102775675707751,-0.08440571816560849,9.99427370065061,-0.12756939189269378,-0.021101429541402122,2.4985684251626523,12.971912133242691,3.242978033310673,,,
8248,-0.048071496459904495,-0.11749682834465365,0.592525914312411,24,0.7111347110788984,-1.6691385000808039,-4.079724873783064,20.573684796755536,-0.41728462502020097,-1.019931218445766,5.143421199188884,24.69201943808151,6.173004859520377,,,
8266,-0.013063576501036341,-0.11122211510500243,0.47905900665825946,26,0.5407937483986803,-0.45359350326898384,-3.8618542806758946,16.633886829188086,-0.11339837581724596,-0.9654635701689737,4.158471707297021,18.77744053189898,4.694360132974745,,,
8273,0.04493558891906012,-0.08543273894572563,0.7188968120313377,135,0.8603361020515186,1.5602535184476054,-2.9663955616734854,24.96153510735211,0.39006337961190135,-0.7415988904183713,6.240383776838027,29.87259013543283,7.4681475338582075,,,
8274,0.0181429771542696,-0.002373722347505642,1.0803494575377868,28,1.2649877151751863,0.6299604527505491,-0.0824203873500909,37.511893864627034,0.15749011318763728,-0.020605096837522725,9.377973466156758,43.922903446312816,10.980725861578204,,,
8288,0.009337759580189826,-0.23903043707566562,0.3742703662059192,22,0.3958320684930809,0.3242256881433512,-8.299614836141263,12.995415655401926,0.0810564220358378,-2.0749037090353157,3.2488539138504815,13.744081082216756,3.436020270554189,,,
8291,0.058946325920612,-0.40506398471585214,1.4152283541435506,24,1.5921754169292262,2.0467343286154898,-14.064631677303819,49.13955891257237,0.5116835821538724,-3.5161579193259547,12.284889728143092,55.283514826616596,13.820878706654149,,,
8297,-0.011719951283518744,-0.23338589364612242,0.5408834388341991,78,0.668930218710787,-0.40694014846633786,-8.103624999180663,18.78055476320106,-0.10173503711658446,-2.025906249795166,4.695138690800265,23.226595054075947,5.806648763518987,,,
8326,0.015463097916309829,-0.022946976161839862,0.8676819915651399,82,1.0933634841519444,0.5369096858501099,-0.7967649062914037,30.12765411112479,0.13422742146252747,-0.19919122657285093,7.531913527781198,37.96376689672381,9.490941724180953,,,
8327,-0.06831673879906136,-0.224103511163432,0.597022452370523,43,0.6944462522575259,-2.3720938045810085,-7.781322114616686,20.7298135912093,-0.5930234511452521,-1.9453305286541716,5.182453397802325,24.112562770885816,6.028140692721454,,,
8359,0.013963526068804792,-0.17541794101520908,0.625820226026455,30,0.6831927470087019,0.48484155216104,-6.09086174793009,21.729729888090574,0.12121038804026,-1.5227154369825224,5.432432472022644,23.721818561636148,5.930454640409037,,,
8360,0.03168784221694775,0.007564078628292413,0.5634234366023342,135,0.9766779827525263,1.1002652574568599,0.26263993813156916,19.56318856570625,0.27506631436421497,0.06565998453289229,4.890797141426562,33.91221291713322,8.478053229283304,,,
8394,0.09575750101215265,-0.4090150411915407,0.685446496622716,35,0.7043314644912535,3.3248919501439644,-14.201820260252676,23.800073255733945,0.8312229875359911,-3.550455065063169,5.950018313933486,24.455797110065305,6.113949277516326,,,
8395,-0.00927800926635977,-0.030598024075861,0.4673391612318849,60,0.5617189010670008,-0.3221510377465439,-1.0624245919620456,16.226950356293507,-0.08053775943663598,-0.2656061479905114,4.056737589073377,19.504003682848403,4.876000920712101,,,
8409,0.050716022834056934,-0.16155424468545376,0.7915379309646444,226,0.9648146702944232,1.760961744844125,-5.609486483968325,27.483780038954386,0.44024043621103126,-1.4023716209920813,6.8709450097385965,33.500294981962966,8.375073745490742,,,
8416,-0.014661481775840457,-0.10293896990534393,0.8609923135687719,20,0.9553067087215963,-0.5090759702207324,-3.574246913053352,29.8953751117349,-0.1272689925551831,-0.893561728263338,7.473843777933725,33.17015954023127,8.292539885057817,,,
8430,0.012314860542414702,-0.17723566097421695,0.5776871044823737,71,0.6716880808048094,0.4275965877537233,-6.153976620346761,20.05845164183698,0.10689914693843082,-1.5384941550866902,5.014612910459245,23.32235354170459,5.8305883854261475,,,
8432,-0.02218146265625547,-0.13967194895843624,0.7223753968790886,107,0.8563068919918964,-0.7701847463505024,-4.849689411734823,25.082318530435714,-0.1925461865876256,-1.2124223529337057,6.2705796326089285,29.732687903742626,7.4331719759356565,,,
8444,-0.0005545595830120931,-0.11232540171934019,0.6180333286817048,78,0.7159746377239425,-0.019255417841345896,-3.9001625984989303,21.459353238486155,-0.004813854460336474,-0.9750406496247326,5.364838309621539,24.860071371050733,6.215017842762683,,,
8451,-0.1161611972679384,-0.0794704737581958,0.6839757387857923,25,0.895602390426539,-4.0333490915373575,-2.7593737898320745,23.74900560212028,-1.0083372728843394,-0.6898434474580186,5.93725140053007,31.09710620039029,7.774276550097572,,,
8461,-8.199824971261874e-06,4.715393373789516e-05,0.09240305777112336,690,0.20943828805247125,-0.00028471432265215476,0.0016372788872471957,3.2084189719289453,-7.117858066303869e-05,0.0004093197218117989,0.8021047429822363,7.272116237757907,1.8180290594394768,,,
8473,0.004637088767930436,-0.09176195953579144,0.6811406094731289,250,0.9044665426711109,0.1610089962000806,-3.1861587590017506,23.650564242125984,0.04025224905002015,-0.7965396897504377,5.912641060531496,31.404887294626313,7.851221823656578,,,
8476,0.06868419032399778,-0.12875429090807153,0.8299892446225966,26,0.9324355568961924,2.3848524564298508,-4.47060648891006,28.818886551785802,0.5962131141074627,-1.117651622227515,7.2047216379464505,32.376027406549596,8.094006851637399,,,
8478,0.0347326643279923,-0.04038106247761183,0.6616219789903665,48,0.8085117348206856,1.2059875707965488,-1.402111251347638,22.972838354503505,0.3014968926991372,-0.3505278128369095,5.743209588625876,28.073144456443845,7.018286114110961,,,
8507,-0.08261632107279061,-0.019038711137689936,0.2591292044204633,22,0.3442308578482276,-2.8686039002894357,-0.66106212812287,8.997484235887326,-0.7171509750723589,-0.1652655320307175,2.2493710589718314,11.952383846206159,2.9880959615515397,,,
8521,0.029954377852643828,-0.22172270170175226,0.8551346979607489,36,1.0353478048375329,1.040075907799499,-7.698655648488242,29.691986982593125,0.26001897694987475,-1.9246639121220606,7.422996745648281,35.94934647956882,8.987336619892204,,,
8532,0.038172433060885795,-0.06438866667826237,1.1070016450585038,42,1.4092913350262983,1.3254232207400767,-2.2357032844026263,38.43731111972137,0.33135580518501917,-0.5589258211006566,9.609327779930343,48.93341373478313,12.233353433695783,,,
8537,0.03099910088105481,-0.1719876828104736,1.243083768192397,213,1.5581161541965818,1.0763507807919852,-5.971756322545265,43.16235459917641,0.2690876951979963,-1.4929390806363163,10.790588649794103,54.10090910601372,13.52522727650343,,,
8541,0.038821502015324555,-0.07691819607089746,0.7640144000372117,73,0.8788610020294951,1.3479601929760991,-2.6707536039737017,26.528107998092064,0.3369900482440248,-0.6676884009934254,6.632026999523016,30.515811712468132,7.628952928117033,,,
8547,0.0152116445341928,-0.07276968966938506,1.213412224543707,23,1.4992209177483944,0.5281787215162423,-2.5267091647003883,42.132099260606594,0.13204468037906059,-0.6316772911750971,10.533024815151649,52.05594870605975,13.013987176514938,,,
8566,-0.005742045454272717,0.001133428879826932,2.148779714978099,34,2.9386802040246267,-0.19937530226325728,0.039354917565350735,74.60992926346957,-0.04984382556581432,0.009838729391337684,18.652482315867392,102.0368540441431,25.509213511035775,,,
8576,-0.02771778782510272,-0.2581580057551311,0.8313945534828681,104,0.9778730546207905,-0.9624170288632167,-8.963762275829662,28.867681686032146,-0.24060425721580417,-2.2409405689574156,7.2169204215080365,33.95370820254309,8.488427050635773,,,
8583,0.00231522019216339,-0.0016117285640886699,1.3524098254990162,676,1.777408647752918,0.08038907551229724,-0.055962439202286794,46.95837396097684,0.02009726887807431,-0.013990609800571699,11.73959349024421,61.715183067276826,15.428795766819206,,,
8590,-0.019693242785372177,-0.03319264159414862,2.484839901134655,193,3.0242322736316916,-0.6837887759936927,-1.1525149014320284,86.27861104719749,-0.17094719399842317,-0.2881287253580071,21.56965276179937,105.0073930050396,26.2518482512599,,,
8602,-0.026308167296915503,-0.00143990383134233,0.5926337155955974,24,0.6677301329712593,-0.9134721848835001,-0.04999634083186839,20.577427872910334,-0.22836804622087503,-0.012499085207967097,5.144356968227584,23.184925677028065,5.796231419257016,,,
8619,0.2188518011381575,-0.16270706181610423,0.5637996983685926,25,0.7105823064257645,7.598972239119105,-5.6495146003787715,19.57625312675427,1.8997430597797762,-1.4123786500946929,4.894063281688568,24.672838843715397,6.168209710928849,,,
8637,-0.10127897373421005,-0.026672615361316966,0.724005634816866,47,0.9555855361548418,-3.5166085259992412,-0.9261265505756477,25.13892365211122,-0.8791521314998103,-0.23153163764391194,6.284730913027805,33.17984098636842,8.294960246592105,,,
8640,-0.0184904668099108,-0.09432419022343766,0.9508117506679377,40,1.1573196439849591,-0.6420259885737227,-3.2751245329382024,33.014085606692134,-0.16050649714343068,-0.8187811332345506,8.253521401673034,40.18445267844575,10.046113169611438,,,
8689,-0.06021620231454108,-0.0583519616692214,0.8392030904361203,135,1.0331417907228249,-2.0908269767654954,-2.0260968130787056,29.13880970612297,-0.5227067441913739,-0.5065242032696764,7.2847024265307425,35.87274925747793,8.968187314369482,,,
8690,-0.18176140595882848,-0.16754451362126446,0.7369472621891959,30,0.8081593002161983,-6.311119537702442,-5.817480601957545,25.588282837733264,-1.5777798844256106,-1.4543701504893862,6.397070709433316,28.060907222106838,7.0152268055267095,,,
8693,0.04347063704538693,-0.22112763944523856,0.991834253307884,21,1.1403308496941469,1.509387459489925,-7.677993896817574,34.43846894335635,0.37734686487248126,-1.9194984742043935,8.609617235839087,39.59456776308017,9.898641940770043,,,
8694,0.028173599094193726,-0.09716809137969615,0.7191574788126124,247,1.0576303225849253,0.9782437077485946,-3.37387046888581,24.970585979331528,0.24456092693714865,-0.8434676172214525,6.242646494832882,36.72304006079378,9.180760015198445,,,
8699,0.13650691633019635,-0.05658171828748989,0.7153042918045596,35,0.8143515090307085,4.7397931488170775,-1.964630422378224,24.83679562003792,1.1849482872042694,-0.491157605594556,6.20919890500948,28.275913096564263,7.068978274141066,,,
8709,0.10623804062881703,-0.19883619567633085,0.6732713861250578,48,0.7680497897142331,3.688797246713785,-6.90399038627356,23.377329069034257,0.9221993116784463,-1.72599759656839,5.844332267258564,26.668224798457604,6.667056199614401,,,
8715,-0.008950883367311124,-0.0010004301673105106,0.8241190825199494,66,1.0714057952397418,-0.31079257227977686,-0.03473693626935555,28.615062783257684,-0.07769814306994421,-0.008684234067338887,7.153765695814421,37.20135202231432,9.30033800557858,,,
8739,0.021857002984595905,-0.10425525701304876,0.844064009394399,31,1.0013975039018232,0.7589188576311391,-3.6199510340070793,29.30759053419232,0.18972971440778477,-0.9049877585017698,7.32689763354808,34.77052413047911,8.692631032619778,,,
8751,0.09458551436729146,-0.16353083408988744,1.0331541402152302,46,1.3082742285403266,3.284198229861094,-5.678117621269072,35.87317805655322,0.8210495574652735,-1.419529405317268,8.968294514138305,45.42589776337722,11.356474440844305,,,
8752,0.17983294819532472,0.012857015104044111,1.8727395678634424,19,2.4743738627642275,6.244159627238065,0.44642127844261964,65.02526327535445,1.5610399068095162,0.11160531961065491,16.256315818838612,85.91520926289951,21.478802315724877,,,
8802,-2.458946567662885e-05,-0.0013187957281323305,0.2252351000808163,661,0.28608328188780274,-0.000853795427223907,-0.04579122527221078,7.820613145006104,-0.00021344885680597676,-0.011447806318052695,1.955153286251526,9.933383713708286,2.4833459284270716,,,
8816,0.05429357645451607,-0.23202546695306,0.7573525838088834,46,0.8515431681968574,1.8851815616537069,-8.05638826354415,26.29679641501205,0.4712953904134267,-2.0140970658860375,6.5741991037530125,29.567281886131283,7.391820471532821,,,
8818,0.03242094463396397,0.04010001123268441,1.6481929537241236,63,2.0481752762410967,1.1257200395804972,1.392352590021268,57.22855573920902,0.2814300098951243,0.348088147505317,14.307138934802255,71.11674194164337,17.779185485410842,,,
8829,-0.02486587748470946,0.03833642817681948,0.958508893645799,29,1.1944201556851324,-0.863392998024082,1.3311174591555262,33.28134580516944,-0.2158482495060205,0.33277936478888154,8.32033645129236,41.47265664569917,10.368164161424792,,,
8830,0.021750098511377377,-0.12933186614715228,0.5490242315123532,38,0.6832066333361047,0.7552069205120453,-4.4906610563614215,19.06321936657193,0.18880173012801132,-1.1226652640903554,4.765804841642982,23.722300722696225,5.930575180674056,,,
8832,0.0051110132750738415,-0.002356252160857845,0.31385608098901807,76,0.39334792745140057,0.17746460293711394,-0.0818137875293061,10.897710844100686,0.044366150734278485,-0.020453446882326524,2.7244277110251716,13.65782673696753,3.4144566842418826,,,
8876,0.062450390962096085,-0.1486932548601919,1.3151578447119618,81,1.7115287113773414,2.1684024749859003,-5.162927195255583,45.66491068408874,0.5421006187464751,-1.2907317988138958,11.416227671022185,59.42769991644405,14.856924979111012,,,
8885,-0.0008865652809087502,-0.12840828810061994,0.9138642221254702,60,1.3344000676154337,-0.030783319683713627,-4.458592579429726,31.73119352064058,-0.007695829920928407,-1.1146481448574315,7.932798380160145,46.333039147743094,11.583259786935773,,,
8887,0.032078970193905064,-0.03758828853202453,0.9063185412375003,86,1.1179216942580925,1.1138460030727717,-1.3051405544089558,31.469192388848487,0.2784615007681929,-0.32628513860223896,7.867298097212122,38.81647706802949,9.704119267007373,,,
8913,0.03567394466122417,-0.23883334975086504,0.798130750259839,46,0.9069069327436206,1.2386707065270257,-8.292771570049537,27.712695910522132,0.30966767663175643,-2.073192892512384,6.928173977630533,31.489622518723994,7.8724056296809986,,,
8934,-0.0007818524739862013,-0.009453403056810479,0.932135915428168,23,1.1662761496611982,-0.02714748160174888,-0.32824106093857347,32.36562325549685,-0.00678687040043722,-0.08206026523464337,8.091405813874212,40.495440468536124,10.123860117134031,,,
8971,0.03864899890911505,-0.07665686759449913,0.7349545746421032,307,0.8689921290748653,1.3419705401222928,-2.661679756616199,25.51909274072311,0.3354926350305732,-0.6654199391540497,6.3797731851807775,30.173144705737474,7.543286176434369,,,
9006,-0.03648026203164657,-0.10529903305530508,0.5925943348867584,81,0.7105286215067981,-1.2666676582628322,-3.6561930257463033,20.576060495938027,-0.31666691456570806,-0.9140482564365758,5.144015123984507,24.670974795959044,6.167743698989761,,,
9014,0.045433037522816945,-0.22430668411704455,1.022715107384303,146,1.21448232676696,1.57752592886725,-7.788376685912021,35.51071395859777,0.3943814822168125,-1.9470941714780052,8.877678489649442,42.16925535000239,10.542313837500597,,,
9022,0.08310873545503233,-0.02801676013426901,0.5074613353988002,37,0.6228487128510957,2.885701512469633,-0.9727979453820886,17.62007248771714,0.7214253781174083,-0.24319948634552216,4.405018121929285,21.626553007615744,5.406638251903936,,,
9025,-0.008030501616650886,-0.08504454605274964,0.5749412696336844,137,0.6479677365405693,-0.27883507713335204,-2.952916728043573,19.96311076422079,-0.06970876928333801,-0.7382291820108933,4.9907776910551975,22.498735748161646,5.624683937040412,,,
9027,-0.005269203959781613,-0.21911778462279677,1.011933765752897,31,1.186569231250228,-0.18295729989153717,-7.60820771767275,35.136364214472096,-0.04573932497288429,-1.9020519294181875,8.784091053618024,41.20005684747042,10.300014211867605,,,
9064,0.0008993606323837393,-0.11110700924376367,0.5813761992533183,49,0.7248516066990084,0.031227599877628198,-3.857857574961962,20.186544390473717,0.007806899969407049,-0.9644643937404905,5.046636097618429,25.16829748780297,6.292074371950743,,,
9066,0.03653459108666421,-0.24263492858900101,0.6727926370641861,27,0.7871895557757861,1.2685540717111548,-8.424769990467293,23.360705944142673,0.3171385179277887,-2.1061924976168234,5.840176486035668,27.332795755646845,6.833198938911711,,,
9082,0.0015140941176658392,-0.004163425241722507,0.13175042031438847,30,0.18223138361761615,0.05257237595359327,-0.1445624512430889,4.574638094156197,0.013143093988398318,-0.03614061281077222,1.1436595235390492,6.327438101970868,1.581859525492717,,,
9099,-0.005901008289432442,-0.030570836220627704,0.3228449919354807,104,0.39123534842403906,-0.20489480982567324,-1.0614805752526353,11.209823809983762,-0.05122370245641831,-0.2653701438131588,2.8024559524959405,13.584473767979485,3.3961184419948713,,,
9104,-0.013202612481604236,0.007713935030729894,2.1558317600331245,76,2.715838738954757,-0.45842111058626234,0.2678432521370034,74.85479037187015,-0.11460527764656558,0.06696081303425085,18.713697592967538,94.29935269398707,23.57483817349677,,,
9111,0.08840120550888741,0.0737163800454405,1.9639729764985945,26,2.575866042011294,3.069466657679589,2.559580147937785,68.1930696899842,0.7673666644198972,0.6398950369844463,17.04826742249605,89.43922071071616,22.35980517767904,,,
9112,-0.026738218468820674,-0.05463562019592534,0.5822162695893137,253,0.6797485536080639,-0.9284044216743915,-1.8970580044429197,20.21571331268015,-0.23210110541859788,-0.47426450111072993,5.053928328170038,23.602229278379195,5.900557319594799,,,
9115,0.023374366481235424,-0.1501925688590756,0.662809161799051,404,0.7563751916660398,0.8116047529614564,-5.2149863759248225,23.01405971598665,0.2029011882403641,-1.3037465939812056,5.753514928996663,26.262859405028237,6.565714851257059,,,
9123,0.05838748316251893,-0.08085092877062713,0.5869783242721662,73,0.6811969466495489,2.0273301903689824,-2.8073059487737155,20.381061375378156,0.5068325475922456,-0.7018264871934289,5.095265343844539,23.652520381565637,5.913130095391409,,,
9126,0.008126081189400091,-0.09007698542679038,0.8377609761043191,451,1.1271312469233634,0.28215379105835,-3.1276530879890156,29.08873661229417,0.0705384477645875,-0.7819132719972539,7.2721841530735425,39.13625115567302,9.784062788918256,,,
9127,-0.006261611918823677,0.009571596947241997,0.17265354807952302,33,0.23046145838813561,-0.21741568904539574,0.3323449892021366,5.9948764964171986,-0.054353922261348935,0.08308624730053416,1.4987191241042996,8.002082758152845,2.0005206895382113,,,
9129,-0.003015676696890965,-0.049195093698062145,0.5881884213176646,206,0.6986693926373556,-0.1047103262694481,-1.708152043384114,20.42307836499195,-0.026177581567362024,-0.4270380108460285,5.105769591247988,24.25919865115426,6.064799662788565,,,
9136,-0.0601769757542652,-0.13475619863368907,0.6800653389697677,122,0.8298234417863026,-2.0894649521395965,-4.679004728958952,23.613228699708277,-0.5223662380348991,-1.169751182239738,5.903307174927069,28.813129545704,7.203282386426,,,
9137,0.05714315420404277,-0.498568533494876,1.5054806801844556,22,1.7700646720332294,1.984124600272773,-17.311296620009085,52.27330017736467,0.49603115006819326,-4.327824155002271,13.068325044341167,61.46018554233779,15.365046385584447,,,
9140,-0.02270215133557277,-0.30152145013919324,0.848152861581102,120,0.9818845935403232,-0.7882640986737578,-10.469427791733068,29.449563659819027,-0.19706602466843945,-2.617356947933267,7.362390914954757,34.09299685690711,8.523249214226777,,,
9156,0.07240270010438628,0.29586670655541825,1.2524305941407405,19,1.7137529436634789,2.5139665530245003,10.273083785017233,43.486895089754796,0.6284916382561251,2.5682709462543083,10.871723772438699,59.504929709883314,14.876232427470828,,,
9188,-0.0002808780904437695,-0.007815789565087024,0.5379528608985624,31,0.6506751901592135,-0.009752649056388564,-0.27137984527895165,18.678799236119886,-0.002438162264097141,-0.06784496131973791,4.6696998090299715,22.59274395270821,5.648185988177053,,,
9190,-0.0037647857897191673,0.007218590426600337,2.0004171260185584,53,2.5983771109523843,-0.13072089219062893,0.2506438967924169,69.45848344961638,-0.032680223047657234,0.06266097419810422,17.364620862404095,90.22085004648869,22.555212511622173,,,
9203,0.07990261252517322,-0.07865342800580698,0.8528653878763736,216,1.1586270193972443,2.774378512099065,-2.73100432721763,29.613191997843444,0.6935946280247662,-0.6827510818044075,7.403297999460861,40.22984736751112,10.05746184187778,,,
9239,0.07066504660646519,0.027276037286362215,0.8934370976266817,38,1.0671378757543437,2.4536317482696846,0.9470785666570688,31.02192290379364,0.6134079370674211,0.2367696416642672,7.75548072594841,37.053161321942326,9.263290330485582,,,
9242,0.03107457141433931,0.004096920771641154,0.5565517876047856,62,0.7065314418340501,1.0789712686486896,0.14225328303292417,19.324591169213367,0.2697428171621724,0.03556332075823104,4.831147792303342,24.53218472336189,6.133046180840473,,,
9292,0.03998258585748574,-0.07134241049936527,0.6619387259202323,116,0.7981274942360995,1.3882753461436201,-2.477151177358961,22.983836441402307,0.34706883653590503,-0.6192877943397402,5.745959110350577,27.71258285486585,6.928145713716463,,,
9295,0.015218353892101905,-0.14126103147405292,0.4017732800850122,21,0.45956453784749457,0.5284116838415623,-4.904865534842066,13.950371831111793,0.13210292096039059,-1.2262163837105164,3.4875929577779483,15.956999883140707,3.9892499707851767,,,
9304,0.01040270970582168,0.00509450289230196,0.23736162156733143,47,0.30546589488754683,0.3612028864055404,0.17689132942650865,8.241670224060883,0.0903007216013851,0.04422283235662716,2.0604175560152207,10.606386802285401,2.6515967005713503,,,
9308,0.07555609469582882,-0.2053861049058715,0.7501064786192131,30,0.8255253116265284,2.623458720028568,-7.131416334541671,26.045197150616318,0.655864680007142,-1.7828540836354176,6.511299287654079,28.66388987029632,7.16597246757408,,,
9315,-0.009313354140081742,-0.14086652844909225,1.415850991290984,40,1.7130820990847415,-0.3233782824519183,-4.891167600809381,49.16117811960555,-0.08084457061297957,-1.2227919002023453,12.290294529901388,59.4816366444204,14.8704091611051,,,
9320,-0.0036424520136287917,-0.04079836333801705,0.8952604802459916,26,1.1835271609540505,-0.1264732188172189,-1.4166007718226281,31.08523439510132,-0.031618304704304726,-0.35415019295565703,7.77130859877533,41.09443008264655,10.273607520661637,,,
9328,0.02497599039450961,-0.20154491686533674,0.5220559017839,25,0.5781893166202342,0.8672163384781627,-6.998042603398223,18.12682502174058,0.21680408461954068,-1.7495106508495557,4.531706255435145,20.07588945168777,5.018972362921943,,,
9331,0.10256805499043907,-0.13032749635923216,0.6079090505634613,41,0.7056552555357044,3.5613680053780254,-4.525231328585259,21.107818053664506,0.8903420013445064,-1.1313078321463148,5.276954513416126,24.50176178271073,6.1254404456776825,,,
9347,-0.036144836313718544,0.02638207660387266,0.6102830957350125,40,0.7574357501954893,-1.2550210064849354,0.9160384638396666,21.190249650111106,-0.31375525162123385,0.22900961595991665,5.2975624125277765,26.29968411828778,6.574921029571945,,,
9356,-0.005797144106040648,-0.19785151974058393,0.5182821291517735,37,0.5965500580765434,-0.2012884376499434,-6.8698004684325555,17.99579208840788,-0.05032210941248585,-1.7174501171081389,4.49894802210197,20.71341111653374,5.178352779133435,,,
9392,0.06806981880633525,-0.15983235030860593,0.7063433028273184,38,0.8473309558129876,2.3635202485935727,-5.549698867415415,24.52565216077015,0.5908800621483932,-1.3874247168538538,6.1314130401925375,29.421025447738554,7.3552563619346385,,,
9398,-0.025562825209235952,-0.13331028021059263,0.5376393386712819,77,0.6071468026236448,-0.8875924169150907,-4.628799549472197,18.667913117344252,-0.22189810422877268,-1.1571998873680494,4.666978279336063,21.081351280698197,5.270337820174549,,,
9403,-0.00021091965516006894,-0.0703379981184014,0.7410439789116743,25,0.8500549476048961,-0.007323552266467914,-2.4422759706671333,25.730529035771156,-0.0018308880666169786,-0.6105689926667833,6.432632258942789,29.515607890737204,7.378901972684301,,,
9417,-0.0390172038435459,-0.2498847336990666,0.5582935519827474,32,0.6065778215369254,-1.3547553518556008,-8.676497723498992,19.385068711944957,-0.3386888379639002,-2.169124430874748,4.846267177986239,21.061595119405126,5.265398779851282,,,
9421,0.1635903511406963,-0.3132346731078623,1.080717433611084,51,1.3003490176947061,5.680184172307258,-10.876134319651195,37.52467072984406,1.4200460430768145,-2.7190335799127987,9.381167682461015,45.150718592395584,11.287679648098896,,,
9436,-0.0016824815717510042,-0.04736366369967988,0.8086551070154793,266,1.0673037088101647,-0.05841912513433837,-1.6445611309802848,28.078122625791472,-0.014604781283584592,-0.4111402827450712,7.019530656447868,37.05891937730654,9.264729844326634,,,
9449,0.08842707127445787,-0.12619508726532097,0.7293932251526033,62,0.8880669863847342,3.0703647687917264,-4.381745820026475,25.325991563748694,0.7675911921979316,-1.0954364550066187,6.3314978909371735,30.835461901250742,7.7088654753126855,,,
9481,-0.05033790657861346,-0.1233074832332098,0.4444359226290046,45,0.5134468818301453,-1.7478327922226164,-4.281482432823511,15.431704105524298,-0.4369581980556541,-1.0703706082058777,3.8579260263810746,17.827902630906305,4.456975657726576,,,
9483,0.013367081240839221,0.07416156186418935,0.4505357464174614,42,0.572240905957964,0.46413179484441947,2.5750377510483826,15.643502187107096,0.11603294871110487,0.6437594377620957,3.910875546776774,19.869348736672425,4.967337184168106,,,
9501,-0.058827581294920606,-0.03693175032996847,0.4728746539598184,22,0.6273203356902581,-2.042611277722233,-1.2823442349571652,16.419153734792815,-0.5106528194305583,-0.3205860587392913,4.104788433698204,21.781816695837144,5.445454173959286,,,
9506,-0.04451111327611344,-0.07348901265757363,0.6565242184682596,67,0.7770125241811221,-1.545514875173211,-2.5516854974962717,22.79583391365491,-0.38637871879330277,-0.6379213743740679,5.6989584784137275,26.979428864616924,6.744857216154231,,,
9519,-0.06296685079424115,-0.041850121297753326,0.6762235150947341,53,0.7751710768948123,-2.1863349932776415,-1.453119911700591,23.479832891119358,-0.5465837483194104,-0.36327997792514777,5.8699582227798395,26.915490131941674,6.728872532985418,,,
9521,0.0029019840047465693,-0.0029112923582952015,0.04917658024149792,19,0.1060673200223737,0.10076268861281039,-0.10108589326472599,1.707509219145291,0.025190672153202597,-0.025271473316181497,0.42687730478632274,3.68286948581686,0.920717371454215,,,
9533,0.10104975464607109,-0.14569505250932255,0.938858041170577,44,1.1377251033016595,3.5086495808208804,-5.0588236132286974,32.599028905524776,0.8771623952052201,-1.2647059033071744,8.149757226381194,39.50409103684022,9.876022759210056,,,
9547,-0.000324807571722111,-0.03718520988934205,0.37839304604863944,27,0.45288548761893543,-0.011277968505335138,-1.2911448577777347,13.13856334490086,-0.0028194921263337844,-0.3227862144444337,3.284640836225215,15.725089901104676,3.931272475276169,,,
9564,-0.019878638714218418,-0.017781143427894025,0.7920826985266349,23,0.8531014105469464,-0.6902260934350919,-0.6173968621033363,27.50269545824182,-0.17255652335877297,-0.15434921552583408,6.875673864560455,29.621387177011076,7.405346794252769,,,
9567,-0.00028261754229196424,-0.0068595086950615424,0.36853286973098665,101,0.47355525125510817,-0.009813046303461583,-0.23817586090992687,12.796198302799318,-0.0024532615758653957,-0.05954396522748172,3.1990495756998296,16.442785434079866,4.1106963585199665,,,
9577,0.02012199818784957,-0.16539825967478405,0.6564247277968841,39,0.7502186835442523,0.6986760210785128,-5.742958372427852,22.792379398563412,0.1746690052696282,-1.435739593106963,5.698094849640853,26.04909313002353,6.512273282505882,,,
9580,0.04236621476448945,-0.10050045012037469,0.613748387091097,44,0.669676119640365,1.4710397090526028,-3.48957662907965,21.310571496577072,0.3677599272631507,-0.8723941572699125,5.327642874144268,23.252494226152756,5.813123556538189,,,
9584,0.20355294680752536,-0.2738467016428672,0.7242628128409756,20,0.8362655271404057,7.067765419050896,-9.508505174443634,25.147853387464355,1.766941354762724,-2.3771262936109085,6.286963346866089,29.03681163336917,7.259202908342292,,,
9624,0.05206014251820662,-0.28138267665000666,0.7606182677925433,39,0.8402908224792671,1.8076322685171704,-9.770169298641532,26.41018749429269,0.4519080671292926,-2.442542324660383,6.602546873573172,29.176577938125114,7.294144484531278,,,
9625,-0.07731807701625756,-0.142199021693159,0.8281982232935702,41,1.2244131893172296,-2.684638270158495,-4.9374344312298675,28.756698709199345,-0.6711595675396238,-1.2343586078074669,7.189174677299836,42.51407475947285,10.628518689868212,,,
9640,-0.09581168529534637,-0.12848693127216848,0.8648462254251369,50,1.0460700180886153,-3.3267733368250165,-4.461323227632234,30.029190639211606,-0.8316933342062541,-1.1153308069080585,7.5072976598029015,36.3216431680729,9.080410792018226,,,
9663,0.054510352161757966,0.01906625959355779,0.6745616109658638,25,0.7622248387587834,1.8927084477605602,0.6620186656075135,23.42212825595672,0.47317711194014006,0.1655046664018784,5.85553206398918,26.46597085138248,6.61649271284562,,,
9676,-0.0003653438455870628,0.0027348375012093604,0.649871264460092,48,1.0149752123871227,-0.012685469006473995,0.09495902771699141,22.564830044583317,-0.0031713672516184986,0.023739756929247853,5.641207511145829,35.241969324505675,8.810492331126419,,,
9688,0.13778866497680362,-0.1939923809188127,0.7242198789779045,33,0.8695520885623923,4.784298025324575,-6.735803450263015,25.1463626378708,1.1960745063311438,-1.6839508625657538,6.2865906594677,30.192587619063385,7.548146904765846,,,
9695,-0.04684720263755443,-0.10917241706925951,0.7590837233302741,67,0.9285940927229719,-1.626628569981165,-3.7906846654788287,26.356905041473777,-0.4066571424952912,-0.9476711663697072,6.589226260368444,32.24264408752703,8.060661021881758,,,
9696,0.059480264337588226,-0.1791328126136919,0.7641578015026399,52,0.9092316092140619,2.0652737383297386,-6.219849519572611,26.533087183774665,0.5163184345824346,-1.5549623798931527,6.633271795943666,31.570339935130658,7.8925849837826645,,,
9706,-0.07694671878285848,-0.08669487308661147,0.8272128427611894,37,0.9454252338336436,-2.6717439695784124,-3.0102193833133235,28.72248432635402,-0.6679359923946031,-0.7525548458283309,7.180621081588505,32.827054969171776,8.206763742292944,,,
9720,-0.005305273639049364,-0.0862231290153872,0.767414354171129,52,1.2646648485742713,-0.18420971129507202,-2.9938394856722743,26.646161205529943,-0.046052427823768005,-0.7484598714180686,6.661540301382486,43.91169287219585,10.977923218048963,,,
9721,-0.0212307141954813,0.03204451841605177,1.1600318661064786,39,1.435478128098963,-0.7371728582955017,1.1126497684421497,40.27862645494915,-0.18429321457387543,0.2781624421105374,10.069656613737287,49.84267156385219,12.460667890963048,,,
9722,0.0004899804355372933,0.0016392054687315268,0.4161413518216614,177,0.5013804458519566,0.0170131006827259,0.05691649228529608,14.449260017951728,0.004253275170681475,0.01422912307132402,3.612315004487932,17.408931840871638,4.3522329602179095,,,
9736,-0.011606851244102335,-0.1605831143788692,0.6581209390358971,584,0.7493305873721805,-0.4030130888977213,-5.575766897463097,22.85127524520442,-0.10075327222443033,-1.3939417243657743,5.712818811301105,26.018256654736852,6.504564163684213,,,
9744,-0.0014724966044490644,0.004299301493899191,0.395109927034479,245,0.4855230758924937,-0.051128027099680416,0.1492803464711677,13.719006886491181,-0.012782006774920104,0.037320086617791924,3.4297517216227953,16.858332241139166,4.214583060284792,,,
9748,0.005154102117097855,-0.003432465150141822,0.11354317538154636,26,0.16520154250469687,0.17896073370987173,-0.11918205494322436,3.9424461355980527,0.04474018342746793,-0.02979551373580609,0.9856115338995132,5.736127958848085,1.4340319897120213,,,
9771,0.13260587988816447,-0.30597304612043835,0.8087893975054005,28,0.8941286016747908,4.6043413614768465,-10.623996107393861,28.082785460182517,1.1510853403692116,-2.6559990268484652,7.020696365045629,31.045933307352087,7.761483326838022,,,
9774,0.05539889902205285,0.021278513976361397,0.6074843506038362,26,0.729659222309682,1.923560571843719,0.7388325622872205,21.0930716216664,0.48089014296092975,0.18470814057180512,5.2732679054166,25.33522751703678,6.333806879259195,,,
9803,0.007085031644165659,-0.0008714054920466495,0.6993521623857964,95,0.8365851590032702,0.24600646874872,-0.030256941494843766,24.282905782359624,0.06150161718718,-0.007564235373710941,6.070726445589906,29.04790989091155,7.261977472727888,,,
9804,0.11658359686554903,-0.07931770662154008,0.6774437835789433,100,1.073547354045733,4.048015650365594,-2.754069409313115,23.522203053428072,1.0120039125913984,-0.6885173523282787,5.880550763357018,37.27571122717594,9.318927806793985,,,
9805,-0.01141354093356479,-0.005012857936586587,1.1207109180880686,41,1.363206576863558,-0.39630096829523664,-0.17405645327415947,38.91332449785392,-0.09907524207380916,-0.04351411331853987,9.72833112446348,47.33325876185646,11.833314690464116,,,
9829,-0.032423154276455805,-0.08087122320958247,0.6336290003435526,47,0.7317098464428536,-1.1257967627870986,-2.8080106122831228,22.000866149928836,-0.28144919069677465,-0.7020026530707807,5.500216537482209,25.406429288188765,6.351607322047191,,,
9830,-0.06685165514298845,-0.08161366099123413,0.5854606829427467,27,0.6738568761869675,-2.321223169874845,-2.8337895369376316,20.32836583313805,-0.5803057924687113,-0.7084473842344079,5.082091458284513,23.39765845496389,5.849414613740972,,,
9853,0.049632028024849194,-0.06562687793765731,0.4240400566168026,38,0.5027640021752666,1.7233232770788138,-2.278696455751337,14.72351884584862,0.43083081926970346,-0.5696741139378343,3.680879711462155,17.45697168352961,4.364242920882402,,,
9898,0.04584915532518554,-0.15458505093504174,0.9738151923329011,214,1.208318558048013,1.5919743712010923,-5.367502138566519,33.81281110818299,0.3979935928002731,-1.3418755346416298,8.453202777045748,41.955236972543105,10.488809243135776,,,
9920,0.08848663032071297,-0.10546326821039681,0.6550346043054234,27,0.7390552129997211,3.072432777995796,-3.661895598801398,22.744111530692912,0.768108194498949,-0.9154738997003495,5.686027882673228,25.66147510577632,6.41536877644408,,,
9922,0.007218012693664525,-0.01961994406390322,0.38116126900914715,77,0.532576631565409,0.2506238367494197,-0.6812436977868476,13.234681582535607,0.06265595918735492,-0.1703109244467119,3.308670395633902,18.492125801214133,4.623031450303533,,,
9925,0.053904961766839676,-0.16419789514750943,0.7809534942303398,316,1.0091064209414582,1.8716880824682074,-5.701279315311822,27.116267226665858,0.46792202061705185,-1.4253198288279556,6.7790668066664646,35.03819314792931,8.759548286982328,,,
9930,0.023303134107169398,-0.07248114471831997,1.5768976605005232,40,1.9706103127621386,0.8091314224691358,-2.516690306909506,54.75304056789917,0.20228285561728396,-0.6291725767273765,13.688260141974792,68.42353127972697,17.105882819931743,,,
9946,-0.004051470687871579,0.004478027237110456,0.646424680233506,43,0.8386461000792916,-0.14067516522427698,0.15548606172694926,22.445157747067796,-0.035168791306069244,0.038871515431737315,5.611289436766949,29.119469886953166,7.279867471738291,,,
9951,0.021761738020523735,-0.12612866395287214,0.7489444548382768,19,1.0341686044616656,0.7556110675486252,-4.379439469771627,26.004849360894646,0.1889027668871563,-1.0948598674429066,6.5012123402236615,35.908402284117955,8.977100571029489,,,
9954,-0.04276514007883629,-0.18700874015125202,0.6696677963696521,451,0.7759202271287512,-1.4848911938173537,-6.493317475531772,23.252205225547062,-0.3712227984543384,-1.623329368882943,5.8130513063867655,26.9415021263645,6.735375531591125,,,
9955,0.06370501823917986,-0.0021019422261645106,0.6970785103166447,30,0.8593874008324721,2.211965643300803,-0.07298363797688413,24.20396003521454,0.5529914108252008,-0.018245909494221033,6.050990008803635,29.839649331705097,7.459912332926274,,,
9965,-0.09636385494938639,-0.030113957019882794,0.7141695614077962,83,0.8537710382097874,-3.345945771552594,-1.0456168156443704,24.7973955112015,-0.8364864428881486,-0.2614042039110926,6.199348877800375,29.644637988720238,7.411159497180059,,,
9995,-0.07223665670804033,-0.05717616055112459,0.35900452549681605,23,0.500138407679753,-2.5082011942165763,-1.985270646656148,12.465355134300447,-0.6270502985541441,-0.496317661664037,3.1163387835751117,17.365805791456385,4.341451447864096,,,
10056,-0.014073087568048474,-0.024225260791117857,0.772008312524946,30,0.9336901033379603,-0.48864574653777915,-0.8411495051891943,26.805672627491173,-0.12216143663444479,-0.21028737629729857,6.701418156872793,32.41958776810066,8.104896942025166,,,
10066,0.02944517377733064,-0.12397510440917812,0.7830089692035257,25,0.925548555028567,1.0223953238964745,-4.304663575295483,27.18763742868482,0.2555988309741186,-1.0761658938238707,6.796909357171205,32.136896927701905,8.034224231925476,,,
10069,-0.046163057814883175,0.04603415403649016,2.0415975920951017,22,2.7589213946982656,-1.6028736934483736,1.5983978964550114,70.88835159272612,-0.4007184233620934,0.39959947411375285,17.72208789818153,95.79526866671318,23.948817166678296,,,
10072,-0.07844096911670942,-0.013147360272514931,0.5419916136525347,43,0.6463206804744048,-2.7236273296703843,-0.45650264338226343,18.81903280924331,-0.6809068324175961,-0.11412566084556586,4.704758202310828,22.441546667432284,5.610386666858071,,,
10113,0.002001038285321657,-0.1148561725777117,1.013654270909213,45,1.3041154137669286,0.06948005134293858,-3.988036024243306,35.196103594509694,0.017370012835734645,-0.9970090060608265,8.799025898627423,45.281495396815295,11.320373849203824,,,
10114,-0.005761587548452899,-0.06533448255939965,0.5348567821440695,54,0.6269292382331261,-0.20005384285738156,-2.268543903427475,18.571297189606383,-0.05001346071434539,-0.5671359758568687,4.642824297401596,21.768237009930605,5.442059252482651,,,
10119,0.0034820293555700094,-0.01374081626788013,0.2980034941097166,54,0.3628181495651135,0.12090302328410187,-0.4771086224533339,10.34727732247758,0.030225755821025466,-0.11927715561333348,2.586819330619395,12.597771789199872,3.149442947299968,,,
10133,-0.10969353896259511,0.009691296037446088,1.1047785119142695,19,1.51852910298336,-3.8087790598592273,0.3365011810122031,38.36011949068727,-0.9521947649648068,0.08412529525305078,9.590029872671817,52.72636751378823,13.181591878447058,,,
10138,-0.07344501125532944,-0.006597289182101624,2.0942225898401543,29,2.665004876071686,-2.550157680807549,-0.2290710749809326,72.71559676442985,-0.6375394202018873,-0.05726776874523315,18.17889919110746,92.53429930696109,23.133574826740272,,,
10162,0.05948252671283484,-0.047681207231675425,0.49067413265844767,163,0.5696531822681614,2.0653522925230514,-1.655586877498234,17.03718723416662,0.5163380731307629,-0.4138967193745585,4.259296808541655,19.779497794715102,4.9448744486787755,,,
10189,0.08363547982776885,-0.19464552088031808,0.7270956045902502,27,0.8547918172364138,2.90399113057979,-6.758481776006405,25.24621358258267,0.7259977826449475,-1.6896204440016012,6.311553395645667,29.680081478082762,7.4200203695206906,,,
10196,-0.012095834013037153,-0.07939295451297852,0.6145055418134037,354,0.694026977495524,-0.41999154860067606,-2.7566821665996404,21.336861422845004,-0.10499788715016901,-0.6891705416499101,5.334215355711251,24.098004712599586,6.0245011781498965,,,
10220,0.07535470786462191,-0.03470936684787008,0.7376488398978822,65,0.8841483731416554,2.616466166475402,-1.2051786356917449,25.612643018934268,0.6541165416188505,-0.3012946589229362,6.403160754733567,30.69939981222456,7.67484995305614,,,
10257,0.013920680221850813,0.010242885723327714,0.29187841520500796,19,0.379104826248507,0.48335385866310393,0.3556534780853849,10.134602332748287,0.12083846466577598,0.08891336952134622,2.5336505831870717,13.16327777700066,3.290819444250165,,,
10264,0.10962432100243884,-0.06456877572136484,0.5799825345830442,19,0.7560491837318959,3.8063756738466816,-2.24195703059723,20.13815356579246,0.9515939184616704,-0.5604892576493075,5.034538391448115,26.25153975753889,6.562884939384722,,,
10272,0.07298411503686603,-0.09335244541939905,0.8021386437016788,61,1.000769757456296,2.5341544423100624,-3.241383609852374,27.85185798660969,0.6335386105775156,-0.8103459024630935,6.962964496652423,34.74872751839751,8.687181879599377,,,
10278,-0.0008174754922720239,-0.11156300279560176,0.7945041774364956,70,0.9562889460691805,-0.028384384042669217,-3.8736905830688846,27.58677404895,-0.007096096010667304,-0.9684226457672211,6.8966935122375,33.20426478541408,8.30106619635352,,,
10292,0.062173514932791954,-0.21157312432672729,0.8048656825760465,21,0.8802668948593451,2.1587887854964025,-7.346242022872625,27.946546230405488,0.5396971963741006,-1.8365605057181562,6.986636557601372,30.56462712330618,7.641156780826545,,,
10300,0.06590042594990067,-0.06362402785800328,0.43485388674770914,80,0.5322376961016039,2.288194589832451,-2.20915349528559,15.098996655653957,0.5720486474581128,-0.5522883738213975,3.7747491639134894,18.48035728403989,4.6200893210099725,,,
10301,0.01915906592935973,-0.11490844159186991,1.1434125919667917,106,1.3915132179419256,0.6652410871992286,-3.9898509089529073,39.701572018270944,0.16631027179980715,-0.9974627272382268,9.925393004567736,48.31612195337954,12.079030488344886,,,
10306,0.04024605947685044,-0.0018424725281727971,0.7000801958178646,26,0.779266291647009,1.397423677155201,-0.06397433112321586,24.308184559187897,0.3493559192888003,-0.015993582780803966,6.077046139796974,27.05768417856745,6.764421044641862,,,
10314,0.034198570750666214,-0.25503104891354694,0.8719695275166861,281,1.017312889266919,1.1874427736046322,-8.855188080376177,30.276525934434375,0.29686069340115806,-2.213797020094044,7.569131483608594,35.32313814112596,8.83078453528149,,,
10315,0.043368771786182,0.004261488751156625,0.690667720674321,30,0.8351294047633397,1.5058504939598116,0.14796741241766032,23.981364597253776,0.3764626234899529,0.03699185310441508,5.995341149313444,28.997363192192683,7.249340798048171,,,
10333,0.028662743935485402,0.09084865030697387,0.6914993049077339,32,0.8173776040711277,0.9952277949279241,3.1544468359587468,24.01023886500634,0.24880694873198103,0.7886117089896867,6.002559716251585,28.380985168557697,7.095246292139424,,,
10336,0.004038045722814751,0.0010316799248259328,0.35163806213800886,26,0.4270601951745651,0.1402090235875738,0.03582199034980604,12.209576793555945,0.03505225589689345,0.00895549758745151,3.052394198388986,14.82838409685125,3.7070960242128126,,,
10340,0.036390586424474236,-0.07047036736580026,1.7000771508928538,36,2.093160724947279,1.2635539418305946,-2.4468720956753165,59.03007883330167,0.31588848545764864,-0.6117180239188291,14.757519708325418,72.67872669161942,18.169681672904854,,,
10346,0.010903345747448256,-0.004528632462362718,1.0575179063107172,114,1.4713498407670311,0.3785859710428984,-0.1572431763581583,36.719136742920725,0.0946464927607246,-0.03931079408953957,9.179784185730181,51.08820917111286,12.772052292778215,,,
10352,0.07244848076255325,-0.17796080725449603,0.8884081748825328,138,0.9980335247471026,2.515556149037374,-6.179155149490612,30.847308648271305,0.6288890372593435,-1.544788787372653,7.711827162067826,34.6537200462689,8.663430011567225,,,
10357,0.06654934490108501,0.012096256076760207,0.6027592410045406,19,0.7193175318213368,2.3107263536554736,0.4200062034972679,20.92900636615966,0.5776815884138684,0.10500155087431698,5.232251591539915,24.97614333990046,6.244035834975115,,,
10360,0.03913916411121842,-0.16989346489006518,0.6521562248862397,159,0.7555930906325838,1.3589900562697261,-5.899040887912843,22.644168440500017,0.33974751406743153,-1.4747602219782108,5.661042110125004,26.235703292944578,6.5589258232361445,,,
10373,-0.008810399052017123,-0.3047317780413915,0.9154202067928562,19,1.1016997531711732,-0.30591467588413856,-10.580896797153196,31.785220420261552,-0.07647866897103464,-2.645224199288299,7.946305105065388,38.25321882960948,9.56330470740237,,,
10381,-0.019999394288855155,-0.027352361095298452,1.103647809470825,41,1.626298889581213,-0.6944189684976287,-0.9497286819509528,38.32085924044599,-0.17360474212440719,-0.2374321704877382,9.580214810111498,56.46835004403888,14.11708751100972,,,
10391,0.05716175687727866,-0.15991577430148277,0.9052918028923703,21,0.9927243760153975,1.9847705222928698,-5.552595515296085,31.433541980028885,0.49619263057321744,-1.3881488788240213,7.858385495007221,34.46937578400664,8.61734394600166,,,
10419,0.01275259967564587,-0.14449289785839164,0.48856867233313556,343,0.5788534231265894,0.4427957659377759,-5.017082399439075,16.964081440751134,0.11069894148444398,-1.2542705998597687,4.241020360187783,20.09894855780144,5.02473713945036,,,
10420,0.03981391747942535,0.0289236750620734,0.4875273114350398,39,0.7234721380214875,1.382418842720607,1.0042878455053126,16.927923307647454,0.34560471068015175,0.25107196137632815,4.2319808269118635,25.120399576382088,6.280099894095522,,,
10433,0.0026809628903331864,0.0016685162150298855,0.9221176783322692,72,1.2339940093585906,0.0930883934781489,0.05793422001826769,32.017770027053054,0.023272098369537225,0.014483555004566922,8.004442506763263,42.84673999294898,10.711684998237246,,,
10445,-0.043429522602022666,-0.05465198769154324,0.622374389711425,21,0.7304030048331849,-1.507959883787431,-1.8976263166257643,21.6100835595601,-0.37698997094685777,-0.4744065791564411,5.402520889890025,25.361053133817848,6.340263283454462,,,
10472,0.06489609363783767,-0.33132247256756775,1.2509741448281815,44,1.5706497404350606,2.253322163293,-11.504178892491089,43.43632425672412,0.56333054082325,-2.876044723122772,10.85908106418103,54.536100287386176,13.634025071846544,,,
10473,-0.016444176327113362,-0.016108217416429555,0.8536746170664796,52,1.1559846569098617,-0.5709746904300301,-0.559309525133267,29.641290053782306,-0.14274367260750753,-0.13982738128331676,7.410322513445577,40.13809925722422,10.034524814306055,,,
10488,-0.0008173248070417461,-0.09755885191814567,0.9064667204670751,77,1.50046457623223,-0.028379151950103508,-3.387438456301854,31.474337468057783,-0.007094787987525877,-0.8468596140754635,7.868584367014446,52.09913101593549,13.024782753983873,,,
10503,0.03420079342308299,-0.011951388582878397,1.9972105360188628,66,2.595405760817254,1.1875199492362878,-0.4149761143747037,69.34714423164695,0.29687998730907195,-0.10374402859367593,17.336786057911738,90.1176788270967,22.529419706774174,,,
10513,0.03935229985843865,0.02663274583465107,1.3854919431382509,26,1.8366544588448543,1.3663905556847067,0.9247422008707544,48.10705124964635,0.34159763892117667,0.2311855502176886,12.026762812411587,63.772316120011034,15.943079030002759,,,
10518,0.08953131922708378,-0.12509741446930991,0.8307127288309347,28,0.9736049577804068,3.108706466202803,-4.343632425203379,28.84400737046772,0.7771766165507008,-1.0859081063008447,7.21100184261693,33.80551134405128,8.45137783601282,,,
10534,-0.04720772008456412,-0.038679894426267555,0.4867551103890701,41,0.5704657901069423,-1.6391464567762355,-1.3430432942688622,16.901110942929293,-0.4097866141940589,-0.33576082356721554,4.225277735732323,19.80771316409325,4.951928291023313,,,
10540,0.05526119397141484,-0.04578396157857458,0.6351847845172464,87,0.7658973010587339,1.918779177075466,-1.5897107139312667,22.05488608800783,0.4796947942688665,-0.3974276784828167,5.5137215220019575,26.59348608736136,6.64837152184034,,,
10548,0.0024041072790337605,0.004054626499483345,0.7032397585908338,149,0.9051720501413483,0.08347541294261024,0.14078474131506072,24.41789089779093,0.02086885323565256,0.03519618532876518,6.104472724447732,31.429383925007897,7.857345981251974,,,
10551,0.08023859045979063,0.09284377183182492,1.1303502225948785,53,1.4512396874522449,2.7860443379448507,3.223721445544625,39.24802042893937,0.6965110844862127,0.8059303613861563,9.812005107234842,50.38994442771685,12.597486106929212,,,
10552,0.05171786305180736,0.045795180941945283,0.5894365982365014,43,0.7054045522495054,1.7957476408848552,1.5901002726662241,20.466417563967802,0.4489369102212138,0.39752506816655603,5.1166043909919505,24.493056863207325,6.123264215801831,,,
10578,0.10217773124697516,-0.05156834265225818,0.502560116551534,32,0.6089775645531506,3.5478151843574715,-1.7905559935717086,17.449892366902365,0.8869537960893679,-0.44763899839292715,4.362473091725591,21.144918996414493,5.286229749103623,,,
10587,-0.01714275938181641,-0.05886943816821785,0.4465366762482016,229,0.5979002534932207,-0.5952308912554294,-2.0440646320768603,15.504646472690057,-0.14880772281385735,-0.5110161580192151,3.8761616181725143,20.760292601791612,5.190073150447903,,,
10588,0.004206655059776191,-0.021010814145330414,0.6106682749717552,30,0.7018277934407471,0.14606347698554892,-0.7295374887541627,21.203623843569286,0.03651586924638723,-0.18238437218854067,5.3009059608923215,24.368864643849623,6.092216160962406,,,
10595,-0.0762421237783465,-0.29674608668756264,1.0698580454247888,31,1.4135469649420658,-2.6472790218317472,-10.30361762196555,37.147611053239515,-0.6618197554579368,-2.5759044054913875,9.286902763309879,49.08117771671841,12.270294429179602,,,
10603,-0.0021385482628226604,0.0020119666623555884,0.5758984190208606,90,0.7513075204928926,-0.07425467278172841,0.06985950645031073,19.99634490524232,-0.018563668195432103,0.017464876612577684,4.99908622631058,26.08689972655422,6.521724931638555,,,
10605,-0.03242710980607509,0.03249045432851625,0.7732138504969571,39,1.0585169576056785,-1.1259341066865394,1.1281335551947413,26.847531316955347,-0.28148352667163484,0.28203338879868534,6.711882829238837,36.75382580198437,9.188456450496092,,,
10606,0.04413376535640773,-0.14598071588277053,0.6511304509858129,247,0.7556391018849484,1.5324126007051893,-5.068742416881559,22.608551519129396,0.3831031501762973,-1.2671856042203897,5.652137879782349,26.23730089564918,6.559325223912295,,,
10625,0.05493595711180664,-0.17670196089125897,0.696498955598256,27,0.7496482451551897,1.9074863028361502,-6.135445486066295,24.183836736282647,0.47687157570903754,-1.5338613715165736,6.045959184070662,26.0292863682785,6.507321592069625,,,
10635,0.018505157324047797,0.011238108049947813,0.741013295421675,29,0.8382799297136933,0.6425360726055876,0.39020958771028796,25.7294636436314,0.1606340181513969,0.09755239692757199,6.43236591090785,29.10675571951886,7.276688929879715,,,
10668,-0.12533319046124447,-0.05561740605382859,0.888921565511504,32,1.024199294437374,-4.35181903919533,-1.9311475730010363,30.865134597690446,-1.0879547597988326,-0.4827868932502591,7.7162836494226115,35.5622479014545,8.890561975363624,,,
10697,0.05374979494527971,-0.191613249388167,0.6603355490667312,21,0.7407659656076127,1.8663003800900022,-6.653195245255935,22.928170934695043,0.46657509502250055,-1.6632988113139837,5.732042733673761,25.720875857827526,6.4302189644568815,,,
10714,-0.06823731633694892,-0.04456002593682759,1.8061433627172234,22,2.4290165368606984,-2.3693360978515403,-1.5472132205785276,62.712909840267436,-0.5923340244628851,-0.3868033051446319,15.678227460066859,84.34031219287718,21.085078048219295,,,
10717,0.029736924415873816,-0.09923764045192975,0.6944571052522929,71,0.7943637166702061,1.0325254895679707,-3.4457293517719045,24.112939608570112,0.2581313723919927,-0.8614323379429761,6.028234902142528,27.581896970222896,6.895474242555724,,,
10721,0.015305186504060037,0.20590332271708542,0.9193923052987473,33,1.390122266550529,0.5314266857939727,7.149375171382641,31.923139624583104,0.13285667144849317,1.7873437928456601,7.980784906145776,48.26782533916747,12.066956334791868,,,
10728,-0.016696558454104712,-0.16141969704124484,0.503950474212252,26,0.58246893057324,-0.5797379026434238,-5.604814720666104,17.498168365597817,-0.14493447566085596,-1.401203680166526,4.374542091399454,20.22448620736404,5.05612155184101,,,
10742,-0.015550013294985628,-0.001955575467838892,0.2852742358173326,34,0.3777444308747172,-0.539927561628491,-0.067901491394302,9.905292016049422,-0.13498189040712275,-0.0169753728485755,2.4763230040123556,13.116042128831932,3.279010532207983,,,
10744,-0.023526951942970522,-0.09800629813081853,0.6388086617168026,57,0.7616006863924132,-0.8169028253638225,-3.402974683698281,22.18071435213082,-0.20422570634095563,-0.8507436709245703,5.545178588032705,26.44429903291737,6.611074758229343,,,
10765,-0.05278986955217972,-0.007526241901545468,0.8299242838147297,73,0.9947407076476587,-1.8329698505907843,-0.26132617130546176,28.816630982615045,-0.4582424626476961,-0.06533154282636544,7.204157745653761,34.539386850942,8.6348467127355,,,
10774,0.047818676687410626,-0.08124636923588359,0.7930479342448103,34,0.9136748997304561,1.660360091940272,-2.82103643260835,27.536210372848306,0.415090022985068,-0.7052591081520875,6.884052593212076,31.7246198684409,7.931154967110225,,,
10776,0.07996672464480323,-0.05021977470467424,0.7036788165800426,28,0.8437887693449195,2.7766046131168576,-1.743731017295699,24.43313586929224,0.6941511532792144,-0.43593275432392475,6.10828396732306,29.2980336491943,7.324508412298575,,,
10795,-0.03582399361984879,-0.002687667345265018,0.7159031806342026,91,0.8394843910178132,-1.2438807064683897,-0.09332118556229195,24.857590237980784,-0.3109701766170974,-0.023330296390572988,6.214397559495196,29.148577024920513,7.287144256230128,,,
10810,0.04693882717665216,-0.22029420343284384,0.7527423718259494,258,0.8759890888707856,1.6298099572277165,-7.649055331595204,26.136720634540616,0.4074524893069291,-1.912263832898801,6.534180158635154,30.41609314377142,7.604023285942855,,,
10827,-0.0036633103422382177,-0.1439545442745265,0.7090815951148968,503,0.8202528371031739,-0.1271974617031954,-4.99838968630011,24.620731145579448,-0.03179936542579885,-1.2495974215750274,6.155182786394862,28.480819009896404,7.120204752474101,,,
10842,0.050456793511506066,-0.03352586250032653,0.6824000874048909,124,0.8002922697167753,1.7519607843065137,-1.1640849977363377,23.694295834872623,0.4379901960766284,-0.2910212494340844,5.923573958718156,27.787748189105873,6.946937047276468,,,
10864,0.009641775204670333,0.015889971439910285,0.6285154415146668,106,0.7303016870198987,0.3347817186565633,0.5517315883365649,21.82331316027226,0.08369542966414083,0.13793289708414122,5.455828290068065,25.357535176704925,6.339383794176231,,,
10868,0.10045048648085915,0.09132582657418724,0.7466704991326022,19,0.8501803439204438,3.4878417915883917,3.1710153503089296,25.925893070882214,0.8719604478970979,0.7927538375772324,6.4814732677205535,29.51996190160565,7.379990475401413,,,
10878,0.08777848486789708,-0.10822608952507373,0.8300920090671932,28,0.9611872289753188,3.0478445515831223,-3.7578262804896103,28.82245473883108,0.7619611378957806,-0.9394565701224026,7.20561368470777,33.37434296448102,8.343585741120256,,,
10888,0.38092140587083395,0.1504562877624238,1.6846356440994164,24,2.25715844922128,13.226353054647097,5.2241432236868794,58.49391883441994,3.3065882636617743,1.3060358059217199,14.623479708604984,78.37305567386129,19.593263918465322,,,
10891,0.003907370919810203,0.0007804936209408554,0.25721599876678763,70,0.3163013999609033,0.13567173307764988,0.027100299506308382,8.9310539091804,0.03391793326941247,0.0067750748765770955,2.2327634772951,10.982617209442484,2.745654302360621,,,
10893,0.0021788161156227454,0.011124341950095738,0.1529856401968142,28,0.2065082567249361,0.07565285316665298,0.3862594011912242,5.311967398913783,0.018913213291663244,0.09656485029780605,1.3279918497284458,7.170379690003232,1.792594922500808,,,
10902,-0.05519336877966832,-0.23228517151727976,0.5193992287425627,38,0.5901933677144972,-1.9164241507676436,-8.065405725422988,18.034580020399265,-0.4791060376919109,-2.016351431355747,4.508645005099816,20.492694113782772,5.123173528445693,,,
10930,-0.025870774968582196,0.04372814389319889,0.491184056661388,27,0.6154251654152594,-0.8982850484591111,1.5183286122596518,17.054892815396713,-0.22457126211477776,0.37958215306491294,4.263723203849178,21.368792593548637,5.342198148387159,,,
10944,0.06857372708504993,0.008536782461812538,0.9106360457550478,29,1.5083874561888966,2.3810169518471036,0.29641416063905496,31.61910478070677,0.5952542379617759,0.07410354015976374,7.904776195176693,52.37422925379087,13.093557313447718,,,
10970,0.09462905982831689,-0.08826247431720549,0.7478819000117071,39,0.8710103397271498,3.285710215358819,-3.0646496332420092,25.967955332206493,0.8214275538397048,-0.7661624083105023,6.491988833051623,30.243221016006096,7.560805254001524,,,
10985,0.040026516489192095,-0.09399301651341121,0.6555650361299554,121,0.8193895394950703,1.389800705537728,-3.2636255193786643,22.762529184504313,0.347450176384432,-0.8159063798446661,5.690632296126078,28.450843590347834,7.112710897586958,,,
11002,-0.06066839262834378,0.003699570502342133,0.6707770926615746,22,0.8054373593017486,-2.106527928841353,0.12845648698232354,23.290722211395195,-0.5266319822103382,0.032114121745580884,5.822680552848799,27.966395989675316,6.991598997418829,,,
11008,0.04699169108344527,-0.07047041450009352,0.49278457014440075,82,0.5995464340523302,1.6316454977993866,-2.4468737322722474,17.110465844553882,0.40791137444984665,-0.6117184330680618,4.277616461138471,20.81745128316501,5.2043628207912525,,,
11011,-0.0714366225668939,-0.0837504376906747,0.9039552368882594,21,1.221987693243512,-2.48042240876769,-2.9079826974956067,31.387133735234144,-0.6201056021919225,-0.7269956743739017,7.846783433808536,42.42985668480123,10.607464171200307,,,
11021,0.01707225266566435,-0.10180028601865515,0.7332048874700164,26,0.9227858634369784,0.5927827570571975,-3.534709531139744,25.458340102733914,0.14819568926429938,-0.883677382784936,6.364585025683478,32.040970750258765,8.010242687564691,,,
11035,-0.014736098014502983,-0.07533682248833315,0.6032176771510572,70,0.7174834256652013,-0.5116667952595726,-2.615845150439904,20.94492418603901,-0.12791669881489315,-0.653961287609976,5.236231046509753,24.91245950594712,6.22811487648678,,,
11051,-0.06290183735170395,-0.14651520433789245,0.7722912731336364,306,0.8947188910291752,-2.1840775965258645,-5.087300925020302,26.815497585746126,-0.5460193991314661,-1.2718252312550755,6.7038743964365315,31.066429334315025,7.766607333578756,,,
11072,0.10670444002182546,-0.024015864733461043,0.6737714336812292,33,0.7371886773772212,3.7049915664378235,-0.8338788552752344,23.39469172027964,0.9262478916094559,-0.2084697138188086,5.84867293006991,25.596665255891875,6.399166313972969,,,
11075,0.011359953439372367,-0.008612291755168288,0.39591806831996496,76,0.5159556224143359,0.39444030332188734,-0.2990359943229533,13.747067168205824,0.09861007583047184,-0.07475899858073833,3.436766792051456,17.91501112147057,4.478752780367643,,,
11094,0.009465328006762534,-0.005009691393580601,0.2526150886989212,98,0.32478780242663957,0.3286551190508087,-0.17394650456790564,8.771301109803941,0.08216377976270217,-0.04348662614197641,2.1928252774509853,11.27728207585778,2.819320518964445,,,
11101,-0.018674427021680155,-0.04521998580741856,2.684294308230266,30,3.2122738447893955,-0.6484134550467784,-1.5701283472051872,93.2040669703713,-0.1621033637616946,-0.3925320868012968,23.301016742592825,111.5365724387774,27.88414310969435,,,
11118,0.025656281778931055,-0.004104166694803377,0.5527350355049,130,0.6564869801057421,0.8908374159280441,-0.14250487597696287,19.19206590280114,0.22270935398201103,-0.03562621899424072,4.798016475700285,22.79454092323158,5.698635230807895,,,
11134,-0.0601052539277556,-0.07067689761669518,1.6050652575795004,69,2.1606894363951663,-2.08697462687953,-2.4540432390468903,55.731075873675415,-0.5217436567198825,-0.6135108097617226,13.932768968418854,75.02345861051296,18.75586465262824,,,
11137,0.06892608189624146,0.07687918526159992,0.799324268698672,42,0.9841757237720965,2.393251415601296,2.669399070653273,27.75413725775529,0.598312853900324,0.6673497676633182,6.938534314438822,34.17254948081474,8.543137370203684,,,
11140,-0.12526792405308385,-0.17244805142651862,0.6085431955709804,24,0.7154990750772864,-4.349552858971178,-5.987741241631579,21.12983683661558,-1.0873882147427945,-1.4969353104078948,5.282459209153895,24.843558884833538,6.2108897212083845,,,
11143,0.025397560185567804,-0.013771824112209839,0.35654922223495256,33,0.4294455849138822,0.8818540847632853,-0.47818527682415,12.380102094442023,0.22046352119082133,-0.1195463192060375,3.0950255236105058,14.911209599379818,3.7278023998449545,,,
11161,-0.010125158574500878,0.007563561583729476,0.5320972611471408,60,0.6800421501351555,-0.3515657560238195,0.2626219853102549,18.475481101551026,-0.08789143900595488,0.06565549632756372,4.618870275387756,23.612423536992868,5.903105884248217,,,
11196,0.05338048209759693,-0.110461467005879,0.496801394022289,35,0.5683193924524735,1.8534770993927607,-3.835443057378131,17.24993800324192,0.4633692748481902,-0.9588607643445327,4.31248450081048,19.733185944734785,4.933296486183696,,,
11205,-0.1746401417449448,-0.13166097201750232,0.8270711008804044,20,0.9173975917362548,-6.0638550016679735,-4.571532270391716,28.7175627647694,-1.5159637504169934,-1.142883067597929,7.17939069119235,31.85387918026624,7.96346979506656,,,
11212,0.038083944504953185,-0.09229886364649924,0.720789048671317,57,0.8523844517729949,1.3223507211009846,-3.2048011435337465,25.02723734796547,0.33058768027524615,-0.8012002858834366,6.256809336991368,29.59649293446193,7.399123233615483,,,
11253,-0.0043660322558484775,-0.0159570994555032,0.6659892419118975,26,0.9324159728885849,-0.15159737198757084,-0.5540624072939822,23.124478457664903,-0.03789934299689271,-0.13851560182349554,5.781119614416226,32.375347410637445,8.093836852659361,,,
11259,-0.05946804133372424,-0.021918786579571286,0.5747765958003465,39,0.6484194747199652,-2.0648493311895733,-0.7610641076158742,19.957392959379632,-0.5162123327973933,-0.19026602690396854,4.989348239844908,22.514421001226633,5.628605250306658,,,
11272,0.027396670182026725,-0.11743247719330757,0.6940442166893332,135,0.8257024229817029,0.951267182060332,-4.0774904731060255,24.09860329188703,0.237816795515083,-1.0193726182765064,6.024650822971758,28.67003953077069,7.167509882692673,,,
11281,-0.006054211937259879,-0.0013375722909427167,0.9210653044094467,25,1.2029190724555936,-0.21021434688553753,-0.04644318508611301,31.98122949970481,-0.05255358672138438,-0.011610796271528253,7.9953073749262025,41.767756033803124,10.441939008450781,,,
11292,0.004160161193305956,-0.17615159285620136,0.756185501884882,103,0.9036213887819396,0.14444911695396942,-6.116335607153023,26.256272996446874,0.036112279238492355,-1.5290839017882558,6.564068249111719,31.37554186128651,7.843885465321628,,,
11296,-0.04239757850851684,0.034322317246600655,0.6707854277839811,69,0.8118577022205626,-1.4721287209727216,1.191739499436468,23.29101162351539,-0.3680321802431804,0.297934874859117,5.822752905878848,28.189323136502377,7.047330784125594,,,
11302,-0.004942191325946959,-0.02151133194646984,0.5904868628141852,76,0.6920908892403335,-0.17160276721953033,-0.7469164678453258,20.50288485063414,-0.04290069180488258,-0.18672911696133146,5.125721212658535,24.03077985620286,6.007694964050715,,,
11310,0.009080801686388954,0.07436814376070917,2.64603503113079,24,3.1791707996508953,0.31530359615479725,2.582210687659344,91.8756283509233,0.07882589903869931,0.645552671914836,22.968907087730823,110.38716850547839,27.596792126369596,,,
11311,0.09162964394911519,-0.03690401270670687,0.9406124415780258,29,1.3844886997861874,3.1815644972011774,-1.2813811292022759,32.659945196472215,0.7953911243002943,-0.32034528230056897,8.164986299118054,48.072216633976,12.018054158494,,,
11315,0.0317269124847428,-0.18375579586889282,1.2185780070700885,72,1.5009859558495442,1.1016218552952395,-6.380368744159696,42.311465561487616,0.27540546382380987,-1.595092186039924,10.577866390371904,52.117234359007874,13.029308589751968,,,
11316,-0.005443778785555813,-0.13066002763683715,0.9263757875413926,49,1.1841447809887882,-0.18901888699206895,-4.536777479606259,32.16562009501224,-0.04725472174801724,-1.1341943699015649,8.04140502375306,41.1158750854927,10.278968771373176,,,
11322,0.36420381355121945,0.2330560805154221,1.375802962427895,20,1.695926190305883,12.645884814125441,8.092173227656486,47.77063046142137,3.1614712035313604,2.0230433069141216,11.942657615355342,58.885949179800875,14.721487294950219,,,
11325,0.12098835564941297,-0.10012392995671779,1.056061069248504,61,1.2889960284377,4.200957684858918,-3.4765030959571552,36.668552446446554,1.0502394212147295,-0.8691257739892888,9.167138111611639,44.75652009941382,11.189130024853455,,,
11327,-0.033580684014618785,-0.17112204883350096,0.8157463678951641,275,1.037167986213233,-1.1659885103555936,-5.941699779596821,28.32434538605589,-0.2914971275888984,-1.4854249448992052,7.081086346513972,36.01254681729588,9.00313670432397,,,
11342,-0.009472531197508023,-0.08995015224379159,0.619849277198504,60,0.7187851669152918,-0.3289052282398736,-3.1232491862089318,21.52240660288646,-0.0822263070599684,-0.7808122965522329,5.380601650721615,24.957658565632762,6.239414641408191,,,
11358,-0.05128572164034937,-0.1625037923179446,0.6527788286169792,19,0.8162190950420777,-1.7807428267962109,-5.642456676863673,22.665786487238755,-0.4451857066990527,-1.4106141692159182,5.666446621809689,28.34075941805102,7.085189854512755,,,
11369,-0.1364947943679987,0.10493575337682459,0.6555729419549712,19,0.7986781419772548,-4.73937225004565,3.6435792287501036,22.76280369056051,-1.1848430625114126,0.9108948071875259,5.6907009226401275,27.731702445734243,6.932925611433561,,,
11370,-0.0369783116406875,0.02057104758123267,2.544086619567533,19,3.0296622088836784,-1.2839609367879514,0.7142679141155609,88.33577560462388,-0.32099023419698786,0.17856697852889022,22.08394390115597,105.19593121685908,26.29898280421477,,,
11386,-0.011219774013326292,0.00791749893911884,1.0580476490568735,227,1.3932805184407289,-0.3895729932907155,0.2749113981640844,36.73753047055276,-0.09739324832267887,0.0687278495410211,9.18438261763819,48.37748616129899,12.094371540324747,,,
11398,0.021664739293456137,-0.17974966219470473,0.5780682267412653,20,0.723442253012714,0.752243077747384,-6.241267770724538,20.071684968910215,0.188060769436846,-1.5603169426811345,5.017921242227554,25.119361909107457,6.279840477276864,,,
11416,0.014532961846365803,-0.02054506097452607,0.3816872809506256,30,0.47130841786377653,0.5046135012295134,-0.7133656071574943,13.252945769167622,0.12615337530737836,-0.17834140178937358,3.3132364422919056,16.36477088506605,4.091192721266513,,,
11420,0.03257119667609037,-0.21347620725854605,0.7847327948046657,459,0.9257475245598932,1.1309370909872098,-7.4123208684312365,27.247492101207605,0.28273427274680246,-1.8530802171078091,6.811873025301901,32.143805547768615,8.035951386942154,,,
11429,0.017215139379837652,0.0011683001842737184,0.39072993661659566,32,0.45818095066641207,0.597744069546723,0.040565718998352054,13.566924859201436,0.14943601738668075,0.010141429749588014,3.391731214800359,15.90895896903916,3.97723974225979,,,
11446,0.09458697130991349,-0.12798071921294918,0.6402412960358593,49,0.8061755343071457,3.2842488178228164,-4.443746532512021,22.23045828095711,0.8210622044557041,-1.1109366331280053,5.557614570239277,27.992026902212714,6.998006725553179,,,
11468,0.04106256969285279,-0.2280807045066524,0.942969588974676,28,1.0153053743211284,1.4257745448752346,-7.919418221879985,32.7417900683787,0.35644363621880865,-1.9798545554699962,8.185447517094675,35.253433207178226,8.813358301794556,,,
11499,-0.002281865880246535,-0.15030385981162606,1.1085882404781267,47,1.621112852444773,-0.07923094709392019,-5.21885062037928,38.492400885881516,-0.019807736773480047,-1.30471265509482,9.623100221470379,56.288280462587416,14.072070115646854,,,
11500,0.008782847261204787,-0.1222868018790933,0.6387402400939396,97,0.730780661311685,0.30495802260355265,-4.246042334845877,22.178338616541772,0.07623950565088816,-1.0615105837114693,5.544584654135443,25.374166122064327,6.343541530516082,,,
11508,-0.004239249768469025,-0.20191522012307891,0.9503592929500371,55,1.0758387624062165,-0.14719523046078148,-7.010900273113546,32.998375369811185,-0.03679880761519537,-1.7527250682783866,8.249593842452796,37.35527350826865,9.338818377067163,,,
11513,-0.022783872954468817,-0.07451430561741192,0.8206313285605751,29,1.3388425331283405,-0.7911016367250663,-2.5872857196477765,28.49396099028029,-0.19777540918126657,-0.6468214299119441,7.123490247570072,46.48729043528224,11.62182260882056,,,
11519,-0.006657618105849827,-0.0015047166368212263,0.7123461366732159,69,0.9786199752168842,-0.2311658158713177,-0.05224677106370662,24.734082557567405,-0.05779145396782943,-0.013061692765926655,6.183520639391851,33.979642779480656,8.494910694870164,,,
11521,0.03537023380359301,-0.040231142478058736,0.47471944356411616,30,0.5663340474755615,1.2281252581283566,-1.3969057291231555,16.48320851943324,0.30703131453208915,-0.34922643228078887,4.12080212985831,19.664250796446446,4.916062699111611,,,
11547,-0.002086487913178254,-0.1380794106153863,0.648565292169235,140,0.7946411256680662,-0.07244703332137534,-4.794393295387444,22.519484074700177,-0.018111758330343834,-1.198598323846861,5.629871018675044,27.591529165446595,6.897882291361649,,,
11550,-0.01000251703577515,-0.08513190564379923,0.4649937106583524,26,0.5570157681658565,-0.34730739651618475,-2.955950027763997,16.14551162147931,-0.08682684912904619,-0.7389875069409992,4.036377905369828,19.34070150225487,4.8351753755637175,,,
11564,-0.0224462639924556,-0.08906574421650815,0.5706765439040098,451,0.6530785258105458,-0.7793791783460434,-3.092540770685596,19.815030957435027,-0.19484479458651086,-0.773135192671399,4.953757739358757,22.676192573193774,5.669048143298443,,,
11567,0.049089798394447826,0.05213278805780419,0.8338998449868026,20,0.9698079393955719,1.7044959798520174,1.8101546669430773,28.95467041763176,0.42612399496300435,0.4525386667357693,7.23866760440794,33.673671271693046,8.418417817923261,,,
11573,0.049447619555015386,-0.5571237437345441,1.914341857554181,21,2.3771516061603184,1.7169202461892443,-19.344450629950842,66.46977797799627,0.4292300615473111,-4.8361126574877105,16.61744449449907,82.53945806909857,20.634864517274643,,,
11601,0.0007080045771134592,0.00513721247965605,0.7877572580324524,41,0.9524746987264533,0.02458333492653353,0.17837429171861735,27.352507513402816,0.006145833731633382,0.04459357292965434,6.838126878350704,33.07182648917991,8.267956622294978,,,
11602,0.02964298472686811,-0.09206823564157626,0.670990611560308,120,0.7853130030442657,1.0292637156863147,-3.196793277946811,23.298136014597016,0.2573159289215787,-0.7991983194867027,5.824534003649254,27.26763809170299,6.816909522925748,,,
11627,0.011815944620083287,-0.0033070048350097177,2.308572100858301,93,2.9220677195757796,0.4102732290985319,-0.11482582188120742,80.15824048600193,0.10256830727463298,-0.028706455470301855,20.039560121500482,101.46003535911022,25.365008839777555,,,
11655,-0.07601260192679564,-0.1231115043808586,0.47765130337057476,48,0.5370208391773478,-2.639309564102198,-4.274677655112173,16.5850085556331,-0.6598273910255495,-1.0686694137780433,4.146252138908275,18.64643757791587,4.661609394478967,,,
11659,0.042110884851821725,-0.03466528751985634,0.8418028864964505,66,1.3513092420335364,1.462174143824954,-1.2036481132644519,29.229079824929755,0.3655435359562385,-0.30091202831611297,7.307269956232439,46.920159501888456,11.730039875472114,,,
11693,-0.0026710602636616054,0.0013631432634946866,0.1626750343617683,22,0.21030210600646834,-0.09274455447485827,0.04733106039506251,5.648402543109319,-0.023186138618714568,0.011832765098765628,1.4121006357773298,7.302109724756594,1.8255274311891485,,,
11697,-0.0963302457105982,-0.021775444232586948,1.8998747430108955,20,2.4844262879799506,-3.3447787915633906,-0.7560869746438841,65.96745082682432,-0.8361946978908477,-0.18902174366097102,16.49186270670608,86.26424957123984,21.56606239280996,,,
11698,0.0047316151516653155,-4.56584472062672e-05,1.1375395669731845,417,1.5054265695641984,0.1642911412961231,-0.0015853526038960097,39.497648844442914,0.041072785324030775,-0.00039633815097400244,9.874412211110728,52.2714213484081,13.067855337102024,,,
11706,0.06186912111348235,0.07034392187675564,2.2661531268611244,20,2.716507016906271,2.1482196233023343,2.4424816554047095,78.68536887087197,0.5370549058255836,0.6106204138511774,19.671342217717992,94.32255664101955,23.580639160254886,,,
11711,0.07836859501623239,-0.01476455388474338,1.3565453213682175,19,1.6377120824263924,2.7211143561536213,-0.5126548399860597,47.10196664854725,0.6802785890384053,-0.1281637099965149,11.775491662136812,56.8646389260092,14.2161597315023,,,
11751,-0.03241541722219794,-0.022233635445932588,0.2962482331251029,22,0.39749191359724145,-1.125528116789157,-0.7719962899536713,10.286331150569824,-0.2813820291972893,-0.19299907248841783,2.571582787642456,13.801714223923419,3.4504285559808547,,,
11756,-0.007085086219106127,-0.13919642194726806,0.9981473401855594,177,1.361455388162657,-0.24600836369980297,-4.8331781628530415,34.65767194592299,-0.06150209092495074,-1.2082945407132604,8.664417986480748,47.27245398778378,11.818113496945944,,,
11759,0.036457970053138604,-0.12100239952415025,0.6869051568640702,57,0.7837594220044241,1.2658936361850786,-4.201445316277545,23.850720856634243,0.31647340904626964,-1.0503613290693863,5.962680214158561,27.213694650837613,6.803423662709403,,,
11760,0.005014185719615357,-0.0014120883122979483,0.5284417415314068,22,0.652689453223627,0.17410255655648443,-0.04903053037960936,18.348554149453506,0.04352563913912111,-0.01225763259490234,4.587138537363376,22.66268319483078,5.665670798707695,,,
11768,-0.0075613424920538816,-0.04186112476733342,1.2447090458844192,25,1.6338826894617102,-0.2625449340090949,-1.453501974171351,43.2187874911988,-0.06563623350227372,-0.36337549354283777,10.8046968727997,56.731674743489506,14.182918685872377,,,
11804,0.3166040631897102,0.025095649321883684,0.7581315031847613,19,0.8747024371564125,10.993126282073117,0.8713711357544454,26.323842053581284,2.7482815705182793,0.21784278393861134,6.580960513395321,30.371418022944955,7.592854505736239,,,
11814,-0.05821466432135196,0.04659774331452553,0.6159993885238265,20,0.7349241331792004,-2.021329574565983,1.6179668433669554,21.388730768324304,-0.5053323936414957,0.40449171084173885,5.347182692081076,25.518035752248196,6.379508938062049,,,
11822,-0.08270162266659652,-0.06107398145877055,0.9014487225953138,42,1.0431954548212163,-2.8715657422295644,-2.120610784211431,31.300102545954488,-0.7178914355573911,-0.5301526960528578,7.825025636488622,36.22183258230228,9.05545814557557,,,
11882,-0.052068135776393784,0.006386677731372613,0.6125624228899945,28,0.7590854193207065,-1.807909810427945,0.22175822418871988,21.26939244758639,-0.45197745260698624,0.05543955604717997,5.317348111896598,26.35696392965357,6.589240982413393,,,
11885,0.0025013819053583872,-0.003102262417164899,0.3534565868547235,96,0.4445535932936365,0.08685298251785392,-0.10771675564879964,12.272719608769709,0.02171324562946348,-0.02692918891219991,3.068179902192427,15.435789866341647,3.8589474665854118,,,
11888,-0.028487088958387276,0.13268718970774765,1.364174485103113,36,1.7829838470459083,-0.989128702813123,4.607164601032414,47.36686647175029,-0.24728217570328076,1.1517911502581035,11.841716617937573,61.90876513712803,15.477191284282007,,,
11917,0.006218470904951363,0.0015287119754756435,0.10535766718016629,52,0.15220455660978255,0.21591774676172124,0.053079937212465296,3.658228919829734,0.05397943669043031,0.013269984303116324,0.9145572299574335,5.28484661460487,1.3212116536512175,,,
11962,-0.011321933942469867,-0.056715032156326145,0.5069988641150021,247,0.6094200199262773,-0.3931201903504387,-1.9692593465319566,17.6040145598011,-0.09828004758760968,-0.49231483663298914,4.401003639950275,21.1602819318802,5.29007048297005,,,
11964,-0.016196721931801557,-0.002086890117566411,1.353883322845656,27,2.1076824919180015,-0.5623825789160137,-0.07246099866214092,47.009536735846865,-0.14059564472900343,-0.01811524966553523,11.752384183961716,73.18295148437686,18.295737871094214,,,
11966,-0.1275652322217553,-0.1685221071851366,0.7315085458024856,32,0.8223549548621978,-4.429319993203788,-5.851424605682314,25.399439727353904,-1.107329998300947,-1.4628561514205785,6.349859931838476,28.553808742725234,7.138452185681309,,,
11978,-0.015436702588759694,-0.06132212365268371,1.3951363995683106,262,1.7789998947255616,-0.5359931872869141,-2.129226777468484,48.44192606581088,-0.13399829682172854,-0.532306694367121,12.11048151645272,61.770434344660956,15.442608586165239,,,
11983,-0.11142820885785304,0.009909421756246156,0.6488405144549022,88,0.7804420025015382,-3.8690102679623735,0.34407494222037904,22.529040342903116,-0.9672525669905934,0.08601873555509476,5.632260085725779,27.098507210858408,6.774626802714602,,,
11986,0.1122029790962297,-0.41048485680133917,1.3283978348278058,46,1.6879917839544343,3.895911840179288,-14.2528551978561,46.12462962089108,0.973977960044822,-3.563213799464025,11.53115740522277,58.61045072246587,14.652612680616468,,,
11994,-0.04566255143746007,-0.023337681718301768,0.8489947232703011,39,1.1171345302966433,-1.5854951110114885,-0.810330984622874,29.478794781391397,-0.39637377775287214,-0.2025827461557185,7.369698695347849,38.789145160960054,9.697286290240013,,,
12003,-0.004974031512031413,-0.03307494310522211,0.5138459603606951,72,0.6139501097842038,-0.17270832216075474,-1.1484281744995222,17.841759435644054,-0.043177080540188685,-0.28710704362488054,4.4604398589110135,21.317575711927127,5.329393927981782,,,
12004,-0.09345619657145345,-0.0870619427891465,0.5964286558411088,23,0.7039862695772957,-3.244986057354007,-3.022964777524745,20.709195788114982,-0.8112465143385017,-0.7557411943811863,5.177298947028746,24.44381125226286,6.110952813065715,,,
12012,0.007673266978681267,-0.22816758648355953,0.6459499448547654,67,0.7540699782810357,0.266431176033771,-7.922434937882154,22.428673985247165,0.06660779400844274,-1.9806087344705385,5.607168496311791,26.182817785874125,6.545704446468531,,,
12040,-0.02169340448914095,-0.016025903166370137,1.0214757525652154,19,1.3528136697783417,-0.7532383906719521,-0.5564514097427039,35.46768108056941,-0.18830959766798802,-0.13911285243567598,8.866920270142353,46.97239624204358,11.743099060510895,,,
12046,-0.01531730118414678,-0.22458047858726166,0.5870814072051691,22,0.6603185465468147,-0.5318473317159444,-7.797883377506899,20.384640620977883,-0.1329618329289861,-1.9494708443767248,5.096160155244471,22.9275805731985,5.731895143299625,,,
12060,-0.004224346656767317,-0.1837968422760086,0.6972535580839436,33,0.7817548858230026,-0.1466777646162748,-6.38179395750757,24.210038043790693,-0.0366694411540687,-1.5954484893768925,6.052509510947673,27.144093145546297,6.786023286386574,,,
12066,0.03730219488590495,-0.03340974200051887,0.7607665068297378,67,0.978369519044507,1.2952068108283918,-1.1600530617420162,26.415334650142157,0.32380170270709796,-0.29001326543550404,6.603833662535539,33.970946440263376,8.492736610065844,,,
12073,0.002435245709249009,-0.005321462518976315,0.3839352024531322,39,0.4905680166915796,0.0845566015165441,-0.1847718215838956,13.330998099577656,0.021139150379136024,-0.0461929553959739,3.332749524894414,17.03350267556503,4.258375668891257,,,
12084,0.013217387383235746,-0.12385005622211906,0.6008820306178618,20,0.6858711001983759,0.4589341247207116,-4.300321652144418,20.8638258671134,0.1147335311801779,-1.0750804130361045,5.21595646677835,23.81481634108801,5.953704085272003,,,
12097,0.023369803379186038,0.0189813497847065,0.24100206768565832,26,0.3263794013795,0.8114463129320977,0.6590704272245791,8.368073794181429,0.20286157823302442,0.16476760680614477,2.0920184485453572,11.332545574699,2.83313639367475,,,
12132,-0.001524661969254209,0.002896042271457954,0.3500070909780788,350,0.48571566848262726,-0.05293931289644465,0.10055637974956308,12.152946212940853,-0.013234828224111162,0.02513909493739077,3.038236553235213,16.865019441053786,4.216254860263446,,,
12135,-0.019753525908834155,-0.09256636590149847,0.9144213718949327,263,1.3314258188694708,-0.6858819266065396,-3.21408935683183,31.750538874935852,-0.1714704816516349,-0.8035223392079575,7.937634718733963,46.229767282785765,11.557441820696441,,,
12136,-0.011518410347721015,-0.17448540960942904,0.9451207407722554,29,1.5134347570414206,-0.3999422440935691,-6.058482392458595,32.81648236109425,-0.09998556102339227,-1.5146205981146488,8.204120590273563,52.54948163399221,13.137370408498052,,,
12142,-0.02440589242698216,0.05517138515425526,0.7293624400867513,19,0.9577302187286829,-0.8474213968496745,1.9156608353260511,25.32492264469218,-0.21185534921241864,0.4789152088315128,6.331230661173045,33.25430865469733,8.313577163674333,,,
12156,0.03027653401039696,-0.1751642513060359,0.7653827756669188,121,0.8972071885054766,1.0512618139090033,-6.082053133848179,26.575620736706757,0.2628154534772508,-1.5205132834620447,6.643905184176689,31.15282799928716,7.78820699982179,,,
12164,-0.023347972421096083,-0.17989602058468684,0.7384386912577655,395,0.8701436487046047,-0.8106882984052982,-6.246349626741496,25.640068237852134,-0.20267207460132455,-1.561587406685374,6.4100170594630335,30.213127770321286,7.5532819425803215,,,
12165,-0.01318921395506448,-0.19159969748797503,0.5943470039376643,142,0.6680610192418204,-0.4579558869477489,-6.6527246961774695,20.63691667072358,-0.11448897173693723,-1.6631811740443674,5.159229167680895,23.19641471011449,5.799103677528622,,,
12176,-0.003437754060478008,0.004030281496482771,0.4000146197886214,193,0.4919061377990204,-0.1193656964879174,0.13993943412087478,13.889307628300513,-0.02984142412197935,0.034984858530218696,3.472326907075128,17.079964916657588,4.269991229164397,,,
12183,-0.0014140598867958896,-0.004266930513228506,0.8718280668834862,159,1.1856246248833775,-0.04909898738932688,-0.1481563612803202,30.27161413832841,-0.01227474684733172,-0.03703909032008005,7.567903534582102,41.167258225200634,10.291814556300158,,,
12197,0.05080130513654823,-0.0430752961318222,0.6366651023877858,76,0.7726239592311779,1.7639229169512276,-1.4956604322891305,22.106285685108702,0.4409807292378069,-0.3739151080722826,5.5265714212771755,26.82704911242496,6.70676227810624,,,
12198,-0.03913424041731906,0.08774256296309313,0.9105347749048307,21,1.082776646096244,-1.3588190957701525,3.04659727120452,31.615588454245533,-0.3397047739425381,0.76164931780113,7.903897113561383,37.596170705753785,9.399042676438446,,,
12270,-0.12106236119981124,0.03629058998243887,0.7021295173476629,19,0.8200453227354554,-4.203527305579846,1.2600818653702426,24.379341101345553,-1.0508818263949615,0.31502046634256065,6.094835275336388,28.473613696020482,7.118403424005121,,,
12283,-0.016324117752362855,-0.18043076659952384,0.807964697481228,387,1.0163252078272411,-0.566806016597543,-6.264917077868667,28.0541502259432,-0.14170150414938576,-1.5662292694671667,7.0135375564858,35.288843866177466,8.822210966544366,,,
12294,-0.0813046403803494,-0.04840597434235071,0.6984163033299153,36,0.8749180535146405,-2.8230597232864922,-1.6807522411151012,24.25041088422132,-0.7057649308216231,-0.4201880602787753,6.06260272105533,30.378904654135347,7.594726163533837,,,
12296,0.07560185215618005,-0.16395920639837142,0.9206322695189846,42,1.0482718775164905,2.625047510566884,-5.692991564564252,31.966193662238183,0.656261877641721,-1.423247891141063,7.991548415559546,36.39809613112759,9.099524032781897,,,
12309,-0.03307890854758568,-0.11904554428591325,0.49851917283926406,20,0.5746359089189654,-1.14856586258927,-4.13349938869548,17.309582719324926,-0.2871414656473175,-1.03337484717387,4.327395679831231,19.952508029484317,4.988127007371079,,,
12334,0.02828881463077063,-0.0007430856928310318,0.5866403403058439,44,0.692640153656702,0.9822442216096178,-0.025801421426479086,20.36932589609951,0.24556105540240444,-0.0064503553566197715,5.092331474024878,24.049851415268005,6.012462853817001,,,
12345,0.03866027045414546,0.036557978112542654,2.354337225049535,39,2.942854869128179,1.3423619107088387,1.269366116023706,81.74729712816996,0.3355904776772097,0.3173415290059265,20.43682428204249,102.18180676586863,25.545451691467157,,,
12360,0.022021130725162354,-0.15632785058521065,1.3090333940702668,26,1.6337477673136358,0.7646177010390873,-5.4280156280196845,45.452257508907806,0.19115442525977183,-1.3570039070049211,11.363064377226952,56.726989976664065,14.181747494166016,,,
12364,0.02332554061227462,-0.07113957414060557,1.3424150809281905,222,1.7184649236070693,0.8099094211393993,-2.4701082933101066,46.611336439988634,0.20247735528484984,-0.6175270733275267,11.652834109997158,59.66853907748466,14.917134769371165,,,
12365,0.004688560642116239,0.00714399514915461,0.4237389946433525,24,0.5661331260710245,0.16279620261556005,0.24805379956894638,14.713065372006486,0.04069905065389001,0.062013449892236595,3.6782663430016216,19.657274403438112,4.914318600859528,,,
12394,-0.022033580570949646,-0.06948250285759529,0.5688339694953557,116,0.6565089016784534,-0.7650499845845137,-2.4125714642214238,19.75105308881774,-0.19126249614612842,-0.6031428660553559,4.937763272204435,22.79530208407926,5.698825521019815,,,
12417,-0.026224374488899808,-0.3138238658241279,0.7931452849103264,296,0.9131951387308707,-0.9105627310035792,-10.89659226914537,27.539590582656356,-0.2276406827508948,-2.7241480672863423,6.884897645664089,31.707961607013292,7.926990401753323,,,
12422,0.1462447595524156,-0.15528010090064548,0.8615559904774596,48,1.2150932259677942,5.077910541178974,-5.391635663472212,29.91494710135835,1.2694776352947434,-1.347908915868053,7.478736775339588,42.19046699205375,10.547616748013438,,,
12440,-0.06537646524717192,-0.3318284963013722,1.5021099644044873,22,2.0071575923983085,-2.2700016263123035,-11.521749048576245,52.15626218405261,-0.5675004065780759,-2.8804372621440613,13.039065546013152,69.69252592325407,17.423131480813517,,,
12454,-0.007509213392635524,-0.07985417830531864,0.5265577934413036,337,0.6027523135091047,-0.26073490741909067,-2.772696779117274,18.283139703868944,-0.06518372685477267,-0.6931741947793185,4.570784925967236,20.928765829663135,5.232191457415784,,,
12455,-0.09317357693636005,-0.00795480265322532,0.6440281790889197,26,0.8270856786015618,-3.2351729383842938,-0.2762066577252896,22.36194643432547,-0.8087932345960734,-0.0690516644313224,5.590486608581368,28.71806893240343,7.179517233100857,,,
12457,0.08297282867014563,-0.01432132222486021,0.48677816326417545,61,0.5856818983614275,2.880982557084797,-0.49726495029159623,16.9019113848587,0.7202456392711992,-0.12431623757289906,4.225477846214675,20.336046874905485,5.084011718726371,,,
12468,-0.06890035317192506,-0.15696652614946585,0.9332786911689858,38,1.0321721264010022,-2.392358062835582,-5.450191720961754,32.405302714769526,-0.5980895157088955,-1.3625479302404384,8.101325678692382,35.8390805728956,8.9597701432239,,,
12469,0.00048819421138410863,-0.0051819646168193385,0.32488251756986547,21,0.44714041625120793,0.01695107940767902,-0.17992817542520106,11.28057077506087,0.004237769851919755,-0.044982043856300266,2.8201426937652174,15.525609533074443,3.8814023832686106,,,
12474,0.023256681634205734,-0.17339692456178,0.8911666912981187,20,1.15415428059409,0.8075184997028916,-6.020688014634125,30.943089855253277,0.2018796249257229,-1.5051720036585312,7.735772463813319,40.074544930788,10.018636232697,,,
12475,0.10402836992925173,-0.035359318548902396,0.921622004284886,33,1.0964070525045864,3.6120730606834788,-1.227746258654989,32.000559232779814,0.9030182651708697,-0.30693656466374725,8.000139808194954,38.06944567706425,9.517361419266063,,,
12479,0.03161764394849369,-0.08911993218323591,0.5532067646175086,215,0.648060997435951,1.0978278331795979,-3.0944222852663175,19.208445281049134,0.27445695829489947,-0.7736055713165794,4.802111320262283,22.501973952971092,5.625493488242773,,,
12503,-0.04454241972405812,-0.08834344213691263,0.6000033091831065,21,0.6917226859561417,-1.5466018976587461,-3.0674609978778804,20.833314901455825,-0.38665047441468653,-0.7668652494694701,5.208328725363956,24.017995101769152,6.004498775442288,,,
12540,-0.012202523436379968,-0.17405692860968375,0.4354534202948875,21,0.4738924670469073,-0.4236960187579853,-6.043604675185439,15.119813659479084,-0.10592400468949632,-1.5109011687963598,3.779953414869771,16.454494240802717,4.113623560200679,,,
12542,0.03127083112048133,-0.17849284593315717,0.713706381417073,47,0.7802328013176172,1.085785798165353,-6.197628596491084,24.78131297556361,0.27144644954133823,-1.549407149122771,6.195328243890902,27.091243327350305,6.772810831837576,,,
12543,-0.005926685462827065,-0.0466974220983599,0.977990466489794,152,1.4005687397420155,-0.20578637264028135,-1.6214278900992525,33.95778497745863,-0.05144659316007034,-0.4053569725248131,8.489446244364657,48.630547781322264,12.157636945330566,,,
12549,-0.26685271866914584,0.09261621855601068,0.7248153596424398,30,1.0724743742587626,-9.265660097630082,3.215820340701803,25.167038917504797,-2.3164150244075206,0.8039550851754508,6.291759729376199,37.23845522301276,9.30961380575319,,,
12561,0.06524832390341799,-0.20780330919090337,0.7355809772996794,98,0.8637388756090805,2.2655523025744797,-7.215346501726547,25.54084269379947,0.5663880756436199,-1.8038366254316367,6.385210673449867,29.990741238898494,7.497685309724623,,,
12565,-0.0193929360167512,0.0010454194518944502,0.40588391520325684,28,0.7964281882737365,-0.6733615243736352,0.0362990542086791,14.093101303687485,-0.1683403810934088,0.009074763552169775,3.523275325921871,27.65357955324068,6.91339488831017,,,
12573,0.012805917365169995,-0.05831221181451696,1.2653261958050077,168,1.6524454976727634,0.4446470627534326,-2.024716618623658,43.934656170741476,0.11116176568835814,-0.5061791546559145,10.983664042685369,57.376212570193694,14.344053142548423,,,
12577,0.0034340157370818403,0.06365442569022699,1.040974866553744,51,1.2845196330971724,0.11923589442295567,2.2102089688160613,36.1447293164791,0.029808973605738916,0.5525522422040153,9.036182329119775,44.60109070040002,11.150272675100005,,,
12578,0.08091654253561169,-0.20178170361001832,0.6334494026956509,152,0.718444342567094,2.8095841899215093,-7.0062643127470565,21.99463016039839,0.7023960474803773,-1.7515660781867641,5.498657540099598,24.945824462614638,6.2364561156536595,,,
12589,0.03468507477690553,0.006011527453352983,1.1499513154685201,71,1.4628170359498767,1.2043351664037139,0.20873225623532227,39.928609575697955,0.30108379160092846,0.05218306405883057,9.982152393924489,50.79193312225162,12.697983280562905,,,
12591,0.01160812794558586,0.002823093259459191,0.2767209386888271,21,0.38442581099093076,0.4030574185266323,0.09802344415494203,9.608304433153455,0.10076435463165807,0.024505861038735508,2.4020761082883637,13.348033009227098,3.3370082523067746,,,
12593,-0.0017084127839489117,-0.0006809870901173358,0.13512792210729965,58,0.20988579953446268,-0.059319508684274116,-0.023645233743054134,4.6919117114096585,-0.014829877171068529,-0.005911308435763533,1.1729779278524146,7.287654731435613,1.8219136828589033,,,
12594,0.02276151840654571,-0.19022109627337055,0.6816952463162078,37,0.7774624108632173,0.7903254421120802,-6.604856904803973,23.66982234259137,0.19758136052802006,-1.6512142262009932,5.917455585647843,26.995049829992634,6.748762457498159,,,
12599,-0.11855791758015262,-0.24416809447484175,1.2647002865443941,24,1.4226720641095634,-4.11656801421806,-8.478004576355456,43.912923349394454,-1.029142003554515,-2.119501144088864,10.978230837348613,49.39801941001226,12.349504852503065,,,
12606,-0.20507986499049302,-0.10075696218916619,0.6625037631341956,32,0.7353827800872373,-7.120783072199899,-3.4984832411322286,23.00345566354554,-1.7801957680499747,-0.8746208102830572,5.750863915886385,25.533960890189057,6.383490222547264,,,
12610,-0.015685951621826462,-0.017564711887578143,0.7712450419048038,25,1.0796453235260404,-0.5446476122130585,-0.6098819261604883,26.7791703450186,-0.13616190305326462,-0.15247048154012208,6.69479258625465,37.48744492347117,9.371861230867793,,,
12616,0.01720298575347304,0.026754024038311286,0.5544800285943163,56,0.681647315756427,0.5973220713320909,0.9289532226582445,19.252655552851852,0.14933051783302273,0.23223830566456113,4.813163888212963,23.668158097694658,5.917039524423664,,,
12627,0.021574625007253337,-0.14941055298736983,0.7317626948749829,208,0.911145105872883,0.7491141295018504,-5.187833220827455,25.408264291449157,0.1872785323754626,-1.2969583052068638,6.352066072862289,31.636780366118245,7.909195091529561,,,
12649,-0.029255800629303507,-0.02621962179689987,2.149308886223414,20,2.7273204738417247,-1.0158199094506764,-0.9103977080319574,74.62830314744939,-0.2539549773626691,-0.22759942700798935,18.657075786862347,94.69802149273237,23.67450537318309,,,
12650,0.016031902685064645,-0.15533577019183062,0.6418123331908602,324,0.8031836983986418,0.5566597250308146,-5.393568612600743,22.285007833053047,0.13916493125770366,-1.3483921531501857,5.571251958263262,27.88814437579764,6.97203609394941,,,
12654,0.0023575394251579953,0.01821861569347334,0.38157121491693335,20,0.47564787484451404,0.08185848392033591,0.6325867741087813,13.24891572434576,0.02046462098008398,0.15814669352719532,3.31222893108644,16.515445510351217,4.128861377587804,,,
12658,0.0943289409099932,-0.18948018126697003,0.8065187038288418,71,0.8905087879547484,3.275289486276784,-6.5791308539517335,28.003942434345046,0.818822371569196,-1.6447827134879334,7.000985608586261,30.920246135364774,7.7300615338411935,,,
12659,0.08062484336721557,-0.13471302632923426,0.6150628533159341,90,0.7138775682166418,2.799455811396459,-4.677505700203672,21.356212392835864,0.6998639528491147,-1.169376425050918,5.339053098208966,24.787256923618237,6.196814230904559,,,
12674,-0.07237855294745357,-0.06855426842232851,2.379291473103161,23,2.8554223479080862,-2.513128115441483,-2.3803413081600904,82.61375852908796,-0.6282820288603708,-0.5950853270400226,20.65343963227199,99.14597476406458,24.786493691016144,,,
12675,-0.02576147800060283,-0.13815927488551463,0.6548870955833778,83,0.7441965155385649,-0.8944900391369316,-4.797166342574839,22.738989732846044,-0.2236225097842329,-1.1992915856437099,5.684747433211511,25.83999141253005,6.459997853132513,,,
12685,0.010049911062662792,-0.0864702343005379,0.7491222454579166,179,0.9461190130162387,0.34895301191777744,-3.002419475383277,26.011022606789783,0.08723825297944436,-0.7506048688458192,6.502755651697446,32.85114436994984,8.21278609248746,,,
12696,0.06152994303493077,-0.2848931895841247,1.299185389036788,39,1.6075338118834845,2.1364426820588664,-9.892061328739977,45.11031507813535,0.5341106705147166,-2.4730153321849944,11.277578769533838,55.81678901621835,13.954197254054588,,,
12729,-0.03427759535392839,-0.06484041182333393,0.5594078830924191,46,0.6488007869561312,-1.1901866658791016,-2.2513887793298006,19.423760516734976,-0.2975466664697754,-0.5628471948324502,4.855940129183744,22.52766092469079,5.631915231172697,,,
12741,0.04983371357122068,-0.013176147958820127,0.7099647306766793,19,1.0745675039879123,1.7303262026199244,-0.45750220942615244,24.65139537855566,0.4325815506549811,-0.11437555235653811,6.162848844638915,37.311132873468296,9.327783218367074,,,
12758,-0.010853006135594166,-0.006092808990691118,1.2585342489048255,353,1.6485078705919272,-0.37683807904010064,-0.211554513774777,43.69882619047335,-0.09420951976002516,-0.05288862844369425,10.924706547618337,57.2394902826929,14.309872570673225,,,
12783,0.01797857657237719,-0.1272008289923961,0.7549697325617379,52,0.9703350861572959,0.6242521357460808,-4.416667184273978,26.214059054008665,0.1560630339365202,-1.1041667960684944,6.553514763502166,33.69197486155363,8.422993715388408,,,
12785,0.029569627593918995,0.007925452068084269,0.4689229052116526,25,0.6094894716715104,1.0267166093160554,0.275187546708022,16.281941114759,0.25667915232901384,0.0687968866770055,4.07048527868975,21.162693435378184,5.290673358844546,,,
12786,-0.2629388743606491,0.11048476989225135,2.6494747842321833,22,3.005907227883193,-9.12976359555046,3.8362521801987515,91.99506345810987,-2.282440898887615,0.9590630450496879,22.998765864527467,104.37111076656022,26.092777691640055,,,
12798,0.004023258462358339,-0.011626243210676086,0.41523604637638273,38,0.49560587473862366,0.13969558033000626,-0.40368641676109507,14.417826002280762,0.034923895082501565,-0.10092160419027377,3.6044565005701905,17.20842718267449,4.302106795668623,,,
12802,-0.03870355712300908,-0.019025431344986327,0.26669974683032616,19,0.38338023923616676,-1.3438649104251215,-0.6606010271606153,9.260348609442586,-0.33596622760628037,-0.16515025679015383,2.3150871523606464,13.311728666758183,3.327932166689546,,,
12807,0.050252295318309145,-0.03543990439335529,0.4591151660076849,54,0.5967857366263547,1.7448601980423302,-1.2305443603460824,15.941396794118837,0.43621504951058254,-0.3076360900865206,3.9853491985297094,20.72159434714029,5.180398586785072,,,
12819,0.07880102066785828,-0.18477416637470453,0.7040200259919703,96,0.8648789665838343,2.7361290396293754,-6.415728604862491,24.444983342493195,0.6840322599073438,-1.6039321512156228,6.111245835623299,30.030327477723898,7.507581869430974,,,
12853,-0.006734067226342301,-0.19567888794336274,0.7670990833789422,220,1.028610422052762,-0.23382028223305737,-6.794362347169441,26.63521437308363,-0.05845507055826434,-1.6985905867923603,6.658803593270908,35.715411074516005,8.928852768629001,,,
12857,0.03814977027801904,-0.02128544381812755,0.5411839415645259,28,0.6691770532615828,1.3246363235933771,-0.7390731802530248,18.790988819003466,0.3311590808983443,-0.1847682950632562,4.697747204750867,23.23516564334868,5.80879141083717,,,
12866,0.04201243796263974,-0.1152768409688089,1.0617511011026393,54,1.4382091642524915,1.4587558709387771,-4.002642472118983,36.866121732485844,0.3646889677346943,-1.0006606180297457,9.216530433121461,49.93749860117501,12.484374650293752,,,
12868,0.018002040933373865,-0.0035695323556605048,0.33448824915546493,38,0.432216067341981,0.6250668652886073,-0.12394130245324406,11.614100987176053,0.15626671632215183,-0.030985325613311014,2.9035252467940134,15.007406290248264,3.751851572562066,,,
12874,0.009641083768737449,-0.11834657484589056,0.5553277082570356,84,0.6317759035575345,0.3347577106181017,-4.109229771799012,19.282088686100792,0.08368942765452543,-1.027307442949753,4.820522171525198,21.936522923324716,5.484130730831179,,,
12875,0.010588672106551813,-0.12763151071686013,0.8026054773034416,225,1.0226769706297716,0.36765987288369206,-4.431621315110817,27.8680673829301,0.09191496822092302,-1.1079053287777043,6.967016845732525,35.50938977420693,8.877347443551733,,,
12884,-0.018964232623934305,0.06366628359556412,0.7431855420192056,35,0.928350356177878,-0.658476085168247,2.2106206990051773,25.804888389990857,-0.16461902129206174,0.5526551747512943,6.451222097497714,32.23418106720828,8.05854526680207,,,
12886,0.031164944768056903,-0.11409046784842844,0.6809319329346811,66,0.8236215907809861,1.0821092122364717,-3.9614492246331325,23.643318575358,0.27052730305911793,-0.9903623061582831,5.9108296438395,28.5977888750974,7.14944721877435,,,
12913,0.04478098094591587,-0.0627181759002963,0.5922542027617189,22,0.7030694481334138,1.554885220404091,-2.177700503610088,20.564250428292404,0.38872130510102276,-0.544425125902522,5.141062607073101,24.411977378088395,6.102994344522099,,,
12914,0.06527988545845745,-0.11462715855573025,0.6640937981763199,45,0.7723810952856204,2.2666481828885594,-3.9800841993720657,23.058664860278178,0.5666620457221399,-0.9950210498430164,5.7646662150695445,26.818616390507312,6.704654097626828,,,
12935,0.2807438336631867,-0.06790781679891439,0.9609573910376008,25,1.0737008377282142,9.74798739245317,-2.3578952148919057,33.36636253160758,2.4369968481132926,-0.5894738037229764,8.341590632901895,37.28104048759906,9.320260121899764,,,
12963,0.023461409229279855,-0.3122598481868301,0.7511977232700021,106,0.8765636341158416,0.8146270512590551,-10.842286448743115,26.083087347381014,0.20365676281476378,-2.710571612185779,6.520771836845253,30.436042503770253,7.609010625942563,,,
12966,0.006589646633669011,0.022443977777517166,2.480921331564216,64,2.9824994124818254,0.2288057104142554,0.779299796390951,86.14255047457272,0.05720142760356385,0.19482494909773776,21.53563761864318,103.55834460019395,25.889586150048487,,,
12994,0.00038617001999552013,0.016934811999436552,0.3907317486150849,27,0.4879957064171984,0.013408595434284451,0.5880105422444359,13.56698777541298,0.0033521488585711127,0.14700263556110899,3.391746943853245,16.944186918217962,4.236046729554491,,,
13003,0.18649376499071801,-0.03692166206667113,0.5515864482130001,31,0.7027524787755275,6.475436508007711,-1.281993950278955,19.15218465485179,1.6188591270019277,-0.32049848756973875,4.788046163712948,24.400971568043868,6.100242892010967,,,
13004,-0.0012054897367378367,0.003923590684604258,0.1841935349850374,23,0.31547842521952957,-0.04185701463901117,0.13623491575082905,6.395567921750469,-0.010464253659752792,0.03405872893770726,1.5988919804376172,10.954041880472506,2.7385104701181264,,,
13009,0.08275928967274193,-0.2436003462659424,0.7172202233306016,64,0.837325104190628,2.8735680560169454,-8.458291223046052,24.90332059448515,0.7183920140042364,-2.114572805761513,6.225830148621288,29.073602267706985,7.268400566926746,,,
13019,-0.0027904659554906174,-0.24470205562645903,0.9679526564854156,30,1.1591791053820173,-0.09689055890654522,-8.49654477546191,33.6092521384866,-0.024222639726636304,-2.1241361938654775,8.40231303462165,40.249016897074405,10.062254224268601,,,
13020,-0.08044948266315449,-0.07292059589632818,0.8714931734765039,30,1.0936388373225119,-2.7933669370300502,-2.531948930712307,30.25998596945117,-0.6983417342575126,-0.6329872326780768,7.564996492362792,37.97332770951226,9.493331927378065,,,
13023,-0.0035055431143082147,-0.0020756170413592733,0.06979852074606362,19,0.12036970680930048,-0.12171946801500984,-0.07206957491007669,2.423544237344821,-0.03042986700375246,-0.018017393727519173,0.6058860593362052,4.179476959832532,1.044869239958133,,,
13057,-0.040044188385883216,-0.06356845149946935,0.4289481453390849,20,0.5985507266381073,-1.390414309134637,-2.207223772964575,14.893937502463706,-0.34760357728365926,-0.5518059432411437,3.7234843756159264,20.782878330328362,5.1957195825820905,,,
13060,-0.13112805493698323,-0.08742794088239966,0.5288588210375056,74,0.6657185563295651,-4.553028323521932,-3.035672963318681,18.36303598406427,-1.138257080880483,-0.7589182408296703,4.590758996016067,23.11507971287516,5.77876992821879,,,
13078,-0.047527409279113766,-0.06905326121479695,1.5043086231560203,22,1.7583199998733858,-1.6502467049893883,-2.39766733590018,52.23260401322334,-0.4125616762473471,-0.599416833975045,13.058151003305834,61.05238703560371,15.263096758900927,,,
13080,-0.018386249898286775,-0.08629720455193246,0.9404675442971392,21,1.2088617153005212,-0.6384073689683134,-2.996411536452199,32.654914073085266,-0.15960184224207835,-0.7491028841130497,8.163728518271316,41.9740964786647,10.493524119666175,,,
13093,-0.005870147322640806,0.005524579309759589,0.8097350413958874,327,1.1633833273160779,-0.20382325533673407,0.19182444279347244,28.115620107348,-0.050955813834183517,0.04795611069836811,7.028905026837,40.39499589106886,10.098748972767215,,,
13097,0.022153742097141087,-0.004387103302146755,2.8694119155246955,24,3.2858816966839077,0.7692222330969328,-0.15232900085713966,99.63172053084848,0.1923055582742332,-0.038082250214284914,24.90793013271212,114.09238427225864,28.52309606806466,,,
13101,0.008921831085055081,-0.052258983993121025,0.6075724925742921,21,0.7596417165819667,0.3097838189352825,-1.8145364422091483,21.096132087164573,0.07744595473382063,-0.4536341105522871,5.274033021791143,26.376279683159048,6.594069920789762,,,
13103,-0.07354896617182621,-0.11830109238603093,1.6473523007584356,41,2.094926982936063,-2.55376720341815,-4.107650529827766,57.1993665869344,-0.6384418008545375,-1.0269126324569415,14.2998416467336,72.74005470150598,18.185013675376496,,,
13112,-0.069867535966151,-0.12826257966484048,0.7919807351015185,44,0.9665402892977721,-2.425940583816695,-4.453533291122591,27.499155084194925,-0.6064851459541738,-1.1133833227806478,6.874788771048731,33.56021192499725,8.390052981249312,,,
13134,-0.07434471644531751,0.017635688621645575,0.8180886988457801,29,1.0421177240152737,-2.5813972444143145,0.6123463803207777,28.405675801323177,-0.6453493111035786,0.15308659508019443,7.101418950330794,36.184411613258334,9.046102903314583,,,
13143,-0.0003987453615979865,0.001203122188113853,0.6707101854050056,138,0.9535419978896399,-0.013845236445405288,0.04177480861568921,23.288399057632606,-0.003461309111351322,0.010443702153922303,5.822099764408152,33.10888525072408,8.27722131268102,,,
13161,0.09371588726067978,-0.04957604001829667,0.6093481525605209,33,0.7429438384839301,3.2540030374653233,-1.7213792615152972,21.157786553206407,0.8135007593663308,-0.4303448153788243,5.289446638301602,25.79649595983902,6.449123989959755,,,
13163,0.008633979497170041,0.0022504728987868816,0.3908914985044212,40,0.4718877703084509,0.2997890361007382,0.0781409199916781,13.572534611070513,0.07494725902518455,0.019535229997919526,3.393133652767628,16.384887160650035,4.096221790162509,,,
13182,-0.021910358785639933,-0.04758691310875249,0.5040682031915149,68,0.5924766553851515,-0.7607714777549898,-1.6523127969621039,17.502256151215782,-0.19019286943874744,-0.41307819924052597,4.3755640378039455,20.57197442828323,5.1429936070708075,,,
13195,0.03032096585096839,-0.015989033991663366,0.5342261288204978,132,0.6151504043584407,1.0528045762773246,-0.5551712382585354,18.549399644905325,0.26320114406933115,-0.13879280956463386,4.637349911226331,21.35925234013378,5.339813085033445,,,
13196,-0.03894255945393184,-0.052892507237109025,0.7957652918313197,120,1.0442735801013803,-1.3521635493594213,-1.8365336362868996,27.630562462967085,-0.3380408873398553,-0.4591334090717249,6.907640615741771,36.259267248280125,9.064816812070031,,,
13204,0.032288786134510396,-0.013277983570003352,0.7349228699209617,24,0.8558806200300221,1.12113123216247,-0.46103814551765643,25.51799188939563,0.2802828080406175,-0.11525953637941411,6.379497972348908,29.71788688868243,7.429471722170607,,,
13217,0.000660452699174866,0.009918142654167723,0.39858271535108336,68,0.48073888800674086,0.022932238620749695,0.3443777492380117,13.839589042420316,0.005733059655187424,0.08609443730950292,3.459897260605079,16.692215669370057,4.173053917342514,,,
13219,0.1024264466734435,-0.04319758784122569,1.1196448452185215,29,1.5723496369421601,3.556451081395305,-1.4999066450230385,38.876308315677505,0.8891127703488263,-0.3749766612557596,9.719077078919376,54.59512409390569,13.648781023476422,,,
13229,0.007175531835275706,-0.07422321285779673,0.654754182565044,40,0.7998228006424118,0.24914881638444308,-2.577178396848418,22.73437472702346,0.06228720409611077,-0.6442945992121045,5.683593681755865,27.771447283905825,6.942861820976456,,,
13232,-0.05715045144092879,0.21393401353424613,1.6308210533181644,22,2.3021188125545295,-1.9843779749319295,7.428216817936094,56.625368613313306,-0.49609449373298237,1.8570542044840235,14.156342153328326,79.93416940951838,19.983542352379594,,,
13258,-0.12289194285858739,-0.17974890669381038,0.8335389272493656,26,0.9689089071463584,-4.267054039935871,-6.241241538222484,28.942138631952474,-1.0667635099839679,-1.560310384555621,7.235534657988119,33.64245507393586,8.410613768483964,,,
13269,-0.002815926549136827,-0.0001466558339710366,0.7400814065771365,315,1.2828334449356327,-0.0977746016391289,-0.005092183867142333,25.697106599171335,-0.024443650409782226,-0.0012730459667855832,6.424276649792834,44.54254287505504,11.13563571876376,,,
13279,0.047389298171404574,-0.3341329400177751,0.8588434154683579,69,1.0246361088841311,1.6454512111075097,-11.601763943297188,29.820761071892324,0.4113628027768774,-2.900440985824297,7.455190267973081,35.5774149726748,8.8943537431687,,,
13280,-0.017521234575519407,-0.1377056345474962,0.6386923356089548,286,0.8256804175003856,-0.6083723069311848,-4.781415042758163,22.17667527701413,-0.1520930767327962,-1.1953537606895408,5.5441688192535326,28.66927545644839,7.167318864112097,,,
13281,-0.0698773830700197,-0.22829993533684956,0.6060663005326329,26,0.7207431193524383,-2.426282494957224,-7.9270303547660905,21.04383408709408,-0.606570623739306,-1.9817575886915226,5.26095852177352,25.025642590155364,6.256410647538841,,,
13285,-0.0034162745099333655,-0.2448584387219486,1.4502914798816837,57,1.7744716333785484,-0.11861988353390632,-8.5019747093035,50.357020764451825,-0.02965497088347658,-2.125493677325875,12.589255191112956,61.61320405416996,15.40330101354249,,,
13297,-0.1338871667837554,-0.12227910108920899,0.39656623641519034,19,0.49126835446971223,-4.648830205065555,-4.245774948019514,13.769572860808239,-1.1622075512663887,-1.0614437370048786,3.4423932152020598,17.05781980389735,4.264454950974337,,,
13331,-0.002067826703344403,-0.1458442666945661,0.8228371191528888,26,1.0593487287490113,-0.07179907879352437,-5.064004628168724,28.570550451226605,-0.017949769698381093,-1.266001157042181,7.142637612806651,36.78270655962317,9.195676639905793,,,
13333,-0.09796486850671911,-0.11399487344844772,0.7080428788550039,21,0.8290597799786057,-3.401536164290301,-3.9581299958770018,24.584664839603448,-0.8503840410725753,-0.9895324989692504,6.146166209900862,28.786613680417148,7.196653420104287,,,
13341,0.030917577472819452,-0.16749905944089055,0.6227518187646907,33,0.6876887293015668,1.073520125011237,-5.815902341906602,21.62318865114759,0.26838003125280924,-1.4539755854766505,5.4057971627868975,23.877928058809,5.96948201470225,,,
13361,-0.14705170660603875,-0.11345326048037699,2.025926360813504,45,2.615820964847313,-5.105929356774878,-3.93932411039965,70.3442151001665,-1.2764823391937195,-0.9848310275999125,17.586053775041623,90.8265355414284,22.7066338853571,,,
13363,0.010642729613062821,-0.22894619278030368,0.7215389520203922,24,0.7992524827215249,0.3695368576247673,-7.949469705717704,25.05327549205206,0.09238421440619182,-1.987367426429426,6.263318873013015,27.75164470505679,6.937911176264198,,,
13368,-0.037525981880342195,-0.032593880803775926,0.7762051033035099,22,0.932516970521277,-1.3029771428492418,-1.1317247292687078,26.95139359690447,-0.32574428571231046,-0.28293118231717695,6.737848399226118,32.37885425043978,8.094713562609945,,,
13373,-0.07433151556418856,-0.11573380663819707,0.6838268643783912,46,0.8729536513766976,-2.5809388834197553,-4.0185092340914785,23.7438363849465,-0.6452347208549388,-1.0046273085228696,5.935959096236625,30.310696683101693,7.577674170775423,,,
13389,-0.06014886071294466,-0.5611570079082502,0.7792131871404432,61,0.8060448715537861,-2.0884887416748645,-19.484493628590265,27.05584028389047,-0.5221221854187161,-4.871123407147566,6.763960070972617,27.987490030090562,6.996872507522641,,,
13391,0.0022173517151697357,-0.14310981808919535,0.7058416064615626,275,0.8204780869468199,0.07699088625412356,-4.969059103693041,24.508232259558376,0.01924772156353089,-1.2422647759232603,6.127058064889594,28.488640134967483,7.122160033741871,,,
13407,0.005163871376552974,0.006318311223781491,0.32695994436774917,21,0.4331620172214461,0.17929994193667237,0.21938440231214093,11.352703188336987,0.04482498548416809,0.05484610057803523,2.8381757970842467,15.040251561963052,3.760062890490763,,,
13419,-0.02447182207533304,-0.004041275889548875,1.4828398351628154,38,2.2466644921641317,-0.8497106060997138,-0.14032118143691605,51.48716475652328,-0.21242765152492846,-0.03508029535922901,12.87179118913082,78.00868449692298,19.502171124230745,,,
13421,0.00225544922945744,0.0010860022558361493,2.525940364140148,40,3.068871220122298,0.07831370814522123,0.03770817032714278,87.70570132367422,0.01957842703630531,0.009427042581785694,21.926425330918555,106.55734650508643,26.639336626271607,,,
13437,-0.055441701043109956,-0.07291082774117366,0.567641529515101,53,0.6917614517256423,-1.925046743618864,-2.5316097608290318,19.709649187823338,-0.481261685904716,-0.6329024402072579,4.9274122969558345,24.019341126817753,6.004835281704438,,,
13457,0.014351664559231531,-0.21783234922524217,0.6612266424577865,19,0.7163480817944291,0.4983184968256372,-7.563574829798859,22.959111479419263,0.1245796242064093,-1.8908937074497147,5.739777869854816,24.873038096066168,6.218259524016542,,,
13460,0.03212848297957598,-0.15412290932717962,0.7161941622666325,112,0.8577333120013632,1.1155651860168374,-5.351455657658331,24.867693702222013,0.27889129650420935,-1.3378639144145827,6.216923425555503,29.78221605931133,7.445554014827833,,,
13478,0.032484725515916656,-0.10964728215489193,0.5115303533457037,300,0.6005974053541577,1.1279346393636582,-3.8071729309821576,17.761356928869525,0.28198365984091456,-0.9517932327455394,4.440339232217381,20.853943108707064,5.213485777176766,,,
13480,0.009328439667684277,-0.0897928643397126,0.8313497247065136,167,1.0859890999430095,0.3239020821413335,-3.1177878356035014,28.866125141259566,0.08097552053533337,-0.7794469589008753,7.2165312853148915,37.70771352822118,9.426928382055294,,,
13488,0.018724584389286432,-0.002341953848429057,0.29549348426127575,36,0.39937176627579324,0.6501550191648036,-0.08131732152515372,10.260124760520018,0.1625387547912009,-0.02032933038128843,2.5650311901300045,13.866986468628093,3.4667466171570234,,,
13528,0.10445224629662908,-0.19714450503064346,0.5940569723139147,83,0.6776967157586286,3.626790895911555,-6.845251503674002,20.626846192683747,0.9066977239778887,-1.7113128759185006,5.156711548170937,23.5309853645711,5.882746341142775,,,
13545,0.0921119422057918,-0.02710615678853593,1.3492889872287872,74,1.6977276468245734,3.198310857269503,-0.9411799760115446,46.85001221455795,0.7995777143173758,-0.23529499400288614,11.712503053639487,58.94849935304284,14.73712483826071,,,
13572,0.02650097853876037,-0.0026767588036961183,0.4183284347676266,289,0.5602490351872496,0.9201669768228377,-0.09294241918193663,14.525199912001531,0.23004174420570941,-0.023235604795484158,3.6312999780003827,19.45296699977168,4.86324174994292,,,
13573,-0.043240745068414625,-0.10792147986489405,0.32842041831416763,248,0.394615227127768,-1.5014051502654926,-3.7472496238688513,11.40341376470453,-0.37535128756637315,-0.9368124059672128,2.8508534411761324,13.701829916330361,3.4254574790825902,,,
13582,0.015246937908489275,-0.1013900413550338,0.7812777078879147,239,0.9151488244860793,0.5294041780585647,-3.5204650159294837,27.127524573284177,0.13235104451464116,-0.8801162539823709,6.781881143321044,31.775797483805647,7.943949370951412,,,
13583,-0.053084138301732274,-0.1996168216047541,0.775438945990451,24,0.8633246772063506,-1.843187450112748,-6.931095279760273,26.924791082680443,-0.460796862528187,-1.7327738199400682,6.731197770670111,29.97635944195891,7.494089860489727,,,
13587,0.004253979767002629,-0.023325289414624233,0.9937725200989173,24,1.217225661503765,0.1477066854698653,-0.8099006990545826,34.50576944287461,0.03692667136746632,-0.20247517476364565,8.626442360718652,42.26450941873373,10.566127354683433,,,
13596,-0.019689756278474364,-0.34795358601072524,0.72026802889977,62,0.8112881244125845,-0.6836677175011869,-12.081644413464401,25.009146499457817,-0.17091692937529673,-3.0204111033661003,6.252286624864454,28.16954625585376,7.04238656396344,,,
13606,0.011567569373876442,-0.5727512155693371,0.7562988327891578,26,0.9994460521141951,0.4016491437997378,-19.887067706998522,26.260208072105137,0.10041228594993445,-4.9717669267496305,6.565052018026284,34.70276582150908,8.67569145537727,,,
13617,0.01597136594333835,-0.034363422943236424,0.13052776332859278,19,0.1864115362837526,0.5545577682845942,-1.1931667714350551,4.532184998295398,0.13863944207114856,-0.2982916928587638,1.1330462495738496,6.4725813628444575,1.6181453407111144,,,
13621,-0.028405395142284552,-0.2853800020358591,0.6867262731864657,80,0.7985976289064382,-0.9862921301304043,-9.908964430689101,23.844509657580463,-0.24657303253260107,-2.4772411076722753,5.961127414395116,27.728906870889347,6.932226717722337,,,
13625,0.018755280730306367,-0.37213271371101964,1.0258414412748469,55,1.1582266418821716,0.6512208575176976,-12.921192085474024,35.619266523945235,0.1628052143794244,-3.230298021368506,8.904816630986309,40.21594545943277,10.053986364858192,,,
13635,0.01214229799097412,-0.02759976802925073,0.30240820924554007,56,0.40749126739201075,0.4216048708426034,-0.9583191455116439,10.500217841423643,0.10540121771065085,-0.23957978637791097,2.6250544603559107,14.148911786385398,3.5372279465963494,,,
13641,-0.032869142351901005,-0.0646362258431222,1.6018677726850463,21,1.9610520249248793,-1.1412823607427067,-2.2442990337248894,55.62005280317018,-0.2853205901856767,-0.5610747584312223,13.905013200792546,68.09164840944166,17.022912102360415,,,
13645,0.023013008942380855,-0.060674479392054954,1.3146845799164475,26,1.5980707898541888,0.799057696497348,-2.1067392734509323,45.64847798385889,0.199764424124337,-0.5266848183627331,11.412119495964722,55.488213965317144,13.872053491329286,,,
13648,-0.03073189907099226,-0.23823992536577415,0.8247181380086333,27,0.9383361050936782,-1.0670729995429933,-8.27216668855041,28.635863187935765,-0.2667682498857483,-2.0680416721376025,7.158965796983941,32.58090624106269,8.145226560265673,,,
13688,0.04933139444002421,-0.017716083234806963,0.6243954498671112,24,0.8573091907961047,1.7128846777465208,-0.6151378420789674,21.680258810285835,0.4282211694366302,-0.15378446051974184,5.420064702571459,29.767489722822347,7.441872430705587,,,
13701,0.08018926883598602,-0.13047375918216172,0.6175043119713248,87,0.6904121607314337,2.784331792523107,-4.5303098663230195,21.440984720268343,0.6960829481307768,-1.1325774665807549,5.360246180067086,23.972491044916843,5.993122761229211,,,
13713,0.05997633276224622,-0.1286306031057172,0.6218920242500671,21,0.8475912892011818,2.0824982261707135,-4.466311801036713,21.593334866010828,0.5206245565426784,-1.1165779502591782,5.398333716502707,29.430064743643435,7.357516185910859,,,
13714,0.004358934215376688,-0.1644861576785656,0.6464209640424479,276,0.7316284082627262,0.15135091382630936,-5.711288366915155,22.445028713481875,0.03783772845657734,-1.4278220917287887,5.611257178370469,25.403601591698383,6.350900397924596,,,
13722,0.005283048742006443,-0.1851935360324189,1.5580800260404677,21,1.7421922790710516,0.1834380184199477,-6.430289958117649,54.09965466417712,0.045859504604986924,-1.6075724895294123,13.52491366604428,60.49240031390505,15.123100078476263,,,
13723,0.005343370059946326,-0.00019883768797240996,1.3091600779889216,115,1.8237460094598212,0.18553249522145632,-0.006904042201778019,45.45665622793134,0.04638312380536408,-0.0017260105504445047,11.364164056982835,63.324108940463915,15.831027235115979,,,
13750,0.012865902963377097,0.011677269230564237,0.26085833570032446,39,0.3298202731206633,0.4467298826943796,0.40545814222365145,9.057523132186667,0.1116824706735949,0.10136453555591286,2.2643807830466667,11.452019523295672,2.863004880823918,,,
13756,0.052032762869365236,-0.005194583485681766,1.617812594469408,24,2.001164091877823,1.8066815923500998,-0.18036632778984227,56.173688905166784,0.45167039808752496,-0.04509158194746057,14.043422226291696,69.48441959818177,17.371104899545443,,,
13776,-0.05151056588507225,0.025926485207214606,0.4342385192784998,59,0.5528298921961897,-1.788549868661479,0.9002194193649056,15.07762986638807,-0.44713746716536973,0.2250548548412264,3.7694074665970176,19.1953595168361,4.798839879209025,,,
13788,0.017246121551148536,-0.17066934298698647,0.6746333996694618,254,0.7570285944840821,0.5988198324989795,-5.925980927194145,23.424620903323053,0.14970495812474488,-1.4814952317985361,5.856155225830763,26.2855468576763,6.571386714419075,,,
13802,0.20863159911872226,-0.3161493388056293,0.6956068420269347,19,0.7875295734874134,7.244106384600275,-10.977337342009061,24.152860768859227,1.8110265961500687,-2.7443343355022654,6.038215192214807,27.344601850629967,6.836150462657492,,,
13808,-0.003982936450417502,-0.0017656983269768456,0.3625797114670973,108,0.45547938446683883,-0.1382955194313965,-0.061308577309290034,12.589492741560552,-0.03457387985784913,-0.015327144327322509,3.147373185390138,15.815155187457579,3.9537887968643948,,,
13819,0.006719057012809398,-0.024004191725651935,0.3195882946194143,21,0.3584275545116797,0.23329909759876793,-0.8334735450980866,11.096744765775304,0.058324774399691984,-0.20836838627452164,2.774186191443826,12.445321547754542,3.1113303869386355,,,
13824,-0.007648384303934108,-0.18491095425809476,1.6170398158835835,25,2.0116737742181745,-0.26556719980120014,-6.420478153749566,56.14685648710979,-0.06639179995030003,-1.6051195384373915,14.036714121777447,69.84933678840346,17.462334197100866,,,
13826,0.05093503334386548,-0.19920261217640436,0.7534716851593597,43,0.8549720445569496,1.7685662277656973,-6.916713099989113,26.162043852103288,0.4421415569414243,-1.7291782749972782,6.540510963025822,29.686339331106407,7.421584832776602,,,
13834,-0.04082670845590526,-0.33433211108927424,0.7981469934291998,145,0.8921840890148819,-1.4175849710059425,-11.60867956124178,27.713259905848677,-0.3543962427514856,-2.902169890310445,6.928314976462169,30.97841593877473,7.744603984693683,,,
13842,0.1156291790204124,0.0009903639427653573,0.5856928982584275,21,0.6687961072017901,4.01487635394676,0.034387416820698735,20.33642881332912,1.00371908848669,0.008596854205174684,5.08410720333228,23.221938434260554,5.805484608565139,,,
13854,0.10864581899897387,-0.44954294677236517,0.8736192470108766,38,0.9265873772837206,3.7724001272823706,-15.609030197830064,30.333807494711657,0.9431000318205927,-3.902257549457516,7.583451873677914,32.17296691404535,8.043241728511337,,,
13858,-0.013063247189418488,-0.040277615039891565,0.6411414492772706,171,0.8199872460952117,-0.45358206891098873,-1.398519349415115,22.26171340180539,-0.11339551722774718,-0.3496298373537787,5.565428350451348,28.47159715891794,7.117899289729485,,,
13861,0.06152142314362774,-0.1393087636718254,0.5558527781583167,33,0.6800118778861385,2.1361468543930426,-4.837078892213122,19.300320163213073,0.5340367135982607,-1.2092697230532805,4.825080040803268,23.6113724239625,5.902843105990625,,,
13862,0.0064620842001268655,0.0014177072142917985,0.8304398938799527,262,1.0983087528033024,0.22437648759680504,0.04922562989463983,28.83453399529972,0.05609412189920126,0.012306407473659957,7.20863349882493,38.13547651483627,9.533869128709068,,,
13881,0.05881527589972107,0.08137281739275103,2.3249556172574994,68,2.9162038317945793,2.042184009790115,2.825426965511101,80.7271089424149,0.5105460024475288,0.7063567413777753,20.181777235603725,101.25642944757139,25.314107361892848,,,
13886,0.08903157771858332,0.0023167210477228967,0.4108661978744103,45,0.5050578621175087,3.09135444154465,0.08044118821903443,14.266096122595275,0.7728386103861625,0.020110297054758607,3.566524030648819,17.536619088444137,4.384154772111034,,,
13918,0.10500242859866019,-0.34450460058717125,0.8101525563359856,31,0.9618927685027368,3.6458943258026792,-11.96188874158776,28.130117061098094,0.9114735814506698,-2.99047218539694,7.0325292652745235,33.398840707952026,8.349710176988006,,,
13935,-0.02293436505450962,-0.11400414372884336,0.37196565120813013,253,0.45917574544998857,-0.7963270234226831,-3.9584518785528995,12.915391341248695,-0.19908175585567078,-0.9896129696382249,3.2288478353121737,15.943500233514504,3.985875058378626,,,
13940,-0.26263288007474633,-0.4637848411104225,1.5588260747328813,30,1.978902127507112,-9.119138861955342,-16.10353725303609,54.125558966875104,-2.2797847154888355,-4.025884313259023,13.531389741718776,68.71143967130195,17.177859917825486,,,
13949,0.00010015750113585719,0.0007399129678327838,2.0445881268442796,62,2.727182096467448,0.0034776687544392335,0.02569125806908992,70.99218894028708,0.0008694171886098084,0.00642281451727248,17.74804723507177,94.69321675354273,23.673304188385682,,,
13959,0.035557436295943746,-0.3324494220933597,0.7745075780752645,30,0.8731896033804918,1.2346253030677588,-11.543308833925636,26.892452125929335,0.3086563257669397,-2.885827208481409,6.723113031482334,30.318889408577437,7.579722352144359,,,
13980,0.00507810871731868,-0.0998185508748887,0.6043387180416074,110,0.6877373270066426,0.1763220908827392,-3.4658997234778854,20.983848967840693,0.0440805227206848,-0.8664749308694714,5.245962241960173,23.879615468324644,5.969903867081161,,,
13983,0.13483476197747374,-0.2770783187743954,0.6046148805580004,30,0.6621882142186836,4.6817326053818435,-9.620713384484558,20.99343788273489,1.1704331513454609,-2.4051783461211396,5.248359470683723,22.99249917410113,5.748124793525283,,,
13985,-0.002892298012616768,-0.36509322965203406,0.8020477912708167,258,0.9231492824345786,-0.10042637159407942,-12.676767119977926,27.848703408505298,-0.025106592898519856,-3.1691917799944815,6.962175852126324,32.05358938469344,8.01339734617336,,,
13992,0.11189526065320686,-0.17531430170563247,0.8694811418126055,22,0.9979573785348795,3.8852272404006487,-6.087263183822971,30.190124206017288,0.9713068101001622,-1.5218157959557428,7.547531051504322,34.65107609748809,8.662769024372022,,,
13997,0.09373366110802787,-0.2766042603797838,1.466933951910402,33,1.6522908466207706,3.254620180992944,-9.604253128906853,50.934880678232986,0.813655045248236,-2.4010632822267133,12.733720169558246,57.3708427763664,14.3427106940916,,,
14005,-0.03755042126149713,-0.19810289165651634,0.7941498578213488,31,0.9515327638829799,-1.3038257270417033,-6.878528604097561,27.574471363272874,-0.3259564317604258,-1.7196321510243902,6.8936178408182185,33.03912062754483,8.259780156886208,,,
14006,-0.06637440738890482,-0.08735675952648667,1.1419656396620494,19,1.4627736523059567,-2.304652173357553,-3.03320140427867,39.65133094034568,-0.5761630433393883,-0.7583003510696675,9.91283273508642,50.79042675536743,12.697606688841857,,,
14028,0.04308311879362761,-0.07074978249227998,0.41640365317009187,29,0.5327703413360879,1.495932050752338,-2.4565739476969455,14.458367645371931,0.3739830126880845,-0.6141434869242364,3.6145919113429827,18.498851791871644,4.624712947967911,,,
14030,0.14067913516249872,-0.16640600859625043,0.9258479741961234,27,1.0509460491359772,4.884660931112281,-5.7779494304790076,32.1472933600378,1.2211652327780702,-1.4444873576197519,8.03682334000945,36.4909487180994,9.12273717952485,,,
14048,0.11676333286207434,-0.11702252891710953,0.7080946564054225,38,0.8668080091156244,4.0542564436369455,-4.063256249059878,24.58646265970908,1.0135641109092364,-1.0158140622649694,6.14661566492727,30.09730769251271,7.524326923128178,,,
14049,0.006344890951871982,-0.01202274254588722,0.6915723576631645,22,0.8253412760864204,0.22030730363089895,-0.4174536666782961,24.0127754027804,0.05507682590772474,-0.10436341666957402,6.0031938506951,28.65749978827269,7.164374947068173,,,
14053,0.026359536419076336,-0.19209078798963103,0.8237313547251152,160,0.9807632607341081,0.9152558235431686,-6.669776340575969,28.60160009876545,0.22881395588579215,-1.6674440851439922,7.150400024691362,34.0540619392097,8.513515484802426,,,
14057,0.00508381544413697,-0.07121633334257188,0.5879146317447912,161,0.6829459253161412,0.17652023985132387,-2.472773526320781,20.41357184344264,0.04413005996283097,-0.6181933815801952,5.10339296086066,23.713248418827053,5.928312104706763,,,
14061,-0.02633599500633768,-0.3683461986268709,0.8267347049261912,155,0.9088120824037167,-0.914438418610057,-12.789716708722212,28.70588242444721,-0.22860960465251426,-3.197429177180553,7.176470606111803,31.55577312522185,7.888943281305463,,,
14092,-0.005948418530840627,0.027330324077579463,0.4428678106344253,25,0.5301338921211713,-0.20654098822784825,0.9489635126217142,15.377256120848516,-0.05163524705696206,0.23724087815542855,3.844314030212129,18.40730900223131,4.601827250557828,,,
14099,0.0010476208073706235,-0.019227974304849526,0.27181796541099895,49,0.3874165638648598,0.03637548967352279,-0.6676337238129852,9.438063395000706,0.009093872418380698,-0.1669084309532463,2.3595158487501764,13.451877930515662,3.3629694826289156,,,
14111,0.0028226690254342657,0.014986252926590282,1.169642454033826,19,1.4576958881019968,0.09800871390112857,0.5203526741170678,40.61232528896251,0.024502178475282143,0.13008816852926694,10.153081322240627,50.614116626677536,12.653529156669384,,,
14138,-0.013169280898223818,-0.21959104303898377,0.8472838473274953,55,1.0102135824666656,-0.45726377134812746,-7.624640196399595,29.419389746905292,-0.11431594283703186,-1.9061600490998987,7.354847436726323,35.07663601040756,8.76915900260189,,,
14151,0.132818034485922,-0.10996886241813347,1.3060423125700924,44,1.8657501556339249,4.611707793420184,-3.8183388408824306,45.34840117705875,1.152926948355046,-0.9545847102206076,11.337100294264687,64.78257690392114,16.195644225980285,,,
14166,-0.12318913562945492,-0.31498372562107885,0.9370964809634988,24,1.008629689065089,-4.277373167325934,-10.9368649210151,32.53786401201461,-1.0693432918314836,-2.734216230253775,8.134466003003652,35.021640063718024,8.755410015929506,,,
14172,0.008059696565286874,0.004258527725222796,0.5690837364061586,26,0.6447756128756008,0.2798487841398909,0.14786459967518592,19.75972549549464,0.06996219603497272,0.03696614991879648,4.93993137387366,22.38789883026661,5.596974707566653,,,
14182,-0.02645505782127325,-0.004728736876926006,0.8181562342643226,37,1.0472592600768027,-0.9185725176702498,-0.16419120184062477,28.408020766125812,-0.22964312941756246,-0.04104780046015619,7.102005191531453,36.36293602838674,9.090734007096685,,,
14198,0.0043907174910442085,-0.2755334105368302,0.8743122096714058,241,0.9834491702362052,0.15245449272403702,-9.567071080659819,30.357868544210554,0.038113623181009255,-2.3917677701649547,7.5894671360526385,34.147322088941515,8.536830522235379,,,
14204,0.014756310320938775,-0.21797673734385084,0.5726559882311795,154,0.6441234253414536,0.5123686069636362,-7.568588274053189,19.883761223363013,0.12809215174090904,-1.8921470685132973,4.970940305840753,22.365253574705953,5.591313393676488,,,
14227,0.022818042798572247,-0.010471745642854913,0.3805946584820849,32,0.4524394009149502,0.7922880820520256,-0.3635999522112083,13.215007731814952,0.1980720205130064,-0.09089998805280207,3.303751932953738,15.709600878568901,3.9274002196422253,,,
14234,0.021847214210113465,-0.006853843493269096,0.8904919205517435,40,1.1208144393928643,0.7585789718035597,-0.23797915377328954,30.91966046539764,0.18964474295088993,-0.059494788443322386,7.72991511634941,38.916918964599034,9.729229741149759,,,
14239,0.02874686461507281,-0.16628524523586105,0.8261575432818004,28,1.153854813707272,0.9981486331645582,-5.773756285079568,28.685842217830672,0.24953715829113954,-1.443439071269892,7.171460554457668,40.064146841543895,10.016036710385974,,,
14256,0.15906831166841667,0.02116940608974036,1.7712866993470806,46,2.7045604667317664,5.523169917750764,0.7350441182479648,61.50261677472933,1.380792479437691,0.1837610295619912,15.375654193682333,93.9077485258604,23.4769371314651,,,
14257,0.0022334949455843287,-0.002786584003430408,0.5548822640030724,226,0.8297615175447118,0.07755141150057906,-0.09675576976711062,19.26662197071468,0.019387852875144766,-0.024188942441777654,4.81665549267867,28.810979412187486,7.202744853046871,,,
14260,0.028177579326171362,-0.3618937644725375,0.8085946194443824,236,0.899760271221292,0.978381909363322,-12.565675290015449,28.076022376347847,0.2445954773408305,-3.141418822503862,7.019005594086962,31.2414761373457,7.810369034336425,,,
14263,0.05903971329186933,0.10117752296259712,1.6376244370128399,22,2.3980502932396064,2.049976924920287,3.5130859523072973,56.86159570195983,0.5124942312300718,0.8782714880768243,14.215398925489957,83.26510228186562,20.816275570466406,,,
14264,0.10644710225352716,-0.16262390877161556,0.6444454875366941,36,0.8414045109466272,3.69605628444697,-5.6466273603680355,22.376436218249093,0.9240140711117425,-1.4116568400920089,5.594109054562273,29.21524742908879,7.303811857272198,,,
14267,0.10572056641061829,-0.03424318830320772,0.5216480712572463,41,0.6090958227380965,3.6708295069094885,-1.1889919842639785,18.112664330194107,0.9177073767273721,-0.2972479960659946,4.528166082548527,21.149025157112188,5.287256289278047,,,
14270,-0.023906522996723693,-0.20759656588292252,0.6279175396576783,110,0.725332236174525,-0.8300822914922401,-7.208167960586836,21.802552811993905,-0.20752057287306003,-1.802041990146709,5.450638202998476,25.18498590445186,6.296246476112965,,,
14271,-0.058198909956452057,0.013276145473848932,0.5669103995148217,22,0.6463542677914527,-2.0207825515079283,0.46097432314298264,19.68426289195364,-0.5051956378769821,0.11524358078574566,4.92106572298841,22.44271288625482,5.610678221563705,,,
14272,0.13516243747941953,-0.2217786917761457,1.5116147142902094,27,1.9870964005455596,4.693110154160405,-7.700599735851331,52.486286109584654,1.1732775385401013,-1.9251499339628328,13.121571527396164,68.99596121974292,17.24899030493573,,,
14291,0.08729895914345062,-0.09308521970066044,1.4703519140679489,33,1.9489714201493076,3.0311944593788924,-3.232104998446332,51.05355916026732,0.7577986148447231,-0.808026249611583,12.76338979006683,67.67218565042425,16.918046412606063,,,
14301,-0.028493134558450112,0.012419696701204685,0.4814652782589368,24,0.5897319430512337,-0.9893386181385049,0.4312367088592291,16.717437391706806,-0.24733465453462622,0.10780917721480728,4.1793593479267015,20.476672526624935,5.119168131656234,,,
14305,-0.09984982675573478,-0.051951190758651525,1.2691222800493784,35,1.5648104344189946,-3.4669856846126232,-1.8038492455218984,44.06646380787452,-0.8667464211531558,-0.4509623113804746,11.01661595196863,54.33334790389633,13.583336975974083,,,
14306,0.16010729270727175,-0.29902739764371766,0.7740536162542978,64,0.8558948296157569,5.55924541738189,-10.382829300985165,26.87668966358173,1.3898113543454724,-2.595707325246291,6.719172415895432,29.718380273918314,7.429595068479578,,,
14312,-0.031452551083939934,-0.22270775016246624,1.5553037091207333,118,1.9134863745048354,-1.0920954787365624,-7.732858501141153,54.0032553880901,-0.2730238696841406,-1.9332146252852882,13.500813847022526,66.44007389555689,16.610018473889223,,,
14318,0.009163884428708115,-0.011500640472713713,0.5307753118072871,25,0.674865851050948,0.3181883951336032,-0.39932523849356555,18.429580376572623,0.0795470987834008,-0.09983130962339139,4.607395094143156,23.432692080191018,5.858173020047754,,,
14345,0.0009040206499530394,0.017087964824327173,0.1314233095572106,31,0.1850018762661636,0.03138940500766944,0.5933283146302881,4.563280154445467,0.00784735125191736,0.14833207865757203,1.1408200386113667,6.423635147713733,1.6059087869284332,,,
14350,-0.021468359424218066,-0.2604317413291364,0.7066034968233776,123,0.7969752642884095,-0.7454243759276997,-9.042710922430274,24.53468661670132,-0.18635609398192493,-2.2606777306075685,6.13367165417533,27.672575126622156,6.918143781655539,,,
14353,-0.09145695614122792,-0.018021378469024102,0.46889147844028306,21,0.5974072755336838,-3.175568431135716,-0.6257383032014548,16.280849914403507,-0.793892107783929,-0.1564345758003637,4.070212478600877,20.74317542108057,5.185793855270142,,,
14356,0.03771898309154368,-0.3267926895407865,0.7738271849882714,191,0.8778799019886923,1.3096785309045798,-11.346895766235189,26.86882751716276,0.32741963272614494,-2.8367239415587973,6.71720687929069,30.481745956851373,7.620436489212843,,,
14368,0.03849836475981261,-0.08689481404621802,1.118074636607536,37,1.3362710969521505,1.3367402211902135,-3.0171617333127823,38.82178753228687,0.3341850552975534,-0.7542904333281956,9.705446883071717,46.39800502837257,11.599501257093143,,,
14372,-0.013228431087273597,-0.20675111080901085,0.7784475183266407,225,0.9021115921708481,-0.45931758421231383,-7.1788120695104745,27.02925473133762,-0.11482939605307846,-1.7947030173776186,6.757313682834405,31.32311870335619,7.8307796758390475,,,
14387,0.016974818401771997,-0.01947037940739979,0.9888207078552042,134,1.3146706533707313,0.5893996445463273,-0.6760505137837356,34.3338326181484,0.14734991113658183,-0.1690126284459339,8.5834581545371,45.647994426338535,11.411998606584634,,,
14390,-0.01379625852016674,0.020593209248924806,1.0548750858890483,49,1.4345847921271577,-0.4790336883372296,0.7150374115411672,36.627372732239536,-0.1197584220843074,0.1787593528852918,9.156843183059884,49.811653152239174,12.452913288059793,,,
14402,0.004901490434313524,-0.007446814368644886,0.5048654026420888,225,0.6974151300408338,0.17018955086023418,-0.2585682885080877,17.529936510538608,0.042547387715058546,-0.06464207212702193,4.382484127634652,24.215648145277832,6.053912036319458,,,
14404,0.046289892626930895,-0.244636653523642,1.260332188176734,170,1.6541940125811896,1.6072776517922946,-8.494273883647898,43.761254237872556,0.40181941294807366,-2.1235684709119744,10.940313559468139,57.436924504844065,14.359231126211016,,,
14411,-0.08846657756281445,-0.15030168588960408,1.4572244858423402,25,1.8059518720991832,-3.0717365061360433,-5.218775137458833,50.59774859741774,-0.7679341265340108,-1.3046937843647082,12.649437149354435,62.70626090302784,15.67656522575696,,,
14423,0.06237752210381219,-0.12849090857304557,0.8616696422584883,31,1.0559839105028215,2.165872322488567,-4.461461327473288,29.918893318499233,0.5414680806221418,-1.115365331868322,7.479723329624808,36.66587334047897,9.166468335119742,,,
14427,-0.0746436473212229,-0.21983552631151887,0.8939326986947669,33,1.1390128063017955,-2.5917767222875017,-7.633129144588558,31.0391311640797,-0.6479441805718754,-1.9082822861471396,7.759782791019925,39.54880266041094,9.887200665102736,,,
14430,0.012487027775023307,-0.0717668815833008,0.5177753883366026,20,0.5702069231551447,0.4335745784043593,-2.4918896623353706,17.978197033823516,0.10839364460108983,-0.6229724155838426,4.494549258455879,19.798724785792935,4.949681196448234,,,
14447,-0.048322070918773295,-0.2671445642219884,0.6318710564510875,42,0.7139225000874234,-1.6778389464416463,-9.27579355891588,21.939826822094663,-0.4194597366104116,-2.31894838972897,5.484956705523666,24.78881704803552,6.19720426200888,,,
14451,-0.034345898779860745,-0.29416421906584617,0.9881627974357089,217,1.163083033927557,-1.1925582974343247,-10.21397001440431,34.310988652562685,-0.2981395743585812,-2.5534925036010776,8.577747163140671,40.384569104032636,10.096142276008159,,,
14456,0.06532781925512925,-0.17594713901143352,0.824159854920392,102,1.0460778674412377,2.2683125401765976,-6.109236560754995,28.61647848254585,0.5670781350441494,-1.5273091401887489,7.154119620636463,36.32191571329466,9.080478928323664,,,
14462,-0.03501235735762757,-0.33864362122097175,0.5686330242511198,26,0.635789264597476,-1.2156990721715444,-11.75838381603458,19.744075868047382,-0.3039247680428861,-2.939595954008645,4.9360189670118455,22.07587484535356,5.51896871133839,,,
14463,0.08440773690950089,-0.2298734414143252,0.7593676428154181,34,0.9207799441594232,2.93080544097169,-7.9816656327882,26.36676329383695,0.7327013602429225,-1.99541640819705,6.5916908234592375,31.971321221103494,7.992830305275874,,,
14469,-0.037082476057870344,-0.2287559344253769,1.1347042487046117,35,1.3417126469364808,-1.287577733681374,-7.9428635551179365,39.39920092352153,-0.3218944334203435,-1.9857158887794841,9.849800230880383,46.58694652692849,11.646736631732123,,,
14474,-0.12985747358809854,-0.09713296474793962,1.2243946524806926,33,1.3979266682058789,-4.508911197925958,-3.3726508019779593,42.51343112343461,-1.1272277994814894,-0.8431627004944898,10.628357780858652,48.53880977344453,12.134702443361132,,,
14476,-0.05569796448078929,-0.14313995802194335,1.14362556722137,144,1.4216142040315634,-1.933944722701966,-4.970105622437917,39.70896694506041,-0.4834861806754915,-1.2425264056094794,9.927241736265103,49.36128839238395,12.340322098095987,,,
14477,0.01066499419328446,-0.009835148135844796,0.32847752931044616,81,0.4183973554336481,0.37030992837922305,-0.341496013572803,11.405396772717312,0.09257748209480576,-0.08537400339320075,2.851349193179328,14.52759297536713,3.6318982438417824,,,
14493,-0.0895485390679379,-0.18100475645985173,0.6730494668167333,22,0.7785666213536512,-3.10930437351694,-6.284847153798972,23.369623586810615,-0.777326093379235,-1.571211788449743,5.842405896702654,27.033390226641476,6.758347556660369,,,
14507,0.01672368465817741,-0.05353304668318814,1.9919114614056213,38,2.57938662665932,0.5806797787012361,-1.8587744469336587,69.16314976292598,0.14516994467530903,-0.46469361173341467,17.290787440731496,89.56146245086491,22.390365612716227,,,
14509,0.02023557914884465,0.020545417779709398,0.3395034107981305,30,0.40238300345214556,0.7026197792061839,0.7133779961470698,11.788237429732687,0.17565494480154598,0.17834449903676744,2.947059357433172,13.971542645865398,3.4928856614663495,,,
14513,-0.014485939050584156,-0.013293087167656531,0.40594866910415484,19,0.4970034984611358,-0.502980775714383,-0.4615625726353701,14.095349688634466,-0.12574519392859576,-0.11539064315884252,3.5238374221586164,17.256955473567558,4.3142388683918895,,,
14516,-0.003498860295903363,-0.10726636548697516,0.6170067539174353,21,0.6888623717215018,-0.12148742719435657,-3.7245027424387516,21.42370850952119,-0.030371856798589142,-0.9311256856096879,5.355927127380298,23.918679270913987,5.979669817728497,,,
14552,0.02441672025298242,-0.021178074376675297,0.9489804938826293,41,1.2239036797327294,0.8477973606240556,-0.7353450985069196,32.95050070859266,0.2119493401560139,-0.1838362746267299,8.237625177148164,42.49638356767983,10.624095891919957,,,
14554,-0.10525008814467558,-0.2363785253302105,1.2407468382279379,38,1.5517961631936605,-3.6544935605594255,-8.20753515651557,43.08121171695046,-0.9136233901398564,-2.0518837891288926,10.770302929237616,53.88146637841028,13.47036659460257,,,
14569,-0.011466225597982166,-0.32452607986643117,0.8862745469303658,19,0.9769215066835667,-0.39813028521313676,-11.268194545122224,30.773224818516162,-0.09953257130328419,-2.817048636280556,7.693306204629041,33.920668555066804,8.480167138766701,,,
14583,-0.04704001522990596,-0.06849307180866349,0.6674988095186646,76,0.7481247192958318,-1.6333234088127948,-2.3782164393404135,23.176893664107073,-0.4083308522031987,-0.5945541098351034,5.794223416026768,25.97638650338987,6.494096625847468,,,
14588,0.06509047008993438,-0.10047960491229398,0.7570183540642869,58,1.0932410760494795,2.2600713024627015,-3.488852841764672,26.28519128982017,0.5650178256156754,-0.872213210441168,6.571297822455042,37.95951664259003,9.489879160647508,,,
14595,0.01801676088610244,0.005517182937090581,0.581005843118561,56,0.7677975577849018,0.625577971487249,0.19156762594165916,20.173684884762675,0.15639449287181226,0.04789190648541479,5.043421221190669,26.659466801407362,6.6648667003518405,,,
14617,-0.017270274676146218,-0.04313829704209285,1.0022019810585872,72,1.5828147944339457,-0.599658477305149,-1.497847949895548,34.79845718631626,-0.14991461932628725,-0.374461987473887,8.699614296579066,54.95849529233546,13.739623823083866,,,
14675,-0.161167617637737,-0.15395694340217214,2.046711443013517,27,2.674030765782517,-5.596062019617504,-5.345692988810221,71.06591472431535,-1.399015504904376,-1.3364232472025552,17.766478681078837,92.84769624950056,23.21192406237514,,,
14677,0.018904379769021176,-0.06825029714457051,1.186145943266085,193,1.5250095315006285,0.6563978743399533,-2.3697868174537775,41.18535944208501,0.16409946858498833,-0.5924467043634444,10.296339860521252,52.95138095276482,13.237845238191206,,,
14688,0.023762371288145928,-0.23390626411034546,0.7737988257569055,201,0.931953764206761,0.825077055867003,-8.121693302439414,26.867842827931273,0.20626926396675074,-2.0304233256098536,6.716960706982818,32.359298600787156,8.089824650196789,,,
14698,0.09602955210064512,-0.21133686690850587,1.5992763217089176,43,2.0867747043828033,3.3343381080386,-7.338038692797141,55.53007244237704,0.83358452700965,-1.8345096731992852,13.88251811059426,72.4569912855797,18.114247821394926,,,
14700,-0.05234378834240105,-0.018810609413758596,0.2840312464971987,19,0.39024404278988795,-1.8174810188248491,-0.653141980064526,9.862132940875734,-0.4543702547062123,-0.1632854950161315,2.4655332352189334,13.55005365375049,3.3875134134376226,,,
14705,-0.024567707916842988,-0.08184127051265402,0.8066269195551629,38,0.9747891006850861,-0.8530399542886222,-2.841692594740373,28.007699900794364,-0.21325998857215556,-0.7104231486850933,7.001924975198591,33.84662715398756,8.46165678849689,,,
14714,0.020867943745837086,0.006221386505791695,0.2653602744031085,75,0.32895157149111653,0.7245767427429554,0.21601898225409924,9.213839447824734,0.18114418568573884,0.05400474556352481,2.3034598619561835,11.42185646531455,2.8554641163286374,,,
14716,0.06754169955144303,-0.030936223768983265,1.8764891882550723,58,2.3947562250183485,2.3451828918252047,-1.0741675617066369,65.15545759459262,0.5862957229563012,-0.2685418904266592,16.288864398648155,83.1507256450871,20.787681411271777,,,
14754,-0.000562735856271603,0.001762013332654415,0.380526645017812,193,0.4752734323659392,-0.019539314401462598,0.061180626936426605,13.212646168308469,-0.0048848286003656495,0.015295156734106651,3.303161542077117,16.502444118610143,4.125611029652536,,,
14762,0.02387367517051232,-0.1746505775425204,0.606160336453974,79,0.6808454810608695,0.8289417492705288,-6.064217353431394,21.047099202354886,0.2072354373176322,-1.5160543383578484,5.2617748005887215,23.640316793395513,5.910079198348878,,,
14770,-0.19248545133649186,-0.05912183313159858,0.6655829122988526,19,0.7450088042465198,-6.683479841305671,-2.052828289995366,23.11036988084076,-1.6708699603264177,-0.5132070724988415,5.77759247021019,25.86819570104766,6.467048925261915,,,
14774,-0.042567460982319553,0.005151297472088036,0.7234496577587176,39,0.8886168926749991,-1.4780273802280997,0.1788633508258408,25.119619016698195,-0.3695068450570249,0.0447158377064602,6.279904754174549,30.85455574746132,7.71363893686533,,,
14776,-0.004302096383506893,-0.0023947280710380882,0.2829451077451749,80,0.34223252874467025,-0.14937739062812636,-0.0831497480825845,9.824420031127962,-0.03734434765703159,-0.020787437020646126,2.4561050077819906,11.882997863072442,2.9707494657681104,,,
14792,0.012867728506782033,-0.014071772908102017,0.2788878551760837,29,0.3788085185265388,0.4467932692124858,-0.48860009891511824,9.683544107423979,0.11169831730312145,-0.12215002472877956,2.4208860268559946,13.15298938027848,3.28824734506962,,,
14815,0.01324746150128488,-0.039703206110869506,0.717226868293046,19,0.8490663147348861,0.45997835824761363,-1.378574722581611,24.903551320871145,0.11499458956190341,-0.34464368064540274,6.225887830217786,29.481280580224716,7.370320145056179,,,
14829,0.004998419427559123,-0.0007445073047500428,0.2020760776301978,190,0.2633299969600728,0.17355511936370788,-0.025850782635530988,7.016485567475728,0.04338877984092697,-0.006462695658882747,1.754121391868932,9.143344154447648,2.285836038611912,,,
14846,0.2267984905074749,-0.16392578341569525,1.9102906027472422,28,2.801958558751459,7.874897187400543,-5.69183105175977,66.32911030858975,1.9687242968501357,-1.4229577629399426,16.582277577147437,97.28960507696816,24.32240126924204,,,
14858,-0.04495425709160949,-0.1264288003603518,0.9007909157687882,69,1.0150789836881713,-1.5609017147348647,-4.389860806112136,31.277262177323866,-0.3902254286837162,-1.097465201528034,7.8193155443309665,35.24557247162068,8.81139311790517,,,
14859,-0.08178766588602684,-0.16299410971542103,1.0929358155791828,25,1.2219435502826888,-2.8398313348946242,-5.659481477538849,37.94891738854039,-0.7099578337236561,-1.4148703693847122,9.487229347135097,42.42832395291552,10.60708098822888,,,
14864,0.06898941837797554,-0.10430739252503692,0.5350933505498457,103,0.766522067559758,2.3954505849200665,-3.6217612832543318,18.579511317791745,0.5988626462300166,-0.9054403208135829,4.644877829447936,26.61517922980992,6.65379480745248,,,
14865,0.006724564691647251,0.018369273239538724,0.37285795638809505,31,0.4618979675846649,0.23349033522337587,0.6378179054232636,12.946373961707437,0.05837258380584397,0.1594544763558159,3.236593490426859,16.038021230474737,4.009505307618684,,,
14872,0.10260809129881068,-0.20676340041969182,1.0645133964323146,30,1.3382258524904325,3.5627581460773046,-7.17923878937254,36.962034150922825,0.8906895365193261,-1.794809697343135,9.240508537730706,46.4658780501728,11.6164695125432,,,
14873,0.09313882160991398,-0.16661620798467083,0.46054488616486317,25,0.49337681404355704,3.2339661639394333,-5.785247973643741,15.991039537416379,0.8084915409848583,-1.4463119934109352,3.9977598843540947,17.131029737220388,4.282757434305097,,,
14879,-0.03214082510421025,0.04520839889833047,0.8381072621695212,99,1.0761986334949583,-1.1159937292683884,1.5697260265478306,29.100760357050117,-0.2789984323170971,0.39243150663695764,7.275190089262529,37.36776895221194,9.341942238052985,,,
14889,0.03577535189845837,-0.11423753426391996,0.4955605538354408,22,0.5593066868301986,1.2421917686182715,-3.9665556647118287,17.206853550274175,0.3105479421545679,-0.9916389161779572,4.301713387568544,19.420246780118156,4.855061695029539,,,
14897,-0.04655104884403853,-0.1409418433622256,0.6567695127097628,45,1.0621973502515065,-1.616345517962706,-4.893782685223197,22.804351020308385,-0.4040863794906765,-1.2234456713057993,5.701087755077096,36.88161639543281,9.220404098858202,,,
14931,-0.015326658056095283,-0.10724651197394494,1.1263300458074172,29,1.4697027643780802,-0.5321722210237404,-3.7238133887593166,39.10843185052514,-0.1330430552559351,-0.9309533471898291,9.777107962631286,51.03101938473571,12.757754846183927,,,
14941,0.053847616383509836,-0.15120554457284313,1.0140128660000345,26,1.2578149811536548,1.8696969360682285,-5.25015891865826,35.2085547332532,0.4674242340170571,-1.312539729664565,8.8021386833133,43.6738517756172,10.9184629439043,,,
14953,0.011564021335064194,-0.26084099872351707,0.9005695303688812,177,1.1000270148029707,0.401525948796099,-9.05692115767796,31.269575233468295,0.10038148719902475,-2.26423028941949,7.817393808367074,38.19513800798875,9.548784501997188,,,
14973,0.03902339369170704,-0.20561052711684438,1.223524624045527,19,1.5084289179099117,1.354970275763452,-7.1392087225510705,42.483221996108796,0.338742568940863,-1.7848021806377676,10.620805499027199,52.375668887667956,13.093917221916989,,,
14979,-0.06939470628770869,-0.013000865594836113,1.5434219168504193,125,2.1779251565307463,-2.409522991721821,-0.45141605518389954,53.59069579688026,-0.6023807479304553,-0.11285401379597489,13.397673949220065,75.62191728506058,18.905479321265144,,,
14981,0.0163764855181548,0.01852401494834692,0.30378860843132505,29,0.38700657324663945,0.568624330161371,0.6431908470365018,10.54814806195247,0.14215608254034276,0.16079771175912544,2.6370370154881173,13.437642236269815,3.3594105590674537,,,
14996,0.016821774516606693,-0.10529467519583048,0.6156032206969096,178,0.6887784746049903,0.5840856547656176,-3.656041712149626,21.374975029038097,0.1460214136914044,-0.9140104280374065,5.343743757259524,23.915766195234475,5.978941548808619,,,
14997,0.0696902435373382,-0.008055682598348933,1.0225092186218496,37,1.2259378475863885,2.419784636103457,-0.27970941117987164,35.50356508898786,0.6049461590258642,-0.06992735279496791,8.875891272246966,42.56701394389458,10.641753485973645,,,
15008,-0.04951175983146347,-0.05514661292614304,0.8056336370030002,62,0.9496457981948416,-1.7191473248680746,-1.9148006940215387,27.973211144018173,-0.42978683121701866,-0.4787001735053847,6.993302786004543,32.97360140492129,8.243400351230322,,,
15039,0.026285207114016947,-0.12111835286055178,0.8373142282082701,58,1.0205869586340097,0.9126749614128965,-4.205471448024079,29.073224631847555,0.22816874035322413,-1.0513678620060198,7.268306157961889,35.43682037769009,8.859205094422522,,,
15068,0.02994865790253698,-0.05525132890371478,0.27897022816242467,23,0.3087067994526582,1.039877299691889,-1.9184366421947847,9.68640426225571,0.25996932492297226,-0.4796091605486962,2.4216010655639275,10.7189174905952,2.6797293726488,,,
15079,-0.08575475945953351,-0.36075675714564187,0.7498804937776605,39,0.8812824084517642,-2.9775767579539227,-12.526196121610978,26.03735050494793,-0.7443941894884807,-3.1315490304027445,6.509337626236983,30.59988778626216,7.64997194656554,,,
15086,-0.11482863752767021,-0.18385502811069543,0.5148014499067689,24,0.5615179390681038,-3.9870799522357654,-6.383814286059567,17.87493594366283,-0.9967699880589413,-1.5959535715148918,4.468733985915708,19.4970258803227,4.874256470080675,,,
15125,0.12847822188940655,-0.2872151249828061,0.9200289952054787,20,1.026636434976332,4.4610208204439745,-9.972683569652993,31.94524677152463,1.1152552051109936,-2.4931708924132483,7.9863116928811575,35.6468702952482,8.91171757381205,,,
15132,0.000698482828753191,-0.014438295683033482,2.1342314130320363,164,2.6361781824067236,0.0242527207799683,-0.5013265027062886,74.10478312329838,0.006063180194992075,-0.12533162567657216,18.526195780824594,91.53337884952626,22.883344712381565,,,
15155,5.1390108728947416e-05,-0.003838798735597424,0.37797675236147144,166,0.4647916419445828,0.0017843673552865123,-0.13329076969741377,13.124108795495012,0.00044609183882162807,-0.03332269242435344,3.281027198873753,16.138495391599804,4.034623847899951,,,
15163,-0.10674032508855005,-0.2506991565144562,0.7224440341000004,23,0.8156692006478837,-3.706237567724635,-8.704776112494947,25.084701752020212,-0.9265593919311588,-2.176194028123737,6.271175438005053,28.32166598489582,7.080416496223955,,,
15171,0.0008755430484521333,-0.0028431694371187383,0.7264911260106576,83,0.9638716496973365,0.03040060572835497,-0.09872052919563684,25.225224877342054,0.007600151432088743,-0.02468013229890921,6.3063062193355135,33.46755142079092,8.36688785519773,,,
15172,0.023072148786584413,-0.026325314125586967,0.5031602689482868,163,0.5866959975975592,0.801111150167784,-0.9140675570686307,17.470730858422414,0.200277787541946,-0.22851688926715769,4.367682714605603,20.37125842858245,5.092814607145613,,,
15177,0.006991368360523135,-0.38730671295591607,0.7676142202045367,30,0.8688369990431211,0.24275429221408432,-13.448063687255319,26.653100953941927,0.06068857305352108,-3.3620159218138297,6.663275238485482,30.16775828077525,7.541939570193812,,,
15178,-0.30254770977555023,-0.22801663546896236,1.022903775418845,25,1.169969777275008,-10.505061578826655,-7.917193616753312,35.51726489009314,-2.626265394706664,-1.979298404188328,8.879316222523284,40.62369060654283,10.155922651635708,,,
15188,0.18809408273469985,-0.0601924571098783,0.5676004931443078,26,0.6921712537471653,6.531002740714248,-2.0900024957691943,19.708224322956656,1.632750685178562,-0.5225006239422986,4.927056080739164,24.033570272609072,6.008392568152268,,,
15210,0.16011828677143772,-0.16885614342009855,0.603650376880738,28,0.6979261160946737,5.5596271532778605,-5.863023011832662,20.959948386052986,1.3899067883194651,-1.4657557529581655,5.2399870965132465,24.23339060303926,6.058347650759815,,,
15214,0.04845659174302419,-0.187774484053611,0.6140634216846588,40,0.6765604071132008,1.6825097785012861,-6.519905635309481,21.321510127734722,0.42062744462532153,-1.6299764088273703,5.330377531933681,23.491530455784556,5.872882613946139,,,
15224,0.00034059360631371894,-0.09116834251817554,0.5043113580301523,42,0.568169003170469,0.011826091198424949,-3.1655471889160913,17.51069897352295,0.002956522799606237,-0.7913867972290228,4.377674743380737,19.727964128085027,4.931991032021257,,,
15257,0.13830484368086327,-0.07294033147624239,1.6462520889209085,21,2.072334247554344,4.802220782286934,-2.532634189518088,57.161165031511786,1.2005551955717335,-0.633158547379522,14.290291257877946,71.95558974358192,17.98889743589548,,,
15258,0.12793594495300406,-0.16841476853349657,1.0291046102344403,34,1.1873218803034404,4.442191880658207,-5.847697593020068,35.73257027656024,1.1105479701645518,-1.461924398255017,8.93314256914006,41.22619032789606,10.306547581974016,,,
15262,-0.0038932470740518144,0.0027555183839368534,1.5751587536347667,156,2.0024602122206505,-0.1351813249052271,0.09567710932705543,54.69266224370637,-0.03379533122630678,0.02391927733176386,13.673165560926593,69.52942348872543,17.382355872181357,,,
15264,0.02529422269924808,-0.25683855278326506,0.7116205175910717,32,0.7985411344635827,0.878266000563292,-8.91794822974053,24.70888761179719,0.219566500140823,-2.2294870574351324,6.177221902949298,27.726945270844517,6.931736317711129,,,
15276,-0.1348709365514537,-0.2687959177845215,2.477959506648602,20,2.9495831056255573,-4.682988658939576,-9.333131857314156,86.03970998985277,-1.170747164734894,-2.333282964328539,21.50992749746319,102.4154245935306,25.60385614838265,,,
15286,0.030245116572940402,-0.028155985785901304,0.9303587446890504,61,1.2904297266044815,1.0501709376456367,-0.9776321384580651,32.30391633309321,0.2625427344114092,-0.24440803461451627,8.075979083273303,44.80630096716081,11.201575241790202,,,
15308,0.04753028890598224,-0.04052011002868052,0.986131865396579,59,1.3781312737305558,1.6503466913935154,-1.406939260415845,34.24047063030002,0.41258667284837885,-0.35173481510396126,8.560117657575004,47.85147408647236,11.96286852161809,,,
15326,0.010708063070315419,0.02630454090400589,0.6786050776415318,153,0.9053510816241197,0.37180536592749197,0.9133462692688925,23.562525505869267,0.09295134148187299,0.22833656731722313,5.890631376467317,31.435600256152686,7.858900064038171,,,
15331,-0.03851287291360469,-0.12500493077700714,1.4712003262326367,96,1.9482515634352477,-1.337243973306182,-4.340421206439242,51.083017727449615,-0.3343109933265455,-1.0851053016098104,12.770754431862404,67.64719078559868,16.91179769639967,,,
15333,0.1618630080267356,-0.18182843879202792,0.6312041559757278,64,0.7142625258533541,5.620207364704314,-6.3134470517367935,21.91667070378922,1.4050518411760784,-1.5783617629341984,5.479167675947305,24.800623422680165,6.200155855670041,,,
15360,-0.012785634046659182,-0.008826658626576642,0.4073710998061217,77,0.4997119509688454,-0.44394278536810017,-0.3064792408319942,14.144739327468157,-0.11098569634202504,-0.07661981020799855,3.5361848318670392,17.350998361540253,4.337749590385063,,,
15378,0.10818893825603275,-0.1156560057228417,0.6022166233716691,55,0.8192209177985013,3.7565363141259693,-4.01580783070851,20.910165596711096,0.9391340785314923,-1.0039519576771274,5.227541399177774,28.444988707799563,7.111247176949891,,,
15381,-0.09069502046518944,-0.1616910152599947,0.6791581004130957,48,0.7578325926028068,-3.149112500592308,-5.614235431857536,23.58172756254351,-0.787278125148077,-1.403558857964384,5.895431890635877,26.313463280354657,6.578365820088664,,,
15393,-0.002550723715873961,-0.0033688410159999904,0.7517845251626145,136,0.9135476728885064,-0.08856622886257569,-0.11697289775755167,26.103462282696302,-0.022141557215643922,-0.029243224439387917,6.525865570674076,31.720202298034717,7.930050574508679,,,
15398,-0.0019714869677272874,-0.051731604632814766,0.7699349210691608,20,1.0776951784875661,-0.06845397049342687,-1.7962247760605943,26.733680329363402,-0.017113492623356718,-0.44905619401514857,6.6834200823408505,37.419731987445275,9.354932996861319,,,
15430,0.048995816387119126,-0.09726030924495911,1.152326563405212,61,1.5184547467479037,1.7012327365935505,-3.3770724576034703,40.01108293455577,0.4253081841483876,-0.8442681144008676,10.002770733638943,52.723785716580714,13.180946429145179,,,
15445,0.0009310775953422708,0.0025767778269376214,0.23028653217651138,111,0.3038762457755737,0.03232887626547433,0.08947087970692809,7.996008970232828,0.008082219066368582,0.022367719926732022,1.999002242558207,10.55119100581947,2.6377977514548676,,,
15449,-0.005179868912389775,0.001298705700178794,0.3917431510252427,135,0.4743264054390143,-0.17985540837599776,0.04509365932160808,13.602105689898478,-0.04496385209399944,0.01127341483040202,3.4005264224746194,16.469561449653455,4.117390362413364,,,
15488,-0.1844656038146056,-0.27806286676670744,1.2507928359123308,33,1.5755264969609701,-6.4050146956507366,-9.654898859873617,43.430028848547956,-1.6012536739126841,-2.4137247149684042,10.857507212136989,54.70543102747881,13.676357756869702,,,
15538,-0.015504073394933945,-0.2657663584606311,0.7177827578293492,48,0.8082033066496939,-0.5383324364188965,-9.227939498470034,24.922852917350664,-0.13458310910472412,-2.3069848746175086,6.230713229337666,28.062435213490673,7.015608803372668,,,
15541,-0.011207171223181645,0.02168293426709694,0.7842788745073634,49,1.0213581530511653,-0.38913539921131307,0.75287484362214,27.231731080644675,-0.09728384980282827,0.188218710905535,6.807932770161169,35.46359779024256,8.86589944756064,,,
15562,0.1123372563153589,0.06344831456904786,1.3883021415339312,25,1.9107884824778418,3.900574213781892,2.20305237846648,48.20462695834116,0.975143553445473,0.55076309461662,12.05115673958529,66.34639768859563,16.586599422148907,,,
15570,0.0017103867498154354,-0.2346199348404176,0.7006013912555967,35,0.8198041042903587,0.05938804872709155,-8.14647337752898,24.32628150717683,0.014847012181772888,-2.036618344382245,6.0815703767942075,28.465238109169835,7.116309527292459,,,
15577,0.010599372549900355,-0.005336330671643561,0.7823302271348468,78,1.0135691505639717,0.36803141367764014,-0.18528807358080773,27.16407014657615,0.09200785341941004,-0.04632201839520193,6.791017536644038,35.193148045882225,8.798287011470556,,,
15584,0.04679341359748736,-0.014031871848938195,2.0760149747374816,33,2.6032243302871585,1.6247609069319562,-0.48721465433883204,72.08339195283484,0.40619022673298905,-0.12180366358470801,18.02084798820871,90.38915519623072,22.59728879905768,,,
15596,0.010603802567883151,-0.14786043823436726,1.3520311146821837,92,1.7936237358255431,0.3681852327620388,-5.1340101363737,46.94522436399478,0.0920463081905097,-1.283502534093425,11.736306090998696,62.27820335533451,15.569550838833628,,,
15602,0.0032197889636927665,0.0024490287177258863,0.1670740505808207,37,0.22532445859941394,0.11179751239734025,0.08503517513687822,5.801145184267257,0.02794937809933506,0.021258793784219555,1.4502862960668141,7.823715851488851,1.9559289628722127,,,
15603,-0.0079408331837284,-0.18792311057823557,0.6556864425119519,45,0.773510723780964,-0.27572160980541754,-6.525066245497496,22.76674465689999,-0.06893040245135439,-1.631266561374374,5.691686164224998,26.85783935112263,6.714459837780658,,,
15610,0.006593385711089657,-0.07299403757681075,0.8763491549570668,36,1.0471383419163347,0.22893553866045507,-2.534498972742023,30.428595358419273,0.05723388466511377,-0.6336247431855058,7.607148839604818,36.358737508018976,9.089684377004744,,,
15617,-0.09558409699325564,-0.09987045467984094,1.5067759340464464,56,1.8740787600199897,-3.3188710157998225,-3.4677019273934375,52.318273981960715,-0.8297177539499556,-0.8669254818483594,13.079568495490179,65.07176270541409,16.267940676353522,,,
15618,-0.010670705891745253,-0.036847169208365484,2.245983500799267,102,2.7919022093071546,-0.3705082499731787,-1.2794074092528664,77.98503911475214,-0.09262706249329468,-0.3198518523132166,19.496259778688035,96.94042851156303,24.235107127890757,,,
15619,-0.021301347858909987,-0.1440830226880802,0.8450529552757072,133,1.0484069993004241,-0.7396254003570726,-5.002850713775521,29.341928713083107,-0.18490635008926815,-1.2507126784438802,7.335482178270777,36.402787829709325,9.100696957427331,,,
15625,0.054221084795541115,0.12285000515010068,2.277411393354176,50,2.8279578387139273,1.8826645062707787,4.265597878821796,79.0762784000437,0.4706661265676947,1.066399469705449,19.769069600010926,98.19235207582499,24.548088018956246,,,
15644,0.03372724945299432,-0.12973227334731208,0.5990007951839013,128,0.6673179397481246,1.1710775555068689,-4.50456399516537,20.798505610375422,0.2927693888767172,-1.1261409987913424,5.1996264025938554,23.170613503934383,5.792653375983596,,,
15647,0.02398885837189183,-0.18892212757900803,0.9455634403757673,23,1.1078393750013198,0.8329411403888282,-6.559754113798317,32.83185377672739,0.20823528509720704,-1.6399385284495793,8.207963444181848,38.46639877879583,9.616599694698957,,,
15671,-0.19686008644962552,-0.08692968132254884,0.8658262411993968,27,1.0439248042341862,-6.835375921703897,-3.018372394881541,30.063218746925457,-1.7088439804259743,-0.7545930987203853,7.515804686731364,36.247157052619414,9.061789263154854,,,
15679,-0.01509225697905164,0.017865193196331924,0.3230034525832466,49,0.4338554094631927,-0.524033346826631,0.6203152381630371,11.215325880595488,-0.13100833670665776,0.15507880954075928,2.803831470148872,15.064327527380977,3.766081881845244,,,
15683,0.0033817548934756757,0.15501243436216508,0.8929249069519166,47,1.2339619558861936,0.11742129341126241,5.382341745923096,31.00413861918445,0.029355323352815602,1.345585436480774,7.751034654796112,42.84562703228042,10.711406758070105,,,
15686,-0.04625059113373822,0.02697075046391092,0.7019347045279174,25,0.8002782741356814,-1.6059130253456586,0.936478397607915,24.372576810618348,-0.40147825633641465,0.23411959940197874,6.093144202654587,27.78726223453913,6.946815558634783,,,
15703,0.10637678985951762,0.0205608710533213,0.6467731415810528,29,0.9249345069959297,3.693614897502171,0.7139145647134222,22.457257021977316,0.9234037243755427,0.17847864117835555,5.614314255494329,32.115575951912675,8.028893987978169,,,
15713,-0.14311650266901046,-0.14083798007188217,0.7674199653020066,23,0.9224769162239955,-4.969291205673382,-4.8901763440558925,26.646356035216275,-1.2423228014183454,-1.2225440860139731,6.661589008804069,32.030243485129574,8.007560871282394,,,
15721,-0.004633974033865719,0.003380816739252168,0.40411056845336296,29,0.5194246867103012,-0.1609008464038855,0.11738871882031379,14.031527157837669,-0.040225211600971374,0.029347179705078448,3.507881789459417,18.035463971955078,4.5088659929887696,,,
15743,-0.24721920211934192,0.2175187883541877,1.110752556862676,22,1.4009348936748527,-8.58394513598779,7.552687369234105,38.567550279385834,-2.1459862839969475,1.8881718423085263,9.641887569846459,48.64326137817824,12.16081534454456,,,
15744,-0.03952017447743726,-0.1913765459969302,1.569125095815209,42,1.9300047860369192,-1.3722194982055766,-6.644976430105411,54.48316157689569,-0.34305487455139416,-1.6612441075263527,13.620790394223922,67.01362618077391,16.753406545193478,,,
15759,-0.0016627687688949154,0.006750988011972589,0.1911234424159665,82,0.2659971498073158,-0.05773465719356925,0.23440780575171224,6.636188167567188,-0.014433664298392313,0.05860195143792806,1.659047041891797,9.23595303560962,2.308988258902405,,,
15764,0.015046227154098365,-0.17729524424659468,0.6370441375031982,52,0.7489309392241007,0.5224350992446034,-6.156045470730261,22.11944654238605,0.13060877481115085,-1.5390113676825652,5.529861635596513,26.004380071739224,6.501095017934806,,,
15768,0.19407079865596621,-0.04572874953386297,0.6330901220747998,32,0.7154927143012865,6.738526270932459,-1.58779364131479,21.982155218681196,1.6846315677331147,-0.3969484103286975,5.495538804670299,24.84333802596927,6.210834506492318,,,
15774,-0.005057350950838078,-0.05846065875213179,0.4883284177714835,21,0.6258322266156516,-0.17560133971499975,-2.02987099319152,16.95573932186145,-0.04390033492874994,-0.50746774829788,4.238934830465363,21.730146572548655,5.432536643137164,,,
15806,0.02178079973723995,-0.07164163014032371,0.62869246155625,65,0.7481427899620962,0.7562729284764456,-2.48754068173232,21.829459650156114,0.1890682321191114,-0.62188517043308,5.4573649125390284,25.977013953063903,6.494253488265976,,,
15807,-0.06149129258612144,-0.046024743203230085,0.5841623081045104,36,0.6866657924836784,-2.1351006611753087,-1.598071133502555,20.283283662004813,-0.5337751652938272,-0.39951778337563876,5.070820915501203,23.842409646618282,5.960602411654571,,,
15817,-0.034557506396331025,-0.03862540246040828,0.7772820727258629,37,1.0647013692775482,-1.1999057370934059,-1.3411512242302963,26.988788129187412,-0.29997643427335147,-0.3352878060575741,6.747197032296853,36.96856094405503,9.242140236013757,,,
15831,0.09651136218609382,-0.10361480388688449,0.9102679907169965,36,1.1164716055265917,3.35106751782555,-3.5977132205604034,31.606325173675554,0.8377668794563875,-0.8994283051401009,7.9015812934188885,38.76612708709432,9.69153177177358,,,
15843,-0.06649682696708001,-0.25177862154889025,0.5410047279723591,19,0.5665949311886266,-2.3089028259509523,-8.742257297420567,18.784766164656254,-0.5772257064877381,-2.1855643243551417,4.696191541164064,19.67330920073149,4.918327300182873,,,
15844,-0.03221826697821164,-0.22524306247908732,0.5864439895608489,33,0.6792232101521488,-1.1186826660174645,-7.82088961539887,20.362508205531796,-0.2796706665043661,-1.9552224038497175,5.090627051382949,23.583988302902913,5.895997075725728,,,
15855,0.04510637060278848,-0.26763620971952173,0.8477654432649068,38,1.0118665879978526,1.5661834000700217,-9.292864473881234,29.436111721044092,0.3915458500175054,-2.3232161184703086,7.359027930261023,35.13403166846144,8.78350791711536,,,
15875,-0.0541996496024175,-0.15201090718809693,0.576001717101724,110,0.6435992094802896,-1.8819202334951406,-5.2781227193851015,19.999931621206063,-0.47048005837378515,-1.3195306798462754,4.999982905301516,22.347051751574615,5.586762937893654,,,
15882,0.05897814409359164,-0.21126452725993403,0.9321632722833251,31,1.1297239344677437,2.047839119217689,-7.33552691551943,32.36657314022161,0.5119597798044222,-1.8338817288798575,8.091643285055403,39.226274452588996,9.806568613147249,,,
15886,0.015399686073152001,-0.27397982157242856,0.8881055372396407,63,1.3016696819224787,0.5347078998319837,-9.513127364637866,30.836800464034805,0.13367697495799594,-2.3782818411594664,7.709200116008701,45.19657469571231,11.299143673928077,,,
15890,0.0445276058773302,-0.1521073819603926,0.6808896562081059,33,0.7736670021023817,1.5460875312726592,-5.281472516428752,23.641850642857854,0.3865218828181648,-1.320368129107188,5.9104626607144635,26.863265646998897,6.715816411749724,,,
15892,0.00288168941610137,-0.29202629841522876,0.7654722894914366,109,0.8615047349225793,0.10005801990587178,-10.139737133573574,26.578728835721662,0.025014504976467945,-2.5349342833933934,6.644682208930416,29.9131674059818,7.47829185149545,,,
15894,8.591073551327036e-05,-0.22860657031739803,0.5950262988373253,29,0.7052516995767443,0.0029829925584917735,-7.937677334560695,20.66050314822961,0.0007457481396229434,-1.9844193336401736,5.165125787057402,24.487749512703715,6.121937378175929,,,
15905,-0.04632371066876268,-0.001515357260822319,0.451024452464533,28,0.5256756648835024,-1.6084518818407778,-0.05261623481027256,15.660471038473515,-0.40211297046019445,-0.01315405870256814,3.915117759618379,18.25251043608497,4.563127609021243,,,
15912,0.08408786111045193,-0.02828638572582065,0.8912429314514922,36,1.1530752465819658,2.919698713477112,-0.9821598851719446,30.945737065858715,0.729924678369278,-0.24553997129298616,7.736434266464679,40.03707871181902,10.009269677954755,,,
15933,-0.04949161246831647,-0.05504361068117007,0.6372791276329748,21,0.7104416172116563,-1.7184477681248846,-1.9112242500715872,22.127605869672152,-0.42961194203122116,-0.4778060625178968,5.531901467418038,24.66795383282313,6.166988458205783,,,
15936,0.03804897071171083,-0.006868990192415259,0.49454914269118516,42,0.614373912405926,1.3211363610520235,-0.23850507746104263,17.171735332523333,0.33028409026300587,-0.05962626936526066,4.292933833130833,21.33229098655856,5.33307274663964,,,
15937,-0.002634228149151323,-0.023713490298171373,0.5760090933650805,104,0.9823653987221315,-0.09146566979483224,-0.8233798101331065,20.000187739822326,-0.02286641744870806,-0.20584495253327662,5.000046934955582,34.10969137442985,8.527422843607463,,,
15959,-0.002707321752336611,-0.1532351317295757,1.1606993366811842,45,1.7042934019516986,-0.0940036258846318,-5.320630243914327,40.301802368244076,-0.02350090647115795,-1.3301575609785818,10.075450592061019,59.17647550256688,14.79411887564172,,,
15969,0.12097814951267631,-0.2510379743672151,1.454523025723331,34,1.839502326280051,4.200603307379147,-8.716540545978443,50.5039484991655,1.0501508268447868,-2.1791351364946108,12.625987124791376,63.87119977309593,15.967799943273983,,,
15975,0.011387367535344311,-0.07192155456732678,0.6365057111415702,25,0.7321433453424181,0.39539217556222517,-2.4972602176867205,22.1007513022576,0.09884804389055629,-0.6243150544216801,5.5251878255644,25.421481236979442,6.355370309244861,,,
15976,-0.006495508934168164,-0.25437266968417527,0.613963261872473,19,0.6952584345107933,-0.225537061212187,-8.832327836773935,21.318032378736007,-0.05638426530304675,-2.2080819591934837,5.329508094684002,24.140763363083764,6.035190840770941,,,
15990,0.015242343949148562,0.005292763996893817,0.43299761513158236,35,0.5413532659060326,0.5292446666023364,0.18377535150014712,15.034543192598804,0.1323111666505841,0.04594383787503678,3.758635798149701,18.796868098789265,4.699217024697316,,,
15995,-0.015421682960426753,-0.193522493900215,0.7999954008561762,79,0.9759470074351502,-0.5354716757519378,-6.719488033203266,27.77744030852815,-0.13386791893798444,-1.6798720083008165,6.944360077132037,33.88683199216329,8.471707998040822,,,
16015,0.06908703034950885,0.002218738983846298,0.5439462244122638,31,0.6727437915759,2.398839867795646,0.07703905499711115,18.886900804042625,0.5997099669489115,0.01925976374927779,4.721725201010656,23.359009931098402,5.839752482774601,,,
16019,0.04005978454178013,-0.00971973605898966,0.691606563261023,37,0.8698408399572892,1.3909558388596897,-0.33748867544023897,24.01396308954924,0.3477389597149224,-0.08437216886005974,6.00349077238731,30.202613644996998,7.550653411249249,,,
16026,0.005438516966397629,-0.2868413727771031,0.7125681283232592,100,0.813494369368661,0.18883618610725847,-9.959706145566575,24.741790551640207,0.04720904652681462,-2.4899265363916436,6.185447637910052,28.24615149321865,7.061537873304663,,,
16027,-0.0022275423212340683,0.001101084180984344,0.1489586750375562,100,0.2122228553151301,-0.07734472447788933,0.038231844932138395,5.172143114654026,-0.019336181119472332,0.009557961233034599,1.2930357786635065,7.368801982251948,1.842200495562987,,,
16049,-0.061734671293986236,0.02525898145083141,2.3550751807445067,95,2.894137082946928,-2.1435512566697903,0.8770423539357682,81.77292042581077,-0.5358878141674476,0.21926058848394206,20.443230106452692,100.49022779408324,25.12255694852081,,,
16059,0.008605564092553758,0.025351972223818405,0.7561768879745563,91,1.0306304795901038,0.2988023964216516,0.8802711795554227,26.255973904252546,0.0747005991054129,0.22006779488885567,6.563993476063136,35.78555151232759,8.946387878081897,,,
16060,-0.07090797903521207,-0.21991028738844826,0.9117163174820503,28,1.108948898417908,-2.4620668480606334,-7.635724998701701,31.65661397561175,-0.6155167120151583,-1.9089312496754252,7.914153493902938,38.5049236508666,9.62623091271665,,,
16064,0.053516585488807195,-0.17474708242442732,0.6689984192173353,97,0.7754282675925421,1.8582028813423634,-6.067568195940966,23.228963112064317,0.46455072033559086,-1.5168920489852415,5.807240778016079,26.92442030734825,6.731105076837062,,,
16075,0.03334275817668235,0.009127508496973575,0.4692007178954414,83,0.5682348719107003,1.1577272494107647,0.31692535003191646,16.291587326765516,0.28943181235269116,0.07923133750797912,4.072896831691379,19.730251222483336,4.932562805620834,,,
16087,0.036156434272156195,-0.3631527247923354,0.7711406562265422,34,0.9235312578100792,1.2554237107978075,-12.60938891023947,26.775545865497996,0.31385592769945186,-3.1523472275598676,6.693886466374499,32.06685233368157,8.016713083420392,,,
16130,-0.055837086697840065,-0.03961291745518477,0.747858609023574,85,0.8828917359975462,-1.9387753243224028,-1.3754397198789257,25.967146622516537,-0.4846938310806007,-0.3438599299697314,6.491786655629134,30.6557668573068,7.6639417143267,,,
16151,-0.04205059475945503,-0.002070518072895861,0.6712829220073526,31,0.8908835166127191,-1.4600807512377976,-0.07189252852709009,23.308285617939298,-0.3650201878094494,-0.017973132131772523,5.827071404484824,30.933257463826834,7.7333143659567085,,,
16176,0.1478264702112758,-0.05774760878566868,0.7306816724021729,24,0.9233328423910522,5.132830698675918,-2.005112472255988,25.370729029148247,1.2832076746689796,-0.501278118063997,6.342682257287062,32.059962953502115,8.014990738375529,,,
16193,0.04498561531236232,-0.3250097060595736,0.7105568336908694,84,0.8398378638187173,1.5619905348758447,-11.284987013800514,24.67195437941437,0.3904976337189612,-2.8212467534501284,6.167988594853592,29.160850307513503,7.290212576878376,,,
16209,0.11369480439196682,-0.1343026396055154,0.6054679099976273,29,0.6980152934126159,3.9477109980978717,-4.6632562523827055,21.023056770937618,0.9869277495244679,-1.1658140630956764,5.2557641927344045,24.23648701787285,6.0591217544682126,,,
16211,0.02496155920376471,0.008556381675893883,0.237561444450898,21,0.2972553768867111,0.8667152586731184,0.2970946845503874,8.248608474224081,0.2166788146682796,0.07427367113759685,2.0621521185560203,10.321301196260384,2.580325299065096,,,
16234,0.028287628967825208,-0.03225348297882886,1.1198679047202846,79,1.4924445491120903,0.9822030530208269,-1.1199054359908958,38.884053387697726,0.24555076325520672,-0.27997635899772394,9.721013346924432,51.82065963427,12.9551649085675,,,
16240,0.0811101686099745,0.006507930475009325,1.0556005272429283,44,1.512901159903425,2.8163072744755344,0.22596836195327377,36.652561506928954,0.7040768186188836,0.05649209048831844,9.163140376732239,52.53095407416672,13.13273851854168,,,
16251,-0.0022701462047902883,-0.36877395240844635,0.7415896464244223,23,0.7735145191171683,-0.07882401652272839,-12.804569175526074,25.74947570314879,-0.019706004130682096,-3.2011422938815186,6.437368925787197,26.857971132786318,6.7144927831965795,,,
16266,0.1328287659286239,-0.17876544848268056,0.7098299694591895,82,0.813405913595272,4.612080410573679,-6.207093902215634,24.64671619956198,1.1530201026434197,-1.5517734755539085,6.161679049890495,28.243080131855038,7.0607700329637595,,,
16274,0.00681679321168244,-0.2413138956872527,0.6852758214524929,55,0.7883714945140768,0.23669269389603767,-8.378901086052789,23.794147072473457,0.05917317347400942,-2.094725271513197,5.948536768118364,27.37383503251778,6.843458758129445,,,
16288,0.022256360033071586,-0.22347161854942746,0.6883966798822395,75,0.7373528316669574,0.7727853330683117,-7.75938153927322,23.90250951887112,0.1931963332670779,-1.939845384818305,5.97562737971778,25.602365021140095,6.400591255285024,,,
16290,-0.04365156527965887,-0.20085633879083037,0.6042028206199125,59,0.7231826027070112,-1.5156696496403153,-6.974133795495212,20.9791303375646,-0.3789174124100788,-1.743533448873803,5.24478258439115,25.110346331192844,6.277586582798211,,,
16293,-0.044965246501559995,-0.26155207466807456,0.7469529901447385,81,0.8198111973280091,-1.5612832890271662,-9.081611136624886,25.93570172380561,-0.39032082225679154,-2.2704027841562215,6.483925430951403,28.465484393623132,7.116371098405783,,,
16311,-0.01242628259954542,-0.2296892104362889,0.8597604871265448,39,1.0328543459483202,-0.43146538442141613,-7.975268764768823,29.85260363400789,-0.10786634610535403,-1.9938171911922058,7.463150908501973,35.862768600017574,8.965692150004394,,,
16313,0.04314890774530072,-0.23812188991994016,1.046421540717525,55,1.3627108504357122,1.4982163747323316,-8.268068261800162,36.333848736793904,0.3745540936830829,-2.0670170654500404,9.083462184198476,47.316046148828796,11.829011537207199,,,
16316,-0.0658340518980981,-0.11278721657835035,1.0269054135841829,50,1.163279192295475,-2.285889950005762,-3.916197734033481,35.65620977047,-0.5714724875014405,-0.9790494335083703,8.9140524426175,40.39138011488349,10.097845028720872,,,
16334,0.060176901309692506,-0.2317664276667913,0.6554593585059801,77,0.8655088615028863,2.0894623672751433,-8.047393901446329,22.758859846044643,0.5223655918187858,-2.011848475361582,5.689714961511161,30.052198689103218,7.5130496722758044,,,
16338,-0.13725613850459567,-0.14377880305747037,0.8815158064468988,45,1.188144401446682,-4.765807641156571,-4.992287599761487,30.60799183144922,-1.1914519102891428,-1.2480718999403717,7.651997957862305,41.254749907031695,10.313687476757924,,,
16352,-0.04447081067082424,-0.1411640022909816,0.6275547102113633,73,0.7079040514222414,-1.5441154881123593,-4.901496487547464,21.789954647958957,-0.38602887202808983,-1.225374121886866,5.447488661989739,24.579844473483067,6.144961118370767,,,
16356,-0.005776553006062326,-0.00018235853673630978,0.14759316810116396,38,0.1996385410311005,-0.2005734734764961,-0.006331853112558149,5.124729982808615,-0.050143368369124024,-0.0015829632781395372,1.2811824957021538,6.931849421681872,1.732962355420468,,,
16366,0.008542666374526825,-0.05634232746713134,1.1598605861258213,76,1.7110517986675438,0.29661846185632046,-1.9563182943137345,40.27267927146077,0.07415461546408011,-0.4890795735784336,10.068169817865192,59.411140553334455,14.852785138333614,,,
16374,-0.048577944614614246,-0.27159755631796373,0.7654059386150247,73,0.944929439151512,-1.6867233929086358,-9.430410350472338,26.576425000590888,-0.42168084822715896,-2.3576025876180844,6.644106250147722,32.8098399862188,8.2024599965547,,,
16385,-0.0866332205875248,-0.057755525145407945,0.298761328577806,27,0.3994091947862297,-3.0080786852400365,-2.0053873440988546,10.37359085087858,-0.7520196713100091,-0.5013468360247136,2.593397712719645,13.868286061367469,3.467071515341867,,,
16425,0.000263312970984442,-0.01061819816135773,2.3314682297865863,37,2.848072883268035,0.009142752978521797,-0.3686850765586631,80.95323987464985,0.0022856882446304493,-0.09217126913966578,20.238309968662463,98.89078665283272,24.72269666320818,,,
16432,-0.015533774755637681,-0.0684885373779929,0.8727232104758619,65,1.0889900143613436,-0.5393637270652516,-2.3780589948386694,30.302695314142877,-0.1348409317663129,-0.5945147487096674,7.575673828535719,37.81191127865457,9.452977819663642,,,
16443,-0.21989851383924522,-0.135795180498642,1.1032083623402111,34,1.6425235174155526,-7.635316197526273,-4.715080257273848,38.30560075717681,-1.9088290493815683,-1.178770064318462,9.576400189294203,57.03170157170282,14.257925392925705,,,
16451,0.037653405452558464,-0.05127896516559386,0.6010778474035664,55,0.718835041153122,1.307401544123735,-1.7805082284797502,20.870625017546633,0.32685038603093375,-0.44512705711993755,5.217656254386658,24.959390298918702,6.2398475747296756,,,
16462,-0.01507938370028428,-0.15862335261065927,1.0245465951284505,71,1.2396912899829575,-0.5235863608412707,-5.507720049347311,35.57430687605006,-0.1308965902103177,-1.3769300123368278,8.893576719012515,43.044560970788254,10.761140242697063,,,
16467,0.05336798319467804,-0.11293250053656412,0.6307688096514197,47,0.7156743229385019,1.8530431124856108,-3.9212422836305794,21.901554608716594,0.4632607781214027,-0.9803105709076448,5.475388652179149,24.849643841070662,6.212410960267666,,,
16493,0.12960189062830332,-0.20124411697850586,1.4436879330843684,30,1.8113706118720025,4.500036846395949,-6.987598229727681,50.12773241255544,1.1250092115989871,-1.7468995574319202,12.53193310313886,62.894410385419675,15.723602596354919,,,
16520,0.0239868606487524,0.007194292215425928,0.8161907092069633,42,1.1054269491964208,0.8328717754459809,0.24980021430401908,28.33977380508418,0.20821794386149522,0.06245005357600477,7.084943451271045,38.38263452999813,9.595658632499532,,,
16552,-0.03962514320741946,0.03162143895482927,0.31861468967585516,20,0.4426380517905953,-1.3758642224480184,1.097959603389582,11.062939254925043,-0.3439660556120046,0.2744899008473955,2.7657348137312607,15.36927843427305,3.8423196085682627,,,
16564,0.04610199934589234,-0.12439053380814981,1.2391545507758048,58,1.5305899560109917,1.600753621288074,-4.319088114886577,43.025924312037496,0.4001884053220185,-1.0797720287216444,10.756481078009374,53.14514445261366,13.286286113153414,,,
16571,-0.014614601295448892,-0.253877111516902,0.8885653698218253,59,1.0466145380910714,-0.5074481861805764,-8.815121066089873,30.85276677095342,-0.1268620465451441,-2.203780266522468,7.713191692738355,36.34054999159818,9.085137497899545,,,
16574,-0.05158448505193437,-0.2311818632785357,0.6242610637258905,39,0.720422250487036,-1.7911164899732654,-8.027096656757317,21.675592654690373,-0.44777912249331636,-2.0067741641893293,5.418898163672593,25.014501381410867,6.253625345352717,,,
16581,-0.020939475905926486,-0.024347456532455927,0.3081103533247405,27,0.38234925699633865,-0.7270604824055794,-0.8453923857199347,10.698207688141641,-0.18176512060139485,-0.21134809642998367,2.6745519220354104,13.275930901426872,3.318982725356718,,,
16607,0.0024880525044146395,0.001864058482655177,0.2196070146455736,24,0.27502114482147344,0.08639015905828512,0.06472383863475306,7.625194762523607,0.02159753976457128,0.016180959658688265,1.9062986906309018,9.549284190491202,2.3873210476228004,,,
16621,0.07488963766063875,-0.098103344740149,0.6362895814106175,58,0.7080638113289724,2.6003179988526988,-3.406344336067454,22.09324684573946,0.6500794997131747,-0.8515860840168635,5.523311711434865,24.585391656964582,6.1463479142411455,,,
16629,0.0006804795315433459,-0.22187488660506657,1.3402610823957624,58,1.7154425769005026,0.023627610294248057,-7.703939812701122,46.53654530294566,0.005906902573562014,-1.9259849531752804,11.634136325736415,59.563597155139256,14.890899288784814,,,
16631,-0.008134673696749618,0.05809697040327732,0.7912830911195597,26,0.9949491854416973,-0.28245214009854025,2.017243006342595,27.474931489853354,-0.07061303502463506,0.5043107515856488,6.8687328724633385,34.54662561690662,8.636656404226654,,,
16649,-0.008723104496707183,0.018902698327051774,0.29623388211635704,44,0.394048332714508,-0.3028836343346668,0.6563394913118917,10.28583285484415,-0.0757209085836667,0.16408487282797293,2.5714582137110376,13.682146208513148,3.420536552128287,,,
16671,0.03377642668801124,0.026056857317746967,0.4990924510108114,56,0.7013896079281282,1.1727850874611263,0.9047461997868103,17.329488083997393,0.2931962718652816,0.22618654994670256,4.332372020999348,24.353649966480468,6.088412491620117,,,
16689,-0.016303718188694426,0.027294581270464257,1.8779495874857195,29,2.602989988534328,-0.5660977029478479,0.94772245087306,65.20616557667915,-0.14152442573696197,0.236930612718265,16.30154139416979,90.38101838188895,22.595254595472237,,,
16695,-0.032085100136874815,-0.08650281814535092,0.5440308978725121,21,0.6424233169406129,-1.1140588469525674,-3.0035508516428746,18.889840835929366,-0.27851471173814185,-0.7508877129107187,4.7224602089823415,22.306222410811962,5.5765556027029906,,,
16697,-0.04756592112369928,-0.03955481495538366,0.31729535181000623,52,0.38803016866294754,-1.6515839132570864,-1.3734222848808315,11.017129205547036,-0.4128959783142716,-0.3433555712202079,2.754282301386759,13.473183516314865,3.3682958790787163,,,
16713,0.011948780060265562,0.0009719657962979374,1.724009283094947,31,2.474589556339066,0.4148855412525409,0.033748596379056986,59.86105032762275,0.10372138531313523,0.008437149094764246,14.965262581905687,85.92269857520505,21.48067464380126,,,
16715,0.016464420391915643,-0.12873188427344312,0.6509989181301228,53,0.760846635416086,0.5716776048480949,-4.469828485742492,22.603984435314125,0.14291940121202373,-1.117457121435623,5.650996108828531,26.418116874917338,6.6045292187293345,,,
16727,0.02627524026219995,-0.40729430799901467,1.0884918039004579,37,1.5029073422611432,0.9123288923841067,-14.142072962341787,37.7946124150317,0.2280822230960267,-3.535518240585447,9.448653103757925,52.183948737991415,13.045987184497854,,,
16741,0.11680112782863927,-0.12483692133978114,0.6847224526761634,27,0.7602087131562404,4.055568760466013,-4.334587582759881,23.774933001821747,1.0138921901165032,-1.0836468956899703,5.943733250455437,26.39596693821098,6.598991734552745,,,
16752,0.041764247894630374,-0.21143752527878507,0.5777697687819644,47,0.6620281645977327,1.4501382153973559,-7.341533752729975,20.06132191164737,0.36253455384933897,-1.8353834381824938,5.015330477911842,22.986941931162477,5.746735482790619,,,
16762,0.09939562870630184,-0.057429461337080205,0.7976226125273397,47,1.1088525827585014,3.4512150199402125,-1.9940657565460989,27.69505235217429,0.8628037549850531,-0.4985164391365247,6.9237630880435725,38.50157937854069,9.625394844635172,,,
16783,-0.1433329566059396,-0.22720919213585944,0.6665649518223905,19,0.6931239098683953,-4.976806919271435,-7.889157569341312,23.144468257177046,-1.2442017298178587,-1.972289392335328,5.786117064294261,24.066648398450425,6.016662099612606,,,
16800,0.10464935786206876,-0.24621865448287825,0.7068075035312089,33,0.9664644465967613,3.6336350036867517,-8.5492041209545,24.541770137610637,0.9084087509216879,-2.137301030238625,6.135442534402659,33.55757851473275,8.389394628683187,,,
16803,-0.03343331547489837,-0.03262861482621674,0.7928036118838537,31,0.9537090296499737,-1.1608715799194211,-1.1329307639958976,27.52772701183117,-0.2902178949798553,-0.2832326909989744,6.881931752957793,33.11468492750639,8.278671231876597,,,
16804,-0.030611706871305155,-0.12550973443590432,0.44764475700751355,43,0.49442604234058696,-1.0628996859854576,-4.3579489990834706,15.543121252814887,-0.2657249214963644,-1.0894872497708676,3.8857803132037216,17.16746104214986,4.291865260537465,,,
16805,0.24071336858209438,-0.14118743646750026,0.6473230003134797,21,0.7382111336384656,8.358049583907482,-4.9023101690245445,22.476349216884643,2.0895123959768704,-1.2255775422561361,5.619087304221161,25.632166982194803,6.408041745548701,,,
16807,0.03126572560510061,-0.025862405063869366,1.7152499312094447,44,2.124142792110138,1.0856085244603033,-0.8979944286276722,59.55690811145434,0.27140213111507583,-0.22449860715691805,14.889227027863585,73.75448602764821,18.438621506912053,,,
16812,0.016389387451832698,-0.006133493507263665,0.9780903700133099,38,1.1786015219590538,0.569072311102535,-0.212967161559209,33.96125382760215,0.14226807777563374,-0.05324179038980225,8.490313456900537,40.92340204546227,10.230850511365567,,,
16817,-0.0018570510612284528,-0.21520717157875677,0.8888688417128559,45,0.9466449794262178,-0.06448052694797435,-7.4724234115575925,30.863303921953783,-0.016120131736993587,-1.8681058528893981,7.715825980488446,32.86940697563713,8.217351743909283,,,
16849,-0.00771876309808862,-0.06755045504632894,0.7557219626639364,23,0.8936419591221435,-0.26801089229183306,-2.3454869001186336,26.2401779876172,-0.06700272307295826,-0.5863717250296584,6.5600444969043,31.02903610463907,7.757259026159767,,,
16862,0.1031941885125706,0.022707572216698883,0.8054956461598337,28,1.0023321488548163,3.5831086135334766,0.7884523225082186,27.968419825961746,0.8957771533833692,0.19711308062705465,6.9921049564904365,34.80297687253693,8.700744218134233,,,
16863,0.02876770987811399,0.009489113682488807,0.7510054379778801,23,0.8902364788512808,0.998872422387874,0.32948100528337637,26.076410817467956,0.2497181055969685,0.08237025132084409,6.519102704366989,30.91079101867417,7.727697754668543,,,
16880,-0.05949102710488034,-0.21668433959913358,1.4734014713345656,40,2.03564173687586,-2.0656474431356555,-7.523713639561117,51.159445887678785,-0.5164118607839139,-1.8809284098902792,12.789861471919696,70.6815523878036,17.6703880969509,,,
16902,0.06677557956709279,-0.11049770535651698,0.9133507615127096,33,1.156585947562908,2.318581673728596,-3.836701325388983,31.713365141244303,0.579645418432149,-0.9591753313472458,7.928341285311076,40.15897727127929,10.039744317819823,,,
16929,0.04143441884443615,-0.0718913157845505,0.5842457862449354,26,0.6526448751476395,1.438685891116512,-2.4962102666711625,20.286182189996648,0.359671472779128,-0.6240525666677906,5.071545547499162,22.66113535487634,5.665283838719085,,,
16930,0.0005767624831113002,0.0340691039257545,0.438546399264591,36,0.5867117927130233,0.020026346938590567,1.1829474265100477,15.227208075265128,0.005006586734647642,0.2957368566275119,3.806802018816282,20.371806866581597,5.092951716645399,,,
16966,-0.03027768294891826,-0.3624319642112961,0.7958096326102314,33,0.9159692199783782,-1.0513017073523399,-12.584362661344624,27.632102063492457,-0.26282542683808496,-3.146090665336156,6.908025515873114,31.80428325608925,7.951070814022312,,,
16980,-0.0398371990161038,-0.032137333652650375,0.6065591225781178,29,0.7268474049000425,-1.3832272242371564,-1.1158724990873263,21.06094585415741,-0.3458068060592891,-0.2789681247718316,5.2652364635393525,25.23759559293928,6.30939889823482,,,
16981,0.09075282320746379,-0.43215489618503705,0.7002213319933706,33,0.8345214390741665,3.151119527409558,-15.005282305336857,24.313085089473812,0.7877798818523895,-3.7513205763342143,6.078271272368453,28.97625340753321,7.244063351883303,,,
16999,-0.1894761019326371,-0.18101050051588588,1.0450085422737017,31,1.2699465318587924,-6.578989211305025,-6.28504659891259,36.28478660482747,-1.6447473028262563,-1.5712616497281475,9.071196651206867,44.09508347920099,11.023770869800247,,,
17001,-0.09653676385694,-0.10658000701033643,0.6438651282025531,28,0.7416312860471251,-3.351949514640671,-3.700671003412902,22.35628498144905,-0.8379873786601677,-0.9251677508532254,5.589071245362263,25.75092151412828,6.43773037853207,,,
17024,0.24305435993149635,-0.09543058129670949,0.718652849242507,24,0.8844714950226963,8.439333485541416,-3.313540643784347,24.95306423139833,2.109833371385354,-0.8283851609460867,6.238266057849582,30.710619250178063,7.677654812544516,,,
17052,-0.01067925652365518,0.005182963050399563,0.34086396988639267,27,0.4138219903527615,-0.3708051450143552,0.17996284303597362,11.835478762395327,-0.0927012862535888,0.044990710758993406,2.958869690598832,14.368727149028587,3.5921817872571467,,,
17067,0.0951908275787354,-0.19759405964290758,0.617341035513946,26,0.6770589699985888,3.3052159151888505,-6.8608609389210375,21.435315435115236,0.8263039787972126,-1.7152152347302594,5.358828858778809,23.508841556291003,5.877210389072751,,,
17109,0.02759949220384165,-0.11767818918405204,0.4589882278281446,23,0.5157892165588706,0.9583095683017898,-4.086022084848655,15.936989246648837,0.23957739207544745,-1.0215055212121638,3.9842473116622092,17.909233177357105,4.477308294339276,,,
17135,0.22112786467750994,0.0935982253160498,0.8181174990481423,20,0.9542419451262215,7.6780017173325,3.2499175794238813,28.4066758019496,1.919500429333125,0.8124793948559703,7.1016689504874,33.133188818672664,8.283297204668166,,,
17143,0.06254731935632662,-0.16178328713275342,0.42056981856844483,21,0.5431672427718659,2.1717680226903733,-5.6174392958234645,14.603025240333542,0.5429420056725933,-1.4043598239558661,3.6507563100833855,18.85985300352473,4.7149632508811825,,,
17144,-0.13824876746224662,-0.11058438024730051,1.106690171529915,21,1.2951677398550219,-4.800273703824128,-3.8397108509467683,38.426496135861704,-1.200068425956032,-0.9599277127366921,9.606624033965426,44.97081426324607,11.242703565811517,,,
17154,-0.10795843448489999,-0.1772210791056083,2.663455361627925,19,3.457779853370984,-3.7485327621846976,-6.153470308704931,92.48049706644481,-0.9371331905461744,-1.5383675771762328,23.120124266611203,120.06103206874731,30.015258017186827,,,
weighted_mean,0.0043743377400194475,-0.09330106564381553,0.09340355282822668,198431,0.8918063712180386,0.15188575500895526,-3.239599601284563,3.243158161301687,0.037971438752238816,-0.8098999003211408,0.8107895403254217,30.965300821432738,7.7413252053581845,4.3148519623807625e-13,1.3731731108907215e-23,0.9945852355600311
